score_id,mean_method,block,model,C,l1_ratio,log_loss,brier,roc_auc,accuracy,n,fold_sd,selection_score
RIDGE_EVENT_A0.1__RATE100,S_MEAN,DISTRIBUTION,LOGISTIC_ENET,0.1,0.75,0.6847411921940105,0.24583765462094492,0.5757039420756236,0.5381165919282511,446,0.00899802788351555,0.6856409949823621
RIDGE_EVENT_A0.01__RATE100,S_MEAN,DISTRIBUTION,LOGISTIC_ENET,0.1,0.75,0.6847438393180648,0.24583897341252153,0.575784392598552,0.5381165919282511,446,0.00899407007874032,0.6856432463259389
RIDGE_EVENT_A0.1__RATE100,S_MEAN,DISTRIBUTION,LOGISTIC_ENET,0.03,0.25,0.6852987323765297,0.24610453570606436,0.5777554304102976,0.5538116591928252,446,0.008082950782653859,0.6861070274547951
RIDGE_EVENT_A0.01__RATE100,S_MEAN,DISTRIBUTION,LOGISTIC_ENET,0.03,0.25,0.6853004774371296,0.2461053939183113,0.577815768302494,0.5538116591928252,446,0.008079342084384683,0.6861084116455681
LW_STANDARD__RATE100,S_MEAN,DISTRIBUTION,LOGISTIC_ENET,0.1,0.75,0.6853765622933127,0.24614318222213358,0.5757039420756235,0.5336322869955157,446,0.008929576180828623,0.6862695199113955
RIDGE_EVENT_A0.1__RATE100,S_MEAN,DISTRIBUTION,LOGISTIC_ENET,0.1,0.5,0.6853277689811625,0.24613719332107611,0.5710579243765084,0.5403587443946188,446,0.009727864550293525,0.686300555436192
RIDGE_EVENT_A0.01__RATE100,S_MEAN,DISTRIBUTION,LOGISTIC_ENET,0.1,0.5,0.685330569676588,0.24613859707107294,0.5710176991150443,0.5403587443946188,446,0.009722887475769071,0.6863028584241649
LW_STANDARD__RATE100,S_MEAN,DISTRIBUTION,LOGISTIC_ENET,0.03,0.25,0.6857304047904839,0.24631367586982836,0.5787007240547064,0.5403587443946188,446,0.008284089118554926,0.6865588137023394
LW_STANDARD__RATE100,S_MEAN,DISTRIBUTION,LOGISTIC_ENET,0.1,0.5,0.6859869449142046,0.24644392660066997,0.5708366854384553,0.5201793721973094,446,0.008900165722202764,0.686876961486425
POWER_OBP__RATE100,S_K5,DISTRIBUTION,LOGISTIC_ENET,0.1,0.75,0.6854832636710999,0.24618478315518688,0.5739541432019308,0.5426008968609866,446,0.014284304667041982,0.6869116941378041
POWER_OBP__RATE100,S_K5,DISTRIBUTION,LOGISTIC_ENET,0.03,0.25,0.6861107078269066,0.24650300982741524,0.5737329042638777,0.531390134529148,446,0.011824502953616577,0.6872931581222683
POWER_OBP__RATE100,S_MEAN,DISTRIBUTION,LOGISTIC_ENET,0.1,0.75,0.6865742397156485,0.246736662482421,0.5724054706355591,0.5448430493273543,446,0.010423390291001451,0.6876165787447486
POWER_OBP__RATE100,S_MEAN,DISTRIBUTION,LOGISTIC_ENET,0.03,0.25,0.6868431201997223,0.24686754941452013,0.5737932421560741,0.5560538116591929,446,0.008834823490332646,0.6877266025487555
RIDGE_EVENT_A0.1__RATE100,S_MEAN,DISTRIBUTION,LOGISTIC_ENET,0.03,0.5,0.6872007209210045,0.2470385504572538,0.588083266291231,0.5582959641255605,446,0.006800411053199125,0.6878807620263244
RIDGE_EVENT_A0.01__RATE100,S_MEAN,DISTRIBUTION,LOGISTIC_ENET,0.03,0.5,0.6872026387848634,0.2470394943501464,0.5880229283990347,0.5582959641255605,446,0.006799119011175468,0.6878825506859809
POWER_OBP__RATE100,S_K10,DISTRIBUTION,LOGISTIC_ENET,0.03,0.25,0.686584655393978,0.24674042370594498,0.5685840707964601,0.5381165919282511,446,0.013616938670282039,0.6879463492610062
POWER_OBP__RATE100,PREV_K10,DISTRIBUTION,LOGISTIC_ENET,0.03,0.25,0.686584655393978,0.24674042370594498,0.5685840707964601,0.5381165919282511,446,0.013616938670282039,0.6879463492610062
POWER_OBP__RATE100,S_MEAN,DISTRIBUTION,LOGISTIC_ENET,0.1,0.5,0.6867461890289063,0.2468198247952875,0.5691874497184232,0.531390134529148,446,0.012002942718603311,0.6879464833007666
POWER_OBP__RATE100,S_K5,DISTRIBUTION,LOGISTIC_ENET,0.03,0.5,0.6872086978252497,0.2470447028448542,0.5779465004022526,0.5426008968609866,446,0.007682253666570513,0.6879769231919068
POWER_OBP__RATE100,S_K10,DISTRIBUTION,LOGISTIC_ENET,0.03,0.5,0.6871214388515264,0.24700314334612047,0.5809734513274336,0.5426008968609866,446,0.008611316569243507,0.6879825705084508
POWER_OBP__RATE100,PREV_K10,DISTRIBUTION,LOGISTIC_ENET,0.03,0.5,0.6871214388515264,0.24700314334612047,0.5809734513274336,0.5426008968609866,446,0.008611316569243507,0.6879825705084508
LW_STANDARD__RATE100,S_MEAN,DISTRIBUTION,LOGISTIC_ENET,0.03,0.5,0.6873280823875377,0.24710032051738784,0.5851065969428801,0.5605381165919282,446,0.006832579106349092,0.6880113402981727
LW_STANDARD__RATE075,S_MEAN,DISTRIBUTION,LOGISTIC_ENET,0.03,0.25,0.6872459132894433,0.24706605840573637,0.5680611423974256,0.5515695067264574,446,0.00821065495109739,0.688066978784553
LW_STANDARD__RATE075,S_MEAN,DISTRIBUTION,LOGISTIC_ENET,0.1,0.75,0.6872166240093246,0.24705270669758997,0.5658286403861625,0.5426008968609866,446,0.009570672553184001,0.688173691264643
RIDGE_EVENT_A0.1__RATE075,S_MEAN,DISTRIBUTION,LOGISTIC_ENET,0.03,0.25,0.687504191976855,0.24720045906424512,0.5646822204344328,0.5403587443946188,446,0.007571527921672341,0.6882613447690222
RIDGE_EVENT_A0.01__RATE075,S_MEAN,DISTRIBUTION,LOGISTIC_ENET,0.03,0.25,0.6875053235422969,0.24720101757940854,0.5646017699115045,0.5403587443946188,446,0.007571071672903854,0.6882624307095873
RIDGE_EVENT_A0.01__RATE100,S_MEAN,DISTRIBUTION,LOGISTIC_L2,0.01,,0.6873642563843857,0.24713531352395413,0.560076427996782,0.531390134529148,446,0.009860251950108064,0.6883502815793965
RIDGE_EVENT_A0.1__RATE100,S_MEAN,DISTRIBUTION,LOGISTIC_L2,0.01,,0.6873640202129835,0.24713518446022575,0.5600965406275141,0.531390134529148,446,0.009862735652154371,0.6883502937781989
POWER_OBP__RATE100,PREV_K10,DISTRIBUTION,LOGISTIC_ENET,0.1,0.75,0.6868503209395506,0.24685466030082953,0.5672968624296058,0.5403587443946188,446,0.016640612924694743,0.68851438223202
POWER_OBP__RATE100,S_K10,DISTRIBUTION,LOGISTIC_ENET,0.1,0.75,0.6868503209395506,0.24685466030082953,0.5672968624296058,0.5403587443946188,446,0.016640612924694743,0.68851438223202
RIDGE_EVENT_A0.1__RATE075,S_MEAN,DISTRIBUTION,LOGISTIC_ENET,0.1,0.75,0.6876946059579166,0.24730424197436063,0.5613636363636363,0.547085201793722,446,0.008834348811667489,0.6885780408390834
RIDGE_EVENT_A0.01__RATE075,S_MEAN,DISTRIBUTION,LOGISTIC_ENET,0.1,0.75,0.6876967762193379,0.2473053119008703,0.5613636363636364,0.547085201793722,446,0.008833196187265632,0.6885800958380645
RIDGE_EVENT_A0.1__RATE100,S_MEAN,DISTRIBUTION,LOGISTIC_ENET,0.1,0.25,0.6876514363445572,0.2472959140836756,0.5574416733708769,0.515695067264574,446,0.010320054314834386,0.6886834417760406
RIDGE_EVENT_A0.01__RATE100,S_MEAN,DISTRIBUTION,LOGISTIC_ENET,0.1,0.25,0.6876547823782889,0.24729761336635342,0.5574014481094127,0.515695067264574,446,0.010316235015178452,0.6886864058798068
POWER_OBP__RATE100,S_MEAN,DISTRIBUTION,LOGISTIC_ENET,0.03,0.5,0.6880581104439182,0.24746361768957414,0.5829143201930813,0.5560538116591929,446,0.006402040434366481,0.6886983144873549
LW_STANDARD__RATE100,S_MEAN,DISTRIBUTION,LOGISTIC_L2,0.01,,0.687871948348286,0.24738315516691994,0.560277554304103,0.515695067264574,446,0.009534301607754647,0.6888253785090614
LW_STANDARD__RATE075,S_MEAN,DISTRIBUTION,LOGISTIC_ENET,0.1,0.5,0.6876781730227559,0.2472785432773151,0.5623491552695092,0.5403587443946188,446,0.011596018478922986,0.6888377748706482
POWER_OBP__RATE075,S_MEAN,DISTRIBUTION,LOGISTIC_ENET,0.03,0.25,0.6880700394007793,0.2474790278793707,0.5627514078841512,0.5358744394618834,446,0.008501331120212233,0.6889201725128005
LW_STANDARD__RATE100,S_MEAN,DISTRIBUTION,LOGISTIC_ENET,0.1,0.25,0.6880515002710849,0.24746237129650817,0.5590104585679807,0.5134529147982063,446,0.008792890447695661,0.6889307893158544
POWER_OBP__RATE075,S_MEAN,DISTRIBUTION,LOGISTIC_ENET,0.1,0.75,0.6879285241951812,0.2474121137630194,0.562691069991955,0.5426008968609866,446,0.01056568744683711,0.688985092939865
RIDGE_EVENT_A0.01__RATE100,S_MEAN,DISTRIBUTION,LOGISTIC_L2,0.003,,0.6883044455277104,0.24758880965005173,0.5672968624296059,0.531390134529148,446,0.008261637592251233,0.6891306092869356
RIDGE_EVENT_A0.1__RATE100,S_MEAN,DISTRIBUTION,LOGISTIC_L2,0.003,,0.6883043301715498,0.24758875339994307,0.5672566371681416,0.531390134529148,446,0.008263155948707851,0.6891306457664206
RIDGE_EVENT_A0.1__RATE100,S_MEAN,DISTRIBUTION,LOGISTIC_L2,0.03,,0.6881792135332481,0.24756274835535239,0.5522928399034595,0.5112107623318386,446,0.010817201994014217,0.6892609337326495
RIDGE_EVENT_A0.01__RATE100,S_MEAN,DISTRIBUTION,LOGISTIC_L2,0.03,,0.6881805929766205,0.24756348034747833,0.5522727272727274,0.5112107623318386,446,0.01081421989181096,0.6892620149658015
POWER_OBP__RATE100,S_MEAN,DISTRIBUTION,LOGISTIC_ENET,0.1,0.25,0.6880676385459489,0.24747202534951843,0.5593322606596942,0.5246636771300448,446,0.012675523976661282,0.6893351909436151
POWER_OBP__RATE100,S_MEAN,DISTRIBUTION,LOGISTIC_L2,0.01,,0.6882836671071269,0.24758778342379756,0.5582260659694288,0.5336322869955157,446,0.010759379732620433,0.6893596050803888
LW_STANDARD__RATE100,S_MEAN,DISTRIBUTION,LOGISTIC_L2,0.003,,0.6885426033905668,0.24770670923971136,0.5672767497988737,0.5201793721973094,446,0.00823239033682505,0.6893658424242494
LW_STANDARD__RATE075,S_MEAN,DISTRIBUTION,LOGISTIC_ENET,0.03,0.5,0.6887584464542804,0.2478118469019843,0.5770816572807723,0.5515695067264574,446,0.0061173540165145425,0.6893701818559319
RIDGE_EVENT_A0.1__RATE075,S_MEAN,DISTRIBUTION,LOGISTIC_ENET,0.1,0.5,0.6884222686118674,0.24766185672883784,0.5587288817377314,0.5493273542600897,446,0.011072277241645037,0.6895294963360319
TOTAL_BASE_PLUS__RATE100,S_MEAN,ORDER,LOGISTIC_L2,0.003,,0.6886056320603837,0.24774143816732944,0.5628117457763475,0.5336322869955157,446,0.009259497819004557,0.6895315818422841
RIDGE_EVENT_A0.01__RATE075,S_MEAN,DISTRIBUTION,LOGISTIC_ENET,0.1,0.5,0.6884243274693195,0.24766285960581944,0.5587691069991955,0.5493273542600897,446,0.011072664569318024,0.6895315939262513
TOTAL_BASE_PLUS__RATE100,S_MEAN,DISTRIBUTION,LOGISTIC_L2,0.003,,0.688707236361268,0.2477897955840234,0.5661906677393402,0.5381165919282511,446,0.008514930181721217,0.6895587293794401
POWER_OBP__RATE075,S_MEAN,DISTRIBUTION,LOGISTIC_ENET,0.1,0.5,0.68826577028036,0.24757192571828185,0.5641995172968625,0.547085201793722,446,0.013000979756852797,0.6895658682560453
POWER_OBP__RATE100,S_MEAN,DISTRIBUTION,LOGISTIC_L2,0.003,,0.6887424909585628,0.24780724354174286,0.5656878519710379,0.5336322869955157,446,0.008479948947397004,0.6895904858533025
RIDGE_EVENT_A0.1__RATE075,S_MEAN,DISTRIBUTION,LOGISTIC_ENET,0.03,0.5,0.6890228269537965,0.24794409500835332,0.5789923572003218,0.5426008968609866,446,0.0059383506686206825,0.6896166620206585
RIDGE_EVENT_A0.01__RATE075,S_MEAN,DISTRIBUTION,LOGISTIC_ENET,0.03,0.5,0.6890243864469137,0.24794486851278666,0.5790124698310538,0.5426008968609866,446,0.005936884541077868,0.6896180749010214
TOTAL_BASE_PLUS__RATE100,S_MEAN,DISTRIBUTION,LOGISTIC_ENET,0.03,0.25,0.6888946984072276,0.24788634345393978,0.5641794046661304,0.5336322869955157,446,0.007860629234815045,0.6896807613307091
TOTAL_BASE_PLUS__RATE100,S_MEAN,DISTRIBUTION,LOGISTIC_L2,0.01,,0.6885814945395314,0.2477338645497821,0.55804505229284,0.5291479820627802,446,0.01111491341545346,0.6896929858810767
RIDGE_EVENT_A0.1__RATE075,S_MEAN,DISTRIBUTION,LOGISTIC_L2,0.01,,0.6887053653599625,0.2477965603849585,0.5537007240547063,0.5448430493273543,446,0.010181855552764114,0.689723550915239
RIDGE_EVENT_A0.01__RATE075,S_MEAN,DISTRIBUTION,LOGISTIC_L2,0.01,,0.6887058094528286,0.24779678577238792,0.5536806114239742,0.5448430493273543,446,0.010180814755911477,0.6897238909284197
LW_STANDARD__RATE075,S_MEAN,DISTRIBUTION,LOGISTIC_L2,0.01,,0.6887044023729292,0.24779260952187712,0.5538012872083669,0.547085201793722,446,0.010354313470585219,0.6897398337199877
POWER_OBP__RATE075,S_MEAN,DISTRIBUTION,LOGISTIC_L2,0.01,,0.6886662482279916,0.24777661633406106,0.5563958165728078,0.5426008968609866,446,0.011323660264796006,0.6897986142544712
TOTAL_BASE_PLUS__RATE100,S_MEAN,DISTRIBUTION,LOGISTIC_ENET,0.1,0.75,0.6888922247791278,0.24788618935968182,0.562510056315366,0.5358744394618834,446,0.009638977938777205,0.6898561225730055
RIDGE_EVENT_A0.1__RATE075,S_MEAN,DISTRIBUTION,LOGISTIC_L2,0.003,,0.6890563092986488,0.24796183528619223,0.5597747385358005,0.5336322869955157,446,0.008037387113281636,0.689860048009977
RIDGE_EVENT_A0.01__RATE075,S_MEAN,DISTRIBUTION,LOGISTIC_L2,0.003,,0.6890565116580261,0.24796193593112728,0.5597345132743363,0.5336322869955157,446,0.008036432727082222,0.6898601549307343
LW_STANDARD__RATE100,S_MEAN,DISTRIBUTION,LOGISTIC_L2,0.03,,0.6888939278111521,0.24789831971137763,0.5514682220434433,0.5201793721973094,446,0.009842665626994214,0.6898781943738516
LW_STANDARD__RATE075,S_MEAN,DISTRIBUTION,LOGISTIC_L2,0.003,,0.6890562354866647,0.24796125664174637,0.5612228479485117,0.531390134529148,446,0.008233064456821825,0.6898795419323469
POWER_OBP__RATE075,S_MEAN,DISTRIBUTION,LOGISTIC_ENET,0.03,0.5,0.6893009437445282,0.2480826428984655,0.572596540627514,0.5493273542600897,446,0.005824538604365728,0.6898833976049648
POWER_OBP__RATE075,S_MEAN,DISTRIBUTION,LOGISTIC_L2,0.003,,0.689033725992944,0.24795162192202774,0.561906677393403,0.5269058295964125,446,0.008541659800082162,0.6898878919729522
POWER_OBP__RATE100,S_K5,DISTRIBUTION,LOGISTIC_ENET,0.1,0.5,0.6882079790855142,0.247491559230101,0.5638777152051488,0.5381165919282511,446,0.016905146352937224,0.6898984937208079
TOTAL_BASE_PLUS__RATE100,S_K5,DISTRIBUTION,LOGISTIC_ENET,0.03,0.25,0.6888802671266121,0.24787609447547337,0.5595736122284795,0.5291479820627802,446,0.010374795217392485,0.6899177466483514
TOTAL_BASE_PLUS__RATE075,S_MEAN,DISTRIBUTION,LOGISTIC_L2,0.003,,0.6890726530010493,0.24797118319205846,0.5613435237329042,0.531390134529148,446,0.00845884379035106,0.6899185373800844
POWER_OBP__RATE100,S_MEAN,ORDER,LOGISTIC_L2,0.003,,0.6890877003044841,0.24798101926272015,0.5591512469831054,0.5291479820627802,446,0.009260118848814801,0.6900137121893656
TOTAL_BASE_PLUS__RATE075,S_MEAN,ORDER,LOGISTIC_L2,0.003,,0.689109066838098,0.24799112072274018,0.5601166532582462,0.5426008968609866,446,0.009048209457603694,0.6900138877838584
RIDGE_EVENT_A0.01__RATE100,S_MEAN,ORDER,LOGISTIC_L2,0.003,,0.6890651967389553,0.2479693184144971,0.5590909090909091,0.5291479820627802,446,0.009640605907217414,0.690029257329677
RIDGE_EVENT_A0.1__RATE100,S_MEAN,ORDER,LOGISTIC_L2,0.003,,0.6890656887931983,0.24796956342772383,0.5591311343523733,0.5291479820627802,446,0.009640315558431145,0.6900297203490414
TOTAL_BASE_PLUS__RATE075,S_MEAN,DISTRIBUTION,LOGISTIC_ENET,0.03,0.25,0.6892606421304858,0.2480678840916363,0.5558728881737731,0.531390134529148,446,0.007814910026554706,0.6900421331331412
POWER_OBP__RATE100,S_K5,DISTRIBUTION,LOGISTIC_L2,0.003,,0.6889837971833885,0.2479294264243083,0.558467417538214,0.5336322869955157,446,0.011229311599731003,0.6901067283433616
LW_STANDARD__RATE100,S_MEAN,ORDER,LOGISTIC_L2,0.003,,0.6891586090319956,0.24801592680889098,0.5583065164923573,0.5291479820627802,446,0.009814062204574255,0.6901400152524529
RIDGE_EVENT_A0.1__RATE100,S_MEAN,FULL,LOGISTIC_ENET,0.03,0.5,0.6893344053387133,0.24810226692186765,0.5570897023330652,0.5448430493273543,446,0.008208046290375307,0.6901552099677508
RIDGE_EVENT_A0.01__RATE100,S_MEAN,FULL,LOGISTIC_ENET,0.03,0.5,0.6893363368292519,0.24810322337397409,0.5570494770716009,0.5448430493273543,446,0.008206441595378667,0.6901569809887897
TOTAL_BASE_PLUS__RATE075,S_MEAN,DISTRIBUTION,LOGISTIC_L2,0.01,,0.6890572655391481,0.2479712447396997,0.553419147224457,0.547085201793722,446,0.011122346025742596,0.6901695001417224
TOTAL_BASE_PLUS__RATE100,S_MEAN,DISTRIBUTION,LOGISTIC_ENET,0.1,0.5,0.6890210041872323,0.24794325701150113,0.5655068382944489,0.5403587443946188,446,0.011897710811809528,0.6902107752684132
RIDGE_EVENT_A0.01__RATE100,S_MEAN,FULL,LOGISTIC_L2,0.001,,0.6894089553875039,0.24813643782309974,0.5621882542236525,0.5291479820627802,446,0.00837229259701298,0.6902461846472052
RIDGE_EVENT_A0.1__RATE100,S_MEAN,FULL,LOGISTIC_L2,0.001,,0.6894090068954712,0.24813646357457914,0.5622284794851167,0.5291479820627802,446,0.008372747452296483,0.6902462816407009
TOTAL_BASE_PLUS__RATE100,S_MEAN,FULL,LOGISTIC_L2,0.001,,0.6894299757515306,0.24814758108570023,0.5620273531777956,0.531390134529148,446,0.008218349610180784,0.6902518107125487
LW_STANDARD__RATE100,S_MEAN,FULL,LOGISTIC_ENET,0.03,0.5,0.6894982694541527,0.24818211130941076,0.5565265486725663,0.5381165919282511,446,0.008087159626999267,0.6903069854168526
POWER_OBP__RATE100,PREV_K10,DISTRIBUTION,LOGISTIC_L2,0.003,,0.6891220898601358,0.24799907087184805,0.554646017699115,0.5269058295964125,446,0.011957500193300313,0.6903178398794658
POWER_OBP__RATE100,S_K10,DISTRIBUTION,LOGISTIC_L2,0.003,,0.6891220898601358,0.24799907087184805,0.554646017699115,0.5269058295964125,446,0.011957500193300313,0.6903178398794658
LW_STANDARD__RATE100,S_MEAN,FULL,LOGISTIC_L2,0.001,,0.689475145053514,0.24816898830010212,0.5628921962992759,0.5224215246636771,446,0.008534085545361279,0.6903285536080501
POWER_OBP__RATE100,S_K10,FULL,LOGISTIC_ENET,0.03,0.5,0.68924299620718,0.24806019065713836,0.5511665325824617,0.5291479820627802,446,0.01117630877339035,0.6903606270845191
POWER_OBP__RATE100,PREV_K10,FULL,LOGISTIC_ENET,0.03,0.5,0.68924299620718,0.24806019065713836,0.5511665325824617,0.5291479820627802,446,0.01117630877339035,0.6903606270845191
TOTAL_BASE_PLUS__RATE100,S_K5,DISTRIBUTION,LOGISTIC_L2,0.003,,0.6892436742416281,0.24805897726717818,0.5569589702333065,0.5291479820627802,446,0.011212197768319741,0.6903648940184601
TOTAL_BASE_PLUS__RATE100,S_K5,DISTRIBUTION,LOGISTIC_ENET,0.1,0.75,0.6890861781268949,0.2479642417224114,0.5609211584875302,0.5381165919282511,446,0.012893685120098825,0.6903755466389048
TOTAL_BASE_PLUS__RATE100,S_MEAN,DISTRIBUTION,LOGISTIC_ENET,0.03,0.5,0.6898594504090132,0.24835970204860974,0.5683628318584071,0.5291479820627802,446,0.005351282720642117,0.6903945786810775
POWER_OBP__RATE100,S_MEAN,FULL,LOGISTIC_L2,0.001,,0.6896145130911384,0.2482390678076774,0.5605390185036203,0.531390134529148,446,0.008270192279303123,0.6904415323190687
TOTAL_BASE_PLUS__RATE100,S_K5,DISTRIBUTION,LOGISTIC_ENET,0.03,0.5,0.6898137446157376,0.24833880138731598,0.5661705551086083,0.5269058295964125,446,0.006349178768274143,0.6904486624925651
TOTAL_BASE_PLUS__RATE075,S_MEAN,DISTRIBUTION,LOGISTIC_ENET,0.1,0.75,0.6894974031494737,0.2481856430450083,0.5554102976669348,0.5336322869955157,446,0.009522665744169262,0.6904496697238907
POWER_OBP__RATE075,S_MEAN,ORDER,LOGISTIC_L2,0.003,,0.6895525773490657,0.248211920172158,0.5569790828640386,0.531390134529148,446,0.00899470500345307,0.690452047849411
TOTAL_BASE_PLUS__RATE075,S_MEAN,FULL,LOGISTIC_L2,0.001,,0.6897019463872414,0.24828215600639228,0.5612027353177795,0.5381165919282511,446,0.008168173389620802,0.6905187637262035
RIDGE_EVENT_A0.01__RATE075,S_MEAN,ORDER,LOGISTIC_L2,0.003,,0.6896003771280088,0.2482352930487272,0.5548873692679002,0.5381165919282511,446,0.009287239525143627,0.6905291010805231
RIDGE_EVENT_A0.1__RATE075,S_MEAN,ORDER,LOGISTIC_L2,0.003,,0.6896008289725833,0.24823551834047689,0.5548672566371681,0.5381165919282511,446,0.009286924071116314,0.690529521379695
RIDGE_EVENT_A0.1__RATE100,S_MEAN,FULL,LOGISTIC_L2,0.003,,0.689457620543495,0.24816505446188117,0.5505229283990347,0.5336322869955157,446,0.010802812218613587,0.6905379017653563
RIDGE_EVENT_A0.01__RATE100,S_MEAN,FULL,LOGISTIC_L2,0.003,,0.689457775103637,0.2481651389107627,0.5505028157683025,0.5336322869955157,446,0.01080201188781615,0.6905379762924186
TOTAL_BASE_PLUS__RATE100,S_K5,ORDER,LOGISTIC_L2,0.003,,0.6895740828654611,0.2482271980116832,0.5485518905872888,0.5381165919282511,446,0.009855928356072753,0.6905596757010684
TOTAL_BASE_PLUS__RATE100,S_MEAN,ORDER,LOGISTIC_L2,0.001,,0.6898754234094165,0.2483684606053437,0.5652252614641995,0.5291479820627802,446,0.0068710999643207754,0.6905625334058486
POWER_OBP__RATE100,S_K5,ORDER,LOGISTIC_L2,0.003,,0.6895814105192216,0.2482303277777392,0.5495374094931617,0.5426008968609866,446,0.009876669395266758,0.6905690774587483
TOTAL_BASE_PLUS__RATE050,S_MEAN,DISTRIBUTION,LOGISTIC_L2,0.003,,0.6897293625884359,0.24829835853289997,0.5564963797264683,0.5224215246636771,446,0.008486941333805122,0.6905780567218164
LW_STANDARD__RATE075,S_MEAN,ORDER,LOGISTIC_L2,0.003,,0.6896583403355219,0.24826428413059684,0.5552091713596139,0.5358744394618834,446,0.009433805363223446,0.6906017208718442
POWER_OBP__RATE100,S_MEAN,DISTRIBUTION,LOGISTIC_L2,0.03,,0.6893861075680231,0.24813956124268854,0.5498592115848754,0.5269058295964125,446,0.012478284679026156,0.6906339360359257
LW_STANDARD__RATE075,S_MEAN,FULL,LOGISTIC_L2,0.001,,0.6897983003598341,0.24832902162737286,0.5618262268704747,0.5269058295964125,446,0.008362162414534982,0.6906345166012876
RIDGE_EVENT_A0.01__RATE075,S_MEAN,FULL,LOGISTIC_L2,0.001,,0.6898427519835006,0.24835159298191026,0.5607602574416733,0.5179372197309418,446,0.008112437800675353,0.6906539957635682
RIDGE_EVENT_A0.1__RATE075,S_MEAN,FULL,LOGISTIC_L2,0.001,,0.6898428076742857,0.24835162106078287,0.5608004827031375,0.5179372197309418,446,0.008112673944987686,0.6906540750687845
TOTAL_BASE_PLUS__RATE050,S_MEAN,ORDER,LOGISTIC_L2,0.003,,0.6897886490958178,0.24832891631529716,0.5553298471440065,0.5358744394618834,446,0.008733157944387468,0.6906619648902566
POWER_OBP__RATE075,S_MEAN,FULL,LOGISTIC_L2,0.001,,0.6898425079509937,0.2483518528149473,0.5603177795655672,0.5358744394618834,446,0.008203836716049063,0.6906628916225985
POWER_OBP__RATE100,S_K5,FULL,LOGISTIC_ENET,0.03,0.5,0.6896848025001565,0.24827710513081003,0.5516693483507643,0.5291479820627802,446,0.010058178656064343,0.6906906203657629
POWER_OBP__RATE100,S_K5,FULL,LOGISTIC_L2,0.001,,0.689718350165946,0.2482940080663415,0.5481697506033789,0.5134529147982063,446,0.009794881086741652,0.6906978382746202
POWER_OBP__RATE100,PREV_K10,SLOTS,LOGISTIC_ENET,0.03,0.5,0.6900151375930033,0.24843959664720663,0.5687047465808528,0.5246636771300448,446,0.006872835156812585,0.6907024211086845
POWER_OBP__RATE100,S_K10,SLOTS,LOGISTIC_ENET,0.03,0.5,0.6900151375930033,0.24843959664720663,0.5687047465808528,0.5246636771300448,446,0.006872835156812585,0.6907024211086845
POWER_OBP__RATE100,S_K10,FULL,LOGISTIC_L2,0.001,,0.6896851455815467,0.24827873842850517,0.5472043443282382,0.5112107623318386,446,0.01037333897705722,0.6907224794792525
POWER_OBP__RATE100,PREV_K10,FULL,LOGISTIC_L2,0.001,,0.6896851455815467,0.24827873842850517,0.5472043443282382,0.5112107623318386,446,0.01037333897705722,0.6907224794792525
LW_STANDARD__RATE100,S_MEAN,FULL,LOGISTIC_L2,0.003,,0.6896236063435127,0.2482454551038497,0.5491753821399838,0.5448430493273543,446,0.011008258580695526,0.6907244322015823
POWER_OBP__RATE100,S_K10,ORDER,LOGISTIC_L2,0.003,,0.6897084005291758,0.24829464443908011,0.5447304907481899,0.5426008968609866,446,0.010233317994126521,0.6907317323285884
POWER_OBP__RATE100,PREV_K10,ORDER,LOGISTIC_L2,0.003,,0.6897084005291758,0.24829464443908011,0.5447304907481899,0.5426008968609866,446,0.010233317994126521,0.6907317323285884
TOTAL_BASE_PLUS__RATE075,S_MEAN,DISTRIBUTION,LOGISTIC_ENET,0.03,0.5,0.690222278471434,0.24854101853343039,0.5660699919549477,0.531390134529148,446,0.005196264397297202,0.6907419049111637
TOTAL_BASE_PLUS__RATE100,S_MEAN,MEAN,LOGISTIC_ENET,0.03,0.25,0.6897740256621673,0.2483328149377507,0.5543041029766693,0.5246636771300448,446,0.010037754997336305,0.6907778011619009
POWER_OBP__RATE100,S_K5,FULL,LOGISTIC_ENET,0.03,0.75,0.6901050464004554,0.24848473284332084,0.5558125502815768,0.5224215246636771,446,0.007073881067447219,0.6908124345072002
TOTAL_BASE_PLUS__RATE100,S_MEAN,ORDER,LOGISTIC_L2,0.01,,0.6896747651687133,0.24828738912895468,0.5474054706355591,0.531390134529148,446,0.011723677774271902,0.6908471329461405
TOTAL_BASE_PLUS__RATE100,S_MEAN,MEAN,LOGISTIC_ENET,0.03,0.5,0.6901132788008099,0.2484870902093006,0.5744770716009653,0.5269058295964125,446,0.00743521373058173,0.6908568001738681
POWER_OBP__RATE100,S_MEAN,ORDER,LOGISTIC_L2,0.001,,0.6901719335726609,0.2485160585341666,0.56168543845535,0.5381165919282511,446,0.00686059665481219,0.6908579932381421
TOTAL_BASE_PLUS__RATE075,S_MEAN,ORDER,LOGISTIC_L2,0.001,,0.6901980295754643,0.24852906966705007,0.560901045856798,0.5269058295964125,446,0.00670160526635748,0.6908681901021
RIDGE_EVENT_A0.01__RATE100,S_MEAN,ORDER,LOGISTIC_L2,0.001,,0.6901578421651875,0.24850887011224496,0.5594529364440869,0.5336322869955157,446,0.007113399737231022,0.6908691821389106
RIDGE_EVENT_A0.1__RATE100,S_MEAN,ORDER,LOGISTIC_L2,0.001,,0.6901581413357173,0.24850901928644706,0.5594529364440869,0.5336322869955157,446,0.007113272628559045,0.6908694685985732
TOTAL_BASE_PLUS__RATE100,S_K5,FULL,LOGISTIC_L2,0.001,,0.6899133945592553,0.24839106290914753,0.5472244569589702,0.5224215246636771,446,0.009765784223993774,0.6908899729816547
POWER_OBP__RATE100,S_K5,DISTRIBUTION,LOGISTIC_ENET,0.03,0.75,0.6902087081602086,0.24853633581523274,0.5526649235720033,0.5246636771300448,446,0.00696401714188883,0.6909051098743975
TOTAL_BASE_PLUS__RATE100,S_MEAN,ORDER,LOGISTIC_ENET,0.03,0.25,0.6898932220845699,0.24839102664225196,0.5482099758648431,0.515695067264574,446,0.010144963425243514,0.6909077184270943
POWER_OBP__RATE075,S_MEAN,DISTRIBUTION,LOGISTIC_ENET,0.1,0.25,0.6894135729853154,0.24813312039044066,0.5560941271118263,0.5403587443946188,446,0.015150390308193892,0.6909286120161348
LW_STANDARD__RATE100,S_MEAN,ORDER,LOGISTIC_L2,0.001,,0.6902193432800997,0.24853947132818205,0.5595937248592115,0.5358744394618834,446,0.007192389455893812,0.690938582225689
RIDGE_EVENT_A0.1__RATE100,S_MEAN,DISTRIBUTION,LOGISTIC_L2,0.1,,0.6897926534127071,0.2483697625021947,0.5501407884151248,0.5067264573991032,446,0.011608297819906186,0.6909534831946977
RIDGE_EVENT_A0.01__RATE100,S_MEAN,DISTRIBUTION,LOGISTIC_L2,0.1,,0.689796455000533,0.24837169052378882,0.5500804505229284,0.5067264573991032,446,0.011606268395378417,0.6909570818400709
TOTAL_BASE_PLUS__RATE050,S_MEAN,FULL,LOGISTIC_L2,0.001,,0.6901558801435304,0.24850756287565964,0.5580651649235719,0.531390134529148,446,0.008091801433847757,0.6909650602869152
LW_STANDARD__RATE100,S_MEAN,DISTRIBUTION,LOGISTIC_ENET,0.03,0.75,0.6903639299126528,0.24861230605665932,0.5658185840707964,0.5269058295964125,446,0.006081553688107263,0.6909720852814636
RIDGE_EVENT_A0.1__RATE100,S_MEAN,DISTRIBUTION,LOGISTIC_L2,0.001,,0.6903704561119828,0.2486144701172375,0.5619267900241351,0.5403587443946188,446,0.006043143233632424,0.690974770435346
RIDGE_EVENT_A0.01__RATE100,S_MEAN,DISTRIBUTION,LOGISTIC_L2,0.001,,0.6903706390758345,0.24861456073517385,0.5619469026548672,0.5403587443946188,446,0.00604238980222777,0.6909748780560573
POWER_OBP__RATE100,S_K5,DISTRIBUTION,LOGISTIC_L2,0.001,,0.6902502323250927,0.2485559025075662,0.5580651649235719,0.5224215246636771,446,0.007480248794716421,0.6909982572045644
POWER_OBP__RATE100,S_K10,DISTRIBUTION,LOGISTIC_L2,0.001,,0.6902177455104119,0.24853990470748485,0.5563757039420756,0.5134529147982063,446,0.007848100623076143,0.6910025555727195
POWER_OBP__RATE100,PREV_K10,DISTRIBUTION,LOGISTIC_L2,0.001,,0.6902177455104119,0.24853990470748485,0.5563757039420756,0.5134529147982063,446,0.007848100623076143,0.6910025555727195
RIDGE_EVENT_A0.1__RATE100,S_MEAN,DISTRIBUTION,LOGISTIC_ENET,0.03,0.75,0.6903987991822795,0.24863023436846685,0.5578942075623491,0.5269058295964125,446,0.0060564123443157866,0.6910044404167112
RIDGE_EVENT_A0.01__RATE100,S_MEAN,DISTRIBUTION,LOGISTIC_ENET,0.03,0.75,0.690400436203991,0.24863104588201573,0.5578942075623491,0.5269058295964125,446,0.0060558340542794815,0.691006019609419
LW_STANDARD__RATE100,S_MEAN,FULL,LOGISTIC_ENET,0.03,0.75,0.6904432915592007,0.24865192293024488,0.5630631536604987,0.5269058295964125,446,0.006089179253621179,0.6910522094845628
LW_STANDARD__RATE100,S_MEAN,DISTRIBUTION,LOGISTIC_L2,0.001,,0.6904553203930234,0.24865667875227185,0.561484312148029,0.5403587443946188,446,0.0060755233329535105,0.6910628727263187
TOTAL_BASE_PLUS__RATE100,S_MEAN,FULL,LOGISTIC_L2,0.003,,0.6899886717457993,0.24843040473393327,0.5469026548672566,0.5515695067264574,446,0.010865844850795706,0.6910752562308788
TOTAL_BASE_PLUS__RATE100,S_MEAN,DISTRIBUTION,LOGISTIC_L2,0.001,,0.6904747212649175,0.24866679600441965,0.5613435237329043,0.5336322869955157,446,0.006019749518916179,0.6910766962168091
RIDGE_EVENT_A0.1__RATE100,S_MEAN,FULL,LOGISTIC_ENET,0.03,0.75,0.6904875773846515,0.24867455021621793,0.5516592920353982,0.5269058295964125,446,0.006068220513724126,0.6910943994360239
RIDGE_EVENT_A0.01__RATE100,S_MEAN,FULL,LOGISTIC_ENET,0.03,0.75,0.6904892061622763,0.24867535760869486,0.5516592920353982,0.5269058295964125,446,0.006067621993856933,0.691095968361662
LW_STANDARD__RATE075,S_MEAN,DISTRIBUTION,LOGISTIC_ENET,0.1,0.25,0.6898214815306493,0.24833033572512664,0.551609010458568,0.5381165919282511,446,0.012844657067835661,0.6911059472374328
TOTAL_BASE_PLUS__RATE075,S_MEAN,DISTRIBUTION,LOGISTIC_ENET,0.1,0.5,0.6899001746985249,0.24837475534795475,0.5583467417538215,0.5358744394618834,446,0.01208551548215616,0.6911087262467406
TOTAL_BASE_PLUS__RATE100,S_MEAN,ORDER,LOGISTIC_ENET,0.03,0.5,0.6903924480639652,0.24862637106929453,0.5693282381335478,0.5201793721973094,446,0.007206083249594747,0.6911130563889246
POWER_OBP__RATE100,S_K10,FULL,LOGISTIC_ENET,0.03,0.75,0.6903394923299756,0.24860215300056235,0.5646621078037006,0.5246636771300448,446,0.007760471227424296,0.6911155394527181
POWER_OBP__RATE100,PREV_K10,FULL,LOGISTIC_ENET,0.03,0.75,0.6903394923299756,0.24860215300056235,0.5646621078037006,0.5246636771300448,446,0.007760471227424296,0.6911155394527181
POWER_OBP__RATE100,S_MEAN,DISTRIBUTION,LOGISTIC_L2,0.001,,0.6905196302686084,0.24868912545021762,0.5597948511665327,0.5336322869955157,446,0.006048485147135962,0.691124478783322
TOTAL_BASE_PLUS__RATE100,S_K5,DISTRIBUTION,LOGISTIC_L2,0.001,,0.6903828613304827,0.24862206787209748,0.5563958165728077,0.515695067264574,446,0.007423299784534259,0.6911251913089361
POWER_OBP__RATE075,S_MEAN,ORDER,LOGISTIC_L2,0.001,,0.6904715939900803,0.24866535541235174,0.5575824617860017,0.5269058295964125,446,0.006667201723257607,0.691138314162406
POWER_OBP__RATE100,S_K5,ORDER,LOGISTIC_L2,0.001,,0.6904145374701022,0.24863785423695517,0.5553901850362026,0.5336322869955157,446,0.007312184080479246,0.6911457558781501
TOTAL_BASE_PLUS__RATE100,S_K5,ORDER,LOGISTIC_L2,0.001,,0.6904209102569369,0.24864124977706625,0.553821399839099,0.5336322869955157,446,0.007257260617723198,0.6911466363187092
POWER_OBP__RATE100,S_MEAN,FULL,LOGISTIC_L2,0.003,,0.6900742208748029,0.24847170326292214,0.5467819790828641,0.5381165919282511,446,0.010920299251433613,0.6911662507999462
TOTAL_BASE_PLUS__RATE100,S_MEAN,TAIL,LOGISTIC_ENET,0.03,0.5,0.6904648843680691,0.24866263422753507,0.5699919549477072,0.5179372197309418,446,0.007072289948008089,0.6911721133628699
LW_STANDARD__RATE075,S_MEAN,FULL,LOGISTIC_L2,0.003,,0.6900732530926129,0.24846408500083456,0.5489943684633951,0.5336322869955157,446,0.01105450831279019,0.6911787039238919
POWER_OBP__RATE100,S_MEAN,FULL,LOGISTIC_ENET,0.03,0.5,0.6903842884895924,0.24862232761490527,0.5524637972646822,0.5358744394618834,446,0.008038017637662705,0.6911880902533587
RIDGE_EVENT_A0.01__RATE075,S_MEAN,ORDER,LOGISTIC_L2,0.001,,0.6905045120374188,0.2486816212979606,0.5566975060337892,0.5291479820627802,446,0.00685865848810539,0.6911903778862294
RIDGE_EVENT_A0.1__RATE075,S_MEAN,ORDER,LOGISTIC_L2,0.001,,0.6905047811607448,0.24868175558893618,0.5566773934030571,0.5291479820627802,446,0.006858531565482812,0.691190634317293
TOTAL_BASE_PLUS__RATE050,S_MEAN,DISTRIBUTION,LOGISTIC_L2,0.01,,0.6900369557857128,0.248458135317961,0.5487530168946099,0.547085201793722,446,0.011666001942830595,0.6912035559799958
RIDGE_EVENT_A0.1__RATE075,S_MEAN,FULL,LOGISTIC_L2,0.003,,0.6901446739493622,0.24850133227562998,0.5484714400643604,0.5269058295964125,446,0.010620827059524114,0.6912067566553146
RIDGE_EVENT_A0.01__RATE075,S_MEAN,FULL,LOGISTIC_L2,0.003,,0.6901447641299514,0.2485013797699484,0.5484513274336283,0.5269058295964125,446,0.01062059444067151,0.6912068235740185
POWER_OBP__RATE100,PREV_K10,ORDER,LOGISTIC_L2,0.001,,0.6904627339085397,0.24866210300088484,0.5525543041029768,0.5358744394618834,446,0.007520272445234372,0.6912147611530631
POWER_OBP__RATE100,S_K10,ORDER,LOGISTIC_L2,0.001,,0.6904627339085397,0.24866210300088484,0.5525543041029768,0.5358744394618834,446,0.007520272445234372,0.6912147611530631
LW_STANDARD__RATE075,S_MEAN,ORDER,LOGISTIC_L2,0.001,,0.6905453049765689,0.24870191648829587,0.5560941271118263,0.5246636771300448,446,0.0069261643171812815,0.691237921408287
RIDGE_EVENT_A0.01__RATE100,S_MEAN,TAIL,LOGISTIC_L2,0.003,,0.6904387388921164,0.24865276018949986,0.5485518905872888,0.5179372197309418,446,0.008112239651947335,0.6912499628573111
RIDGE_EVENT_A0.1__RATE100,S_MEAN,TAIL,LOGISTIC_L2,0.003,,0.6904403064190018,0.24865353656532543,0.5485116653258246,0.5179372197309418,446,0.008112477333128977,0.6912515541523147
TOTAL_BASE_PLUS__RATE075,S_MEAN,DISTRIBUTION,LOGISTIC_L2,0.001,,0.6906699665264655,0.248763945463702,0.5583869670152856,0.531390134529148,446,0.005986805888492123,0.6912686471153148
RIDGE_EVENT_A0.01__RATE100,S_MEAN,MEAN,LOGISTIC_ENET,0.03,0.5,0.6905407229765033,0.24869960759463478,0.5705148833467417,0.5246636771300448,446,0.007308766332088395,0.6912715996097121
RIDGE_EVENT_A0.1__RATE100,S_MEAN,MEAN,LOGISTIC_ENET,0.03,0.5,0.6905414928715319,0.24869999126996067,0.5705349959774738,0.5246636771300448,446,0.007308305375151281,0.691272323409047
TOTAL_BASE_PLUS__RATE050,S_MEAN,ORDER,LOGISTIC_L2,0.001,,0.6906289786928934,0.24874378066826516,0.5567779565567176,0.5291479820627802,446,0.006449191570803414,0.6912738978499737
POWER_OBP__RATE075,S_MEAN,DISTRIBUTION,LOGISTIC_L2,0.001,,0.6906769346861757,0.24876738240706725,0.5588294448913917,0.5291479820627802,446,0.006020142583085533,0.6912789489444843
LW_STANDARD__RATE100,S_MEAN,TAIL,LOGISTIC_L2,0.003,,0.6905086062704969,0.24868753573814514,0.5466009654062751,0.5179372197309418,446,0.007920229885598366,0.6913006292590568
LW_STANDARD__RATE075,S_MEAN,DISTRIBUTION,LOGISTIC_L2,0.001,,0.690710718319945,0.24878376831958018,0.5582260659694288,0.5269058295964125,446,0.005967110334616702,0.6913074293534067
TOTAL_BASE_PLUS__RATE075,S_MEAN,MEAN,LOGISTIC_ENET,0.03,0.5,0.6906062719433034,0.24873234604982566,0.5743563958165728,0.5291479820627802,446,0.007054061504563013,0.6913116780937597
RIDGE_EVENT_A0.1__RATE075,S_MEAN,DISTRIBUTION,LOGISTIC_L2,0.001,,0.6907350471831363,0.24879598085985566,0.5572003218020917,0.5291479820627802,446,0.0058538006886179874,0.691320427251998
RIDGE_EVENT_A0.01__RATE075,S_MEAN,DISTRIBUTION,LOGISTIC_L2,0.001,,0.6907352216209016,0.24879606767265655,0.5572204344328238,0.5291479820627802,446,0.0058532162430612435,0.6913205432452078
RIDGE_EVENT_A0.01__RATE100,S_MEAN,MEAN,LOGISTIC_ENET,0.03,0.25,0.6903114291234826,0.24859994584394124,0.5485518905872888,0.5179372197309418,446,0.010145397170729098,0.6913259688405555
RIDGE_EVENT_A0.1__RATE100,S_MEAN,MEAN,LOGISTIC_ENET,0.03,0.25,0.6903122451159517,0.24860035242625342,0.5485116653258246,0.5179372197309418,446,0.010145014196639619,0.6913267465356157
POWER_OBP__RATE100,S_K10,DISTRIBUTION,LOGISTIC_ENET,0.03,0.75,0.6905882294035246,0.24872590692097568,0.5491251005631537,0.5246636771300448,446,0.0074062302709609305,0.6913288524306207
POWER_OBP__RATE100,PREV_K10,DISTRIBUTION,LOGISTIC_ENET,0.03,0.75,0.6905882294035246,0.24872590692097568,0.5491251005631537,0.5246636771300448,446,0.0074062302709609305,0.6913288524306207
POWER_OBP__RATE075,S_MEAN,DISTRIBUTION,LOGISTIC_L2,0.03,,0.6899223447346504,0.24839908898269272,0.5486122284794852,0.5358744394618834,446,0.014121184471721131,0.6913344631818226
TOTAL_BASE_PLUS__RATE050,S_MEAN,DISTRIBUTION,LOGISTIC_ENET,0.03,0.25,0.6905403234620726,0.2487097236493175,0.5460981496379727,0.515695067264574,446,0.008107386793289297,0.6913510621414015
TOTAL_BASE_PLUS__RATE075,S_MEAN,MEAN,LOGISTIC_ENET,0.03,0.25,0.690389845597665,0.2486376413802541,0.550422365245374,0.5224215246636771,446,0.009655668840168184,0.6913554124816819
POWER_OBP__RATE100,S_K5,SLOTS,LOGISTIC_ENET,0.03,0.5,0.6907282939859584,0.2487942438245378,0.562308930008045,0.5179372197309418,446,0.006298585465812921,0.6913581525325396
TOTAL_BASE_PLUS__RATE100,S_MEAN,TAIL,LOGISTIC_L2,0.003,,0.6906087752998937,0.24873918393926908,0.5423974255832663,0.515695067264574,446,0.007496583468376731,0.6913584336467314
POWER_OBP__RATE100,S_MEAN,MEAN,LOGISTIC_ENET,0.03,0.5,0.690681647930092,0.24876989187418408,0.5763877715205148,0.5269058295964125,446,0.007173652995542869,0.6913990132296463
TOTAL_BASE_PLUS__RATE075,S_MEAN,ORDER,LOGISTIC_L2,0.01,,0.6902581477290217,0.24857383530318272,0.5459372485921158,0.531390134529148,446,0.011585072650027546,0.6914166549940245
POWER_OBP__RATE100,S_MEAN,MEAN,LOGISTIC_ENET,0.03,0.25,0.6904301688290323,0.24865949808364587,0.5480893000804505,0.5134529147982063,446,0.009889216305556729,0.6914190904595879
RIDGE_EVENT_A0.01__RATE100,S_MEAN,ORDER,LOGISTIC_L2,0.01,,0.6902127294225185,0.24855450399209275,0.5434231697506033,0.5269058295964125,446,0.012239009827387978,0.6914366304052574
RIDGE_EVENT_A0.1__RATE100,S_MEAN,ORDER,LOGISTIC_L2,0.01,,0.6902132462703422,0.24855476281451752,0.5434231697506033,0.5269058295964125,446,0.012238435289115624,0.6914370897992538
RIDGE_EVENT_A0.01__RATE100,S_MEAN,ORDER,LOGISTIC_ENET,0.03,0.25,0.6904442479487009,0.24866427550428014,0.5444690265486726,0.515695067264574,446,0.009942682514966928,0.6914385162001976
RIDGE_EVENT_A0.1__RATE100,S_MEAN,ORDER,LOGISTIC_ENET,0.03,0.25,0.6904449261116199,0.2486646135344794,0.5444891391794047,0.515695067264574,446,0.009941770400762263,0.6914391031516961
TOTAL_BASE_PLUS__RATE075,S_MEAN,FULL,LOGISTIC_L2,0.003,,0.6903434608815391,0.24860265386737673,0.5461182622687047,0.531390134529148,446,0.010979069597329414,0.691441367841272
TOTAL_BASE_PLUS__RATE075,S_MEAN,ORDER,LOGISTIC_ENET,0.03,0.25,0.6904697882944615,0.24867585957923974,0.5444086886564763,0.5269058295964125,446,0.009718343473687018,0.6914416226418302
TOTAL_BASE_PLUS__RATE100,S_MEAN,MEAN,LOGISTIC_ENET,0.1,0.75,0.690188564327416,0.24854787344193527,0.5517296862429606,0.5224215246636771,446,0.012570125158649881,0.691445576843281
POWER_OBP__RATE075,S_MEAN,FULL,LOGISTIC_L2,0.003,,0.6903535801175978,0.2486061885209431,0.5470032180209171,0.5381165919282511,446,0.01106064362556403,0.6914596444801543
LW_STANDARD__RATE075,S_MEAN,DISTRIBUTION,LOGISTIC_L2,0.03,,0.6902221702512505,0.24854243667718748,0.5469428801287208,0.531390134529148,446,0.01250610574693777,0.6914727808259443
POWER_OBP__RATE100,S_MEAN,ORDER,LOGISTIC_L2,0.01,,0.690305844860779,0.2486014395022836,0.5430812550281576,0.5381165919282511,446,0.011820611278967557,0.6914879059886757
LW_STANDARD__RATE100,S_MEAN,MEAN,LOGISTIC_ENET,0.03,0.5,0.6907665130058518,0.24881199154565847,0.5701126307320997,0.5269058295964125,446,0.007216226080156506,0.6914881356138675
POWER_OBP__RATE100,S_MEAN,ORDER,LOGISTIC_ENET,0.03,0.25,0.6905133285177206,0.24869875798268987,0.5448310539018504,0.5201793721973094,446,0.009829158298733395,0.6914962443475939
TOTAL_BASE_PLUS__RATE075,S_MEAN,TAIL,LOGISTIC_ENET,0.03,0.5,0.6908016264623088,0.24883018538420593,0.5637570394207563,0.5179372197309418,446,0.007003568161200454,0.6915019832784288
RIDGE_EVENT_A0.01__RATE100,S_MEAN,ORDER,LOGISTIC_ENET,0.03,0.5,0.6908134169981559,0.24883550200793075,0.5610217216411906,0.5201793721973094,446,0.006957966844480223,0.6915092136826039
RIDGE_EVENT_A0.1__RATE100,S_MEAN,ORDER,LOGISTIC_ENET,0.03,0.5,0.6908141292322177,0.24883585675883005,0.5609814963797264,0.5201793721973094,446,0.006957079706566772,0.6915098372028744
TOTAL_BASE_PLUS__RATE075,S_MEAN,TAIL,LOGISTIC_L2,0.003,,0.6907690026727233,0.24881886155793811,0.5422365245374096,0.5089686098654709,446,0.007709306867504219,0.6915399333594737
RIDGE_EVENT_A0.01__RATE075,S_MEAN,TAIL,LOGISTIC_L2,0.003,,0.6907414773432369,0.24880305177122053,0.5447908286403862,0.515695067264574,446,0.008070586576793638,0.6915485360009163
RIDGE_EVENT_A0.1__RATE075,S_MEAN,TAIL,LOGISTIC_L2,0.003,,0.6907425291680395,0.2488035717124054,0.5448109412711183,0.515695067264574,446,0.008070786145530981,0.6915496077825926
LW_STANDARD__RATE100,S_MEAN,MEAN,LOGISTIC_ENET,0.03,0.25,0.6905403841624943,0.2487142161096262,0.5461786001609009,0.5089686098654709,446,0.01010308716742553,0.6915506928792369
POWER_OBP__RATE100,S_MEAN,DISTRIBUTION,LOGISTIC_ENET,0.03,0.75,0.6909892588661042,0.24892375040085868,0.5502312952534192,0.5269058295964125,446,0.005664655689560009,0.6915557244350602
TOTAL_BASE_PLUS__RATE100,S_MEAN,DISTRIBUTION,LOGISTIC_ENET,0.1,0.25,0.6901252848541426,0.24847805731753733,0.5555913113435238,0.5493273542600897,446,0.014350223949824988,0.6915603072491251
LW_STANDARD__RATE075,S_MEAN,TAIL,LOGISTIC_L2,0.003,,0.6907726375066422,0.24881889944488228,0.5445293644408689,0.5112107623318386,446,0.007970102224470945,0.6915696477290892
POWER_OBP__RATE100,S_MEAN,ORDER,LOGISTIC_ENET,0.03,0.5,0.6909018934061205,0.2488797339845984,0.5631737731295254,0.5224215246636771,446,0.006832067678574891,0.691585100173978
RIDGE_EVENT_A0.01__RATE100,S_MEAN,TAIL,LOGISTIC_ENET,0.03,0.25,0.6907332707808986,0.24880966385772635,0.5434835076427997,0.515695067264574,446,0.008522449581300127,0.6915855157390286
RIDGE_EVENT_A0.1__RATE100,S_MEAN,TAIL,LOGISTIC_ENET,0.03,0.25,0.6907352872471091,0.248810655633133,0.5434633950120675,0.515695067264574,446,0.008524228783772753,0.6915877101254864
POWER_OBP__RATE100,S_MEAN,FULL,LOGISTIC_ENET,0.03,0.75,0.6910422894866411,0.2489502364787708,0.5455651649235721,0.5269058295964125,446,0.005652557626179003,0.691607545249259
TOTAL_BASE_PLUS__RATE050,S_MEAN,DISTRIBUTION,LOGISTIC_L2,0.001,,0.6910198321744742,0.2489384497739055,0.5542035398230089,0.5201793721973094,446,0.00592732260813001,0.6916125644352872
TOTAL_BASE_PLUS__RATE075,S_MEAN,ORDER,LOGISTIC_ENET,0.03,0.5,0.6909355841173574,0.24889678719252414,0.5595534995977474,0.5246636771300448,446,0.006770062244923622,0.6916125903418499
POWER_OBP__RATE100,S_MEAN,TAIL,LOGISTIC_ENET,0.03,0.5,0.6909386739607881,0.2488981366480762,0.5670756234915528,0.5246636771300448,446,0.006770616945162701,0.6916157356553044
LW_STANDARD__RATE100,S_MEAN,DISTRIBUTION,LOGISTIC_L2,0.1,,0.690636343174163,0.2487265340638338,0.550824617860016,0.515695067264574,446,0.009822246175861053,0.6916185677917491
LW_STANDARD__RATE100,S_MEAN,ORDER,LOGISTIC_L2,0.01,,0.6903717227579419,0.24863470849593997,0.5411906677393403,0.531390134529148,446,0.012536169785002023,0.6916253397364421
LW_STANDARD__RATE100,S_MEAN,ORDER,LOGISTIC_ENET,0.03,0.25,0.6906361136839065,0.24876031841171797,0.5423773129525342,0.5179372197309418,446,0.010106705386568262,0.6916467842225633
LW_STANDARD__RATE100,S_MEAN,ORDER,LOGISTIC_ENET,0.03,0.5,0.6909570965779307,0.24890697856078403,0.5594328238133548,0.5246636771300448,446,0.006939114533015417,0.6916510080312323
RIDGE_EVENT_A0.01__RATE100,S_MEAN,TAIL,LOGISTIC_ENET,0.03,0.5,0.6909915252576789,0.24892393761594306,0.5599758648431215,0.5269058295964125,446,0.006711283067318906,0.6916626535644108
RIDGE_EVENT_A0.1__RATE100,S_MEAN,TAIL,LOGISTIC_ENET,0.03,0.5,0.6909920231819127,0.24892418410739864,0.5599557522123894,0.5269058295964125,446,0.006712198412181264,0.6916632430231308
POWER_OBP__RATE100,S_MEAN,TAIL,LOGISTIC_L2,0.003,,0.6908998724668852,0.24888330726838048,0.5424376508447304,0.5134529147982063,446,0.007655896064749655,0.6916654620733602
POWER_OBP__RATE100,S_K5,FULL,LOGISTIC_ENET,0.01,0.25,0.691051150152558,0.2489547019279654,0.5507642799678198,0.5269058295964125,446,0.006168640614197681,0.6916680142139778
RIDGE_EVENT_A0.01__RATE075,S_MEAN,MEAN,LOGISTIC_ENET,0.03,0.5,0.6910343141864537,0.24894544905985938,0.567357200321802,0.5269058295964125,446,0.006822987047001241,0.6917166128911538
RIDGE_EVENT_A0.1__RATE075,S_MEAN,MEAN,LOGISTIC_ENET,0.03,0.5,0.6910349439396463,0.24894576309283206,0.5674175382139983,0.5269058295964125,446,0.0068225970687900836,0.6917172036465252
POWER_OBP__RATE100,S_K5,DISTRIBUTION,LOGISTIC_L2,0.01,,0.6901386630713688,0.248480369684438,0.5532582461786002,0.5493273542600897,446,0.01583698989771218,0.69172236206114
RIDGE_EVENT_A0.1__RATE075,S_MEAN,DISTRIBUTION,LOGISTIC_L2,0.03,,0.6904599983352501,0.24867019090069403,0.544951729686243,0.5201793721973094,446,0.012731812237008268,0.6917331795589509
RIDGE_EVENT_A0.01__RATE075,S_MEAN,DISTRIBUTION,LOGISTIC_L2,0.03,,0.6904613915457627,0.24867089324459155,0.5449718423169752,0.5201793721973094,446,0.012730934534440158,0.6917344849992068
TOTAL_BASE_PLUS__RATE100,S_K5,SLOTS,LOGISTIC_ENET,0.03,0.5,0.6911499944483382,0.2490041687402452,0.5557320997586485,0.5112107623318386,446,0.005871326157841068,0.6917371270641224
TOTAL_BASE_PLUS__RATE100,S_MEAN,DISTRIBUTION,LOGISTIC_L2,0.03,,0.6903824243953263,0.24862116899273382,0.5482904263877716,0.5269058295964125,446,0.013628617229708526,0.6917452861182971
POWER_OBP__RATE075,S_MEAN,MEAN,LOGISTIC_ENET,0.03,0.5,0.6910809382222335,0.24896873216392318,0.5661102172164119,0.5269058295964125,446,0.006780893113830992,0.6917590275336166
LW_STANDARD__RATE100,S_MEAN,TAIL,LOGISTIC_ENET,0.03,0.25,0.6909789706285184,0.24893126451916714,0.5381536604987932,0.5134529147982063,446,0.007897664981699217,0.6917687371266884
POWER_OBP__RATE100,S_K5,ORDER,LOGISTIC_ENET,0.03,0.5,0.6913261632091927,0.24909095690299649,0.5557622687047467,0.5201793721973094,446,0.004761795595855634,0.6918023427687783
LW_STANDARD__RATE100,S_MEAN,TAIL,LOGISTIC_ENET,0.03,0.5,0.6911957809130458,0.24902563129612457,0.55766291230893,0.5291479820627802,446,0.006116423763743746,0.6918074232894201
POWER_OBP__RATE100,S_K10,FULL,LOGISTIC_ENET,0.01,0.25,0.6911436338033626,0.2490011364040691,0.5577835880933227,0.5246636771300448,446,0.006695464081508404,0.6918131802115135
POWER_OBP__RATE100,PREV_K10,FULL,LOGISTIC_ENET,0.01,0.25,0.6911436338033626,0.2490011364040691,0.5577835880933227,0.5246636771300448,446,0.006695464081508404,0.6918131802115135
POWER_OBP__RATE100,PREV_K10,ORDER,LOGISTIC_ENET,0.03,0.5,0.6913249143806229,0.24909042339485993,0.5556617055510861,0.5224215246636771,446,0.0048886698668487456,0.6918137813673078
POWER_OBP__RATE100,S_K10,ORDER,LOGISTIC_ENET,0.03,0.5,0.6913249143806229,0.24909042339485993,0.5556617055510861,0.5224215246636771,446,0.0048886698668487456,0.6918137813673078
POWER_OBP__RATE075,S_MEAN,TAIL,LOGISTIC_L2,0.003,,0.6910368773125113,0.24895146570516943,0.5414320193081255,0.5134529147982063,446,0.007816480060800242,0.6918185253185913
RIDGE_EVENT_A0.1__RATE075,S_MEAN,DISTRIBUTION,LOGISTIC_ENET,0.1,0.25,0.690508475939201,0.24868506265382045,0.5480088495575222,0.5358744394618834,446,0.013286962447564943,0.6918371721839575
RIDGE_EVENT_A0.01__RATE075,S_MEAN,DISTRIBUTION,LOGISTIC_ENET,0.1,0.25,0.6905112202767769,0.24868639773825624,0.5480088495575222,0.5358744394618834,446,0.013286577732337797,0.6918398780500107
TOTAL_BASE_PLUS__RATE050,S_MEAN,DISTRIBUTION,LOGISTIC_ENET,0.03,0.5,0.6913132106566671,0.2490851038517963,0.55201126307321,0.5246636771300448,446,0.005356376514277452,0.6918488483080948
LW_STANDARD__RATE075,S_MEAN,FULL,LOGISTIC_ENET,0.03,0.5,0.6911156543738592,0.24898750496338173,0.5345635559131134,0.5246636771300448,446,0.007640842813401564,0.6918797386551994
LW_STANDARD__RATE075,S_MEAN,MEAN,LOGISTIC_ENET,0.03,0.5,0.6912159127626297,0.24903589163033543,0.5632542236524537,0.5269058295964125,446,0.00674490274046323,0.691890403036676
POWER_OBP__RATE100,S_K5,DISTRIBUTION,LOGISTIC_ENET,0.01,0.25,0.6913154365740151,0.24908630531455012,0.5426287208366853,0.5291479820627802,446,0.005751686157633383,0.6918906051897784
POWER_OBP__RATE075,S_MEAN,MEAN,LOGISTIC_ENET,0.03,0.25,0.6909577971158432,0.2489209373907458,0.5452534191472245,0.5179372197309418,446,0.00946339697556824,0.6919041368134
RIDGE_EVENT_A0.01__RATE075,S_MEAN,MEAN,LOGISTIC_ENET,0.03,0.25,0.6909461936985305,0.24891467873088274,0.5446098149637972,0.5246636771300448,446,0.009611824456407318,0.6919073761441712
RIDGE_EVENT_A0.1__RATE075,S_MEAN,MEAN,LOGISTIC_ENET,0.03,0.25,0.6909468560029675,0.24891500907289374,0.5446098149637972,0.5246636771300448,446,0.009611490959605716,0.691908005098928
POWER_OBP__RATE075,S_MEAN,TAIL,LOGISTIC_ENET,0.03,0.5,0.6912382481973989,0.2490474287991507,0.5591914722445697,0.5224215246636771,446,0.006719909433425248,0.6919102391407413
LW_STANDARD__RATE100,S_MEAN,DISTRIBUTION,LOGISTIC_ENET,0.01,0.25,0.6914001447066304,0.24912813437717957,0.55282582461786,0.5201793721973094,446,0.005152721201085684,0.691915416826739
TOTAL_BASE_PLUS__RATE050,S_MEAN,MEAN,LOGISTIC_ENET,0.03,0.5,0.6912766333855432,0.2490662770054352,0.564903459372486,0.5246636771300448,446,0.006485172024822117,0.6919251505880254
RIDGE_EVENT_A0.1__RATE100,S_MEAN,DISTRIBUTION,LOGISTIC_ENET,0.01,0.25,0.6914175798516856,0.24913703936224477,0.5496681415929203,0.5201793721973094,446,0.0051405536589551135,0.6919316352175812
TOTAL_BASE_PLUS__RATE100,S_K5,ORDER,LOGISTIC_ENET,0.03,0.5,0.69146407679907,0.2491597415747352,0.5563053097345132,0.515695067264574,446,0.004684105233287563,0.6919324873223988
RIDGE_EVENT_A0.01__RATE100,S_MEAN,DISTRIBUTION,LOGISTIC_ENET,0.01,0.25,0.6914186880106409,0.2491375905615166,0.5497083668543845,0.5201793721973094,446,0.0051402197494965305,0.6919327099855905
RIDGE_EVENT_A0.01__RATE075,S_MEAN,TAIL,LOGISTIC_ENET,0.03,0.5,0.6913046760747735,0.24907910906142622,0.5557320997586483,0.5246636771300448,446,0.006319775299578021,0.6919366536047313
RIDGE_EVENT_A0.1__RATE075,S_MEAN,TAIL,LOGISTIC_ENET,0.03,0.5,0.6913055411000101,0.2490795383899409,0.5556918744971843,0.5246636771300448,446,0.0063202341265498115,0.6919375645126651
LW_STANDARD__RATE075,S_MEAN,TAIL,LOGISTIC_ENET,0.03,0.5,0.6913625980340482,0.24910870954671022,0.5536806114239743,0.5269058295964125,446,0.006063160389918856,0.6919689140730401
TOTAL_BASE_PLUS__RATE100,S_MEAN,TAIL,LOGISTIC_ENET,0.03,0.25,0.691069013222476,0.24897648701202987,0.5390788415124699,0.5179372197309418,446,0.00902433349380264,0.6919714465718563
POWER_OBP__RATE075,S_MEAN,ORDER,LOGISTIC_ENET,0.03,0.25,0.6910429760397643,0.24896099070776465,0.5396218825422365,0.5269058295964125,446,0.009340249491136798,0.6919770009888779
RIDGE_EVENT_A0.01__RATE075,S_MEAN,ORDER,LOGISTIC_ENET,0.03,0.25,0.6910459231745271,0.24896239983165067,0.5397827835880933,0.5224215246636771,446,0.009351751716891898,0.6919810983462162
RIDGE_EVENT_A0.1__RATE075,S_MEAN,ORDER,LOGISTIC_ENET,0.03,0.25,0.691046548565795,0.2489627115965376,0.5398028962188254,0.5224215246636771,446,0.00935068165066833,0.6919816167308618
POWER_OBP__RATE075,S_MEAN,ORDER,LOGISTIC_L2,0.01,,0.6908322642596659,0.24886059213067052,0.540345937248592,0.5336322869955157,446,0.011582621443123076,0.6919905264039783
TOTAL_BASE_PLUS__RATE050,S_MEAN,TAIL,LOGISTIC_L2,0.003,,0.6912006469331375,0.24903307888018278,0.5372083668543846,0.5022421524663677,446,0.007949271884999018,0.6919955741216375
RIDGE_EVENT_A0.1__RATE075,S_MEAN,FULL,LOGISTIC_ENET,0.03,0.5,0.6912485384588175,0.24905458876056882,0.5302996781979084,0.5201793721973094,446,0.007500412077284179,0.6919985796665459
RIDGE_EVENT_A0.01__RATE075,S_MEAN,FULL,LOGISTIC_ENET,0.03,0.5,0.6912502647640157,0.24905544673718916,0.5302795655671761,0.5201793721973094,446,0.0074992062780852185,0.6920001853918243
RIDGE_EVENT_A0.01__RATE075,S_MEAN,ORDER,LOGISTIC_ENET,0.03,0.5,0.6913744222964935,0.2491151129804244,0.5524738535800483,0.5291479820627802,446,0.006413825563675955,0.6920158048528611
RIDGE_EVENT_A0.1__RATE075,S_MEAN,ORDER,LOGISTIC_ENET,0.03,0.5,0.6913751501323233,0.24911547578893528,0.5524537409493162,0.5291479820627802,446,0.006412855331217375,0.692016435665445
RIDGE_EVENT_A0.01__RATE075,S_MEAN,ORDER,LOGISTIC_L2,0.01,,0.6908267998656192,0.24885750381557087,0.5413515687851971,0.5269058295964125,446,0.011908924367985258,0.6920176923024177
RIDGE_EVENT_A0.1__RATE075,S_MEAN,ORDER,LOGISTIC_L2,0.01,,0.6908272820158551,0.24885774611146833,0.5413917940466613,0.5291479820627802,446,0.0119082607255579,0.6920181080884109
TOTAL_BASE_PLUS__RATE050,S_MEAN,TAIL,LOGISTIC_ENET,0.03,0.5,0.691348851729784,0.24910264616970607,0.5524336283185841,0.5269058295964125,446,0.006731294011759672,0.6920219811309599
POWER_OBP__RATE100,S_K10,SLOTS,LOGISTIC_ENET,0.03,0.25,0.6910480964105308,0.24897284000233327,0.5355993563958166,0.5179372197309418,446,0.009797895270839357,0.6920278859376147
POWER_OBP__RATE100,PREV_K10,SLOTS,LOGISTIC_ENET,0.03,0.25,0.6910480964105308,0.24897284000233327,0.5355993563958166,0.5179372197309418,446,0.009797895270839357,0.6920278859376147
LW_STANDARD__RATE100,S_MEAN,FULL,LOGISTIC_ENET,0.01,0.25,0.6915204481333981,0.24918819870649686,0.5543946098149638,0.5201793721973094,446,0.005144062657929667,0.6920348543991911
RIDGE_EVENT_A0.1__RATE100,S_MEAN,FULL,LOGISTIC_ENET,0.01,0.25,0.6915312255856672,0.24919379238006834,0.5512369267900241,0.5201793721973094,446,0.005125419337916439,0.6920437675194588
POWER_OBP__RATE075,S_MEAN,ORDER,LOGISTIC_ENET,0.03,0.5,0.691405477871432,0.24913075829085873,0.5515285599356395,0.531390134529148,446,0.006384308660658824,0.6920439087374979
RIDGE_EVENT_A0.01__RATE100,S_MEAN,FULL,LOGISTIC_ENET,0.01,0.25,0.6915323263895679,0.24919433989045187,0.5512570394207563,0.5201793721973094,446,0.00512507169665318,0.6920448335592332
TOTAL_BASE_PLUS__RATE050,S_MEAN,FULL,LOGISTIC_L2,0.003,,0.6909277085423394,0.2488875620426023,0.5451126307320998,0.5381165919282511,446,0.011271026769431845,0.6920548112192826
RIDGE_EVENT_A0.01__RATE075,S_MEAN,TAIL,LOGISTIC_ENET,0.03,0.25,0.6912245254570566,0.24905244506673177,0.5410297666934835,0.5201793721973094,446,0.00834803072291723,0.6920593285293483
RIDGE_EVENT_A0.1__RATE075,S_MEAN,TAIL,LOGISTIC_ENET,0.03,0.25,0.691225685324927,0.2490530116978391,0.5410498793242156,0.5201793721973094,446,0.008348366559646048,0.6920605219808916
LW_STANDARD__RATE075,S_MEAN,MEAN,LOGISTIC_ENET,0.03,0.25,0.691119578887614,0.24900140771489346,0.5420353982300885,0.5112107623318386,446,0.009560351424847494,0.6920756140300988
RIDGE_EVENT_A0.01__RATE100,S_MEAN,TAIL,LOGISTIC_L2,0.01,,0.6910164855445996,0.24895887193923663,0.5369871279163315,0.5201793721973094,446,0.010680398910297897,0.6920845254356294
TOTAL_BASE_PLUS__RATE100,S_MEAN,ORDER,LOGISTIC_ENET,0.1,0.75,0.6909178237835828,0.2489052596314684,0.5442276749798873,0.5201793721973094,446,0.011668190294953988,0.6920846428130782
RIDGE_EVENT_A0.1__RATE100,S_MEAN,TAIL,LOGISTIC_L2,0.01,,0.6910189219279431,0.24896006004005286,0.536906677393403,0.5201793721973094,446,0.010681076554047469,0.6920870295833479
RIDGE_EVENT_A0.01__RATE100,S_MEAN,MEAN,LOGISTIC_ENET,0.1,0.75,0.690826882763241,0.24886512643510478,0.5472244569589702,0.5179372197309418,446,0.012711561550837707,0.6920980389183248
RIDGE_EVENT_A0.1__RATE100,S_MEAN,MEAN,LOGISTIC_ENET,0.1,0.75,0.690827911130153,0.24886563859703442,0.547164119066774,0.5179372197309418,446,0.012711243076289677,0.692099035437782
RIDGE_EVENT_A0.01__RATE100,S_MEAN,DISTRIBUTION,LOGISTIC_L2,0.3,,0.6909542213352254,0.24890154172264858,0.554243765084473,0.515695067264574,446,0.011553827142310255,0.6921096040494564
TOTAL_BASE_PLUS__RATE100,S_MEAN,MEAN,LOGISTIC_L2,0.003,,0.6913834740019033,0.24912405579041882,0.5389983909895414,0.515695067264574,446,0.007274711644679462,0.6921109451663712
LW_STANDARD__RATE075,S_MEAN,ORDER,LOGISTIC_ENET,0.03,0.5,0.6914719957561632,0.24916369093939744,0.5511061946902656,0.5246636771300448,446,0.006422175901728042,0.692114213346336
LW_STANDARD__RATE075,S_MEAN,ORDER,LOGISTIC_ENET,0.03,0.25,0.6911685592895643,0.24902409977879092,0.5381737731295253,0.5246636771300448,446,0.009500453136657792,0.6921186046032302
TOTAL_BASE_PLUS__RATE075,S_MEAN,MEAN,LOGISTIC_ENET,0.1,0.75,0.6909068302268992,0.24890183449321465,0.5488736926790023,0.515695067264574,446,0.012143958696934989,0.6921212260965928
LW_STANDARD__RATE075,S_MEAN,TAIL,LOGISTIC_ENET,0.03,0.25,0.6913040589031874,0.2490921778216274,0.5379123089300081,0.5112107623318386,446,0.008185904445237275,0.6921226493477111
RIDGE_EVENT_A0.1__RATE100,S_MEAN,DISTRIBUTION,LOGISTIC_L2,0.3,,0.6909723931275498,0.2489100610815137,0.5541834271922768,0.515695067264574,446,0.011530633452996234,0.6921254564728494
LW_STANDARD__RATE100,S_MEAN,TAIL,LOGISTIC_L2,0.001,,0.69155793161799,0.24920675491968214,0.5435036202735317,0.5291479820627802,446,0.005719579576621721,0.6921298895756521
RIDGE_EVENT_A0.01__RATE100,S_MEAN,TAIL,LOGISTIC_L2,0.001,,0.6915602745828238,0.24920789331276524,0.544167337087691,0.531390134529148,446,0.005771186449092586,0.692137393227733
RIDGE_EVENT_A0.1__RATE100,S_MEAN,TAIL,LOGISTIC_L2,0.001,,0.6915610540151463,0.24920828147838522,0.544147224456959,0.531390134529148,446,0.0057712477165536204,0.6921381787868017
TOTAL_BASE_PLUS__RATE050,S_MEAN,MEAN,LOGISTIC_ENET,0.03,0.25,0.6912392602978127,0.24905954909036804,0.5437047465808529,0.5201793721973094,446,0.009002887015758349,0.6921395489993886
TOTAL_BASE_PLUS__RATE075,S_MEAN,TAIL,LOGISTIC_ENET,0.03,0.25,0.6912168363670372,0.24904867702132696,0.5387168141592921,0.5067264573991032,446,0.00924328087706977,0.6921411644547442
TOTAL_BASE_PLUS__RATE100,S_MEAN,TAIL,LOGISTIC_L2,0.001,,0.6916003521272188,0.24922833857449847,0.541713596138375,0.5291479820627802,446,0.00543861247806882,0.6921442133750257
LW_STANDARD__RATE075,S_MEAN,ORDER,LOGISTIC_L2,0.01,,0.6909311423459089,0.24891062465641317,0.5397827835880933,0.5358744394618834,446,0.012151840066374623,0.6921463263525464
POWER_OBP__RATE100,PREV_K10,DISTRIBUTION,LOGISTIC_ENET,0.01,0.25,0.6915747796263289,0.2492158205393669,0.5371983105390185,0.5291479820627802,446,0.006107438219651396,0.692185523448294
POWER_OBP__RATE100,S_K10,DISTRIBUTION,LOGISTIC_ENET,0.01,0.25,0.6915747796263289,0.2492158205393669,0.5371983105390185,0.5291479820627802,446,0.006107438219651396,0.692185523448294
TOTAL_BASE_PLUS__RATE050,S_MEAN,ORDER,LOGISTIC_ENET,0.03,0.25,0.6912996712543122,0.24908745864729726,0.5386162510056316,0.5179372197309418,446,0.009172179109026618,0.692216889165215
LW_STANDARD__RATE075,S_MEAN,DISTRIBUTION,LOGISTIC_ENET,0.03,0.75,0.6916613007345134,0.24925903449539333,0.5417638777152053,0.5269058295964125,446,0.005564885955275258,0.6922177893300409
TOTAL_BASE_PLUS__RATE075,S_MEAN,TAIL,LOGISTIC_L2,0.001,,0.6916736778450274,0.24926480733712508,0.5415526950925181,0.5179372197309418,446,0.005513232465681135,0.6922250010915956
TOTAL_BASE_PLUS__RATE050,S_MEAN,ORDER,LOGISTIC_ENET,0.03,0.5,0.6916063398242818,0.24923097457527893,0.5459171359613837,0.5336322869955157,446,0.006224315311154992,0.6922287713553973
LW_STANDARD__RATE075,S_MEAN,TAIL,LOGISTIC_L2,0.001,,0.6916780358331236,0.24926655402129932,0.5406878519710379,0.5224215246636771,446,0.005712900463741451,0.6922493258794977
TOTAL_BASE_PLUS__RATE050,S_MEAN,ORDER,LOGISTIC_L2,0.01,,0.6911138903095144,0.2489966310647949,0.5424376508447305,0.5336322869955157,446,0.011400449778216628,0.692253935287336
LW_STANDARD__RATE100,S_MEAN,TAIL,LOGISTIC_L2,0.01,,0.6912482490662833,0.24907274720671838,0.5359211584875302,0.5336322869955157,446,0.010133520592284551,0.6922616011255118
RIDGE_EVENT_A0.01__RATE075,S_MEAN,TAIL,LOGISTIC_L2,0.001,,0.6916899371426434,0.249272408556798,0.5408688656476268,0.5291479820627802,446,0.005734555785849536,0.6922633927212283
RIDGE_EVENT_A0.1__RATE075,S_MEAN,TAIL,LOGISTIC_L2,0.001,,0.6916904642088149,0.2492726709375565,0.5407884151246984,0.5291479820627802,446,0.005734670084427555,0.6922639312172576
POWER_OBP__RATE100,S_K5,ORDER,LOGISTIC_L2,0.01,,0.6910244640376002,0.24896930374138856,0.5308125502815768,0.5246636771300448,446,0.012462700311246487,0.6922707340687249
POWER_OBP__RATE100,S_K10,TAIL,LOGISTIC_ENET,0.03,0.5,0.6915957472586349,0.249225336717647,0.5432622687047466,0.5291479820627802,446,0.006838429347418118,0.6922795901933767
POWER_OBP__RATE100,PREV_K10,TAIL,LOGISTIC_ENET,0.03,0.5,0.6915957472586349,0.249225336717647,0.5432622687047466,0.5291479820627802,446,0.006838429347418118,0.6922795901933767
POWER_OBP__RATE100,S_MEAN,DISTRIBUTION,LOGISTIC_L2,0.1,,0.690921871231265,0.2488786170843127,0.5477674979887369,0.531390134529148,446,0.013582221562233349,0.6922800933874884
POWER_OBP__RATE100,S_MEAN,TAIL,LOGISTIC_L2,0.001,,0.6917422108145604,0.2492989459410262,0.5409090909090909,0.5224215246636771,446,0.005510485809346696,0.6922932593954951
TOTAL_BASE_PLUS__RATE100,S_K5,ORDER,LOGISTIC_L2,0.01,,0.6910552879857244,0.24898431687818642,0.5329444891391795,0.531390134529148,446,0.01248779856729087,0.6923040678424535
POWER_OBP__RATE100,S_MEAN,MEAN,LOGISTIC_ENET,0.1,0.75,0.6910548459220005,0.24897871124059898,0.5466411906677393,0.5134529147982063,446,0.01254227243046493,0.692309073165047
TOTAL_BASE_PLUS__RATE075,S_MEAN,DISTRIBUTION,LOGISTIC_L2,0.03,,0.690931983467645,0.2488959434503444,0.544127111826227,0.5246636771300448,446,0.013804597622936206,0.6923124432299386
LW_STANDARD__RATE075,S_MEAN,FULL,LOGISTIC_ENET,0.03,0.75,0.6917602296732264,0.24930841264092046,0.5428700724054707,0.5269058295964125,446,0.0055608657908406064,0.6923163162523104
POWER_OBP__RATE100,S_MEAN,TAIL,LOGISTIC_ENET,0.03,0.25,0.6914302394821124,0.2491554231770839,0.5383547868061143,0.5089686098654709,446,0.00891897059420368,0.6923221365415327
RIDGE_EVENT_A0.01__RATE100,S_MEAN,MEAN,LOGISTIC_L2,0.003,,0.6915879721698837,0.24922586905157532,0.5376106194690266,0.5112107623318386,446,0.007471479785434461,0.6923351201484271
RIDGE_EVENT_A0.1__RATE100,S_MEAN,MEAN,LOGISTIC_L2,0.003,,0.6915882469604128,0.2492260058951348,0.5376106194690266,0.5112107623318386,446,0.0074713804076005745,0.6923353850011729
TOTAL_BASE_PLUS__RATE075,S_MEAN,MEAN,LOGISTIC_L2,0.003,,0.6916318587861927,0.24924773078902798,0.5373893805309734,0.5134529147982063,446,0.0071802472156317606,0.6923498835077558
POWER_OBP__RATE100,S_MEAN,MEAN,LOGISTIC_L2,0.003,,0.6916289147161797,0.2492463679012897,0.5372485921158487,0.5134529147982063,446,0.007231148832292518,0.692352029599409
POWER_OBP__RATE075,S_MEAN,TAIL,LOGISTIC_L2,0.001,,0.6918008958758536,0.2493281373853631,0.5402051488334674,0.5246636771300448,446,0.005565885848452483,0.6923574844606988
TOTAL_BASE_PLUS__RATE100,S_K5,TAIL,LOGISTIC_ENET,0.03,0.5,0.6916444237952457,0.24924978648775206,0.5321600965406275,0.531390134529148,446,0.007229749470878509,0.6923673987423336
POWER_OBP__RATE100,S_MEAN,DISTRIBUTION,LOGISTIC_ENET,0.01,0.25,0.6918855890752574,0.249370202681855,0.5377815768302494,0.5269058295964125,446,0.004872047263205533,0.692372793801578
TOTAL_BASE_PLUS__RATE100,S_MEAN,MEAN,LOGISTIC_L2,0.01,,0.6912191567471399,0.2490561603534588,0.5384352373290426,0.5112107623318386,446,0.011643820140720447,0.692383538761212
LW_STANDARD__RATE075,S_MEAN,SLOTS,LOGISTIC_L2,0.003,,0.6915561505096123,0.2492095304105487,0.5362228479485116,0.5089686098654709,446,0.008317493357921259,0.6923878998454044
LW_STANDARD__RATE100,S_MEAN,MEAN,LOGISTIC_L2,0.003,,0.6916480003069506,0.24925582015322267,0.5362630732099759,0.5089686098654709,446,0.007468928549360844,0.6923948931618867
POWER_OBP__RATE100,S_K5,FULL,LOGISTIC_L2,0.003,,0.6910711143165048,0.24897523781005257,0.5362429605792438,0.5134529147982063,446,0.013342819250436004,0.6924053962415484
TOTAL_BASE_PLUS__RATE100,S_MEAN,TAIL,LOGISTIC_L2,0.01,,0.6914318734244618,0.24916813632091006,0.5317578439259856,0.5201793721973094,446,0.00989197534210005,0.6924210709586718
POWER_OBP__RATE100,S_K10,DISTRIBUTION,LOGISTIC_ENET,0.1,0.5,0.6904515071742187,0.24856789050748135,0.557461786001609,0.5426008968609866,446,0.019742676424105238,0.6924257748166291
POWER_OBP__RATE100,PREV_K10,DISTRIBUTION,LOGISTIC_ENET,0.1,0.5,0.6904515071742187,0.24856789050748135,0.557461786001609,0.5426008968609866,446,0.019742676424105238,0.6924257748166291
POWER_OBP__RATE100,S_MEAN,FULL,LOGISTIC_ENET,0.01,0.25,0.6919500863904461,0.2494024390117824,0.545364038616251,0.5269058295964125,446,0.004829915522348953,0.6924330779426809
LW_STANDARD__RATE100,S_MEAN,MEAN,LOGISTIC_ENET,0.1,0.75,0.6911623048476105,0.24903238384611512,0.5453338696701528,0.5134529147982063,446,0.012735365638022396,0.6924358414114128
LW_STANDARD__RATE100,S_MEAN,SLOTS,LOGISTIC_L2,0.003,,0.6916157031773483,0.24923975953225694,0.535478680611424,0.515695067264574,446,0.008360323934882853,0.6924517355708366
TOTAL_BASE_PLUS__RATE050,S_MEAN,TAIL,LOGISTIC_L2,0.001,,0.6918957667900264,0.2493754814028468,0.5362630732099759,0.5179372197309418,446,0.005561379362658055,0.6924519047262923
RIDGE_EVENT_A0.1__RATE075,S_MEAN,DISTRIBUTION,LOGISTIC_ENET,0.03,0.75,0.6919028867305014,0.24937981460250158,0.5453439259855188,0.5134529147982063,446,0.005565273032256952,0.692459414033727
RIDGE_EVENT_A0.01__RATE075,S_MEAN,DISTRIBUTION,LOGISTIC_ENET,0.03,0.75,0.6919043207742994,0.24938052870400293,0.545343925985519,0.5134529147982063,446,0.00556479365061448,0.6924608001393608
POWER_OBP__RATE075,S_MEAN,TAIL,LOGISTIC_ENET,0.03,0.25,0.6915569032702068,0.24921699905709346,0.538294448913918,0.5067264573991032,446,0.00917249343265201,0.692474152613472
RIDGE_EVENT_A0.01__RATE075,S_MEAN,SLOTS,LOGISTIC_L2,0.003,,0.6916890876584328,0.2492763714413876,0.5349356395816572,0.5,446,0.00796786705191569,0.6924858743636244
RIDGE_EVENT_A0.1__RATE075,S_MEAN,SLOTS,LOGISTIC_L2,0.003,,0.6916891468695365,0.24927640184790043,0.5349356395816572,0.5,446,0.007967431846772526,0.6924858900542138
RIDGE_EVENT_A0.1__RATE075,S_MEAN,FULL,LOGISTIC_ENET,0.03,0.75,0.6919678247627459,0.24941226162583735,0.529233708769107,0.5134529147982063,446,0.005533304562327734,0.6925211552189786
RIDGE_EVENT_A0.01__RATE075,S_MEAN,FULL,LOGISTIC_ENET,0.03,0.75,0.6919692499130623,0.24941297127043674,0.529233708769107,0.5134529147982063,446,0.005532821476188301,0.6925225320606812
TOTAL_BASE_PLUS__RATE050,S_MEAN,DISTRIBUTION,LOGISTIC_ENET,0.1,0.75,0.691548956581978,0.24921583455219692,0.5412711182622687,0.5224215246636771,446,0.009792964743243485,0.6925282530563024
POWER_OBP__RATE075,S_MEAN,DISTRIBUTION,LOGISTIC_ENET,0.03,0.75,0.691999160010531,0.24942729700311722,0.5393905872888173,0.5246636771300448,446,0.00538826866139226,0.6925379868766702
POWER_OBP__RATE100,S_K5,TAIL,LOGISTIC_ENET,0.03,0.5,0.6918415403297324,0.24934801137600915,0.5328640386162511,0.5246636771300448,446,0.007000052033043771,0.6925415455330368
RIDGE_EVENT_A0.1__RATE100,S_MEAN,SLOTS,LOGISTIC_L2,0.003,,0.6917409007416044,0.24930265612937708,0.5339903459372486,0.4977578475336323,446,0.008039916797577672,0.6925448924213622
RIDGE_EVENT_A0.01__RATE100,S_MEAN,SLOTS,LOGISTIC_L2,0.003,,0.6917408918725128,0.2493026507986795,0.5340305711987129,0.4977578475336323,446,0.008040245642849967,0.6925449164367977
TOTAL_BASE_PLUS__RATE100,S_K5,DISTRIBUTION,LOGISTIC_L2,0.01,,0.6909353861873836,0.2488718191099611,0.5501206757843925,0.5403587443946188,446,0.01611116683065676,0.6925465028704493
TOTAL_BASE_PLUS__RATE075,S_MEAN,SLOTS,LOGISTIC_L2,0.003,,0.6917605915405227,0.24931174819595686,0.5338495575221239,0.5112107623318386,446,0.007893222567781522,0.6925499137973009
TOTAL_BASE_PLUS__RATE050,S_MEAN,SLOTS,LOGISTIC_L2,0.003,,0.6917757647079444,0.24931859643289636,0.534875301689461,0.5044843049327354,446,0.007817388516039107,0.6925575035595484
POWER_OBP__RATE075,S_MEAN,MEAN,LOGISTIC_L2,0.003,,0.6918492481571127,0.24935612316282024,0.5353177795655671,0.5089686098654709,446,0.007127310682904952,0.6925619792254032
TOTAL_BASE_PLUS__RATE100,S_K5,MEAN,LOGISTIC_L2,0.003,,0.6917937263829369,0.2493290552277732,0.5355993563958166,0.5112107623318386,446,0.0077520570722286394,0.6925689320901598
RIDGE_EVENT_A0.01__RATE075,S_MEAN,MEAN,LOGISTIC_L2,0.003,,0.6918438807984489,0.24935337635563243,0.5350362027353177,0.5134529147982063,446,0.007319044647233665,0.6925757852631723
RIDGE_EVENT_A0.1__RATE075,S_MEAN,MEAN,LOGISTIC_L2,0.003,,0.6918441140614052,0.24935349256108089,0.5350362027353177,0.5134529147982063,446,0.007318965987841135,0.6925760106601894
POWER_OBP__RATE075,S_MEAN,FULL,LOGISTIC_ENET,0.03,0.75,0.6920562535448173,0.24945581503479855,0.5296158487530169,0.5246636771300448,446,0.005363574073056972,0.692592610952123
TOTAL_BASE_PLUS__RATE075,S_MEAN,ORDER,LOGISTIC_ENET,0.1,0.75,0.6914677554025774,0.2491749354342797,0.5399436846339503,0.5246636771300448,446,0.011279538958171017,0.6925957092983945
POWER_OBP__RATE075,S_MEAN,SLOTS,LOGISTIC_L2,0.003,,0.6918081322196789,0.24933514872574575,0.5349155269509251,0.5067264573991032,446,0.007905152931997655,0.6925986475128786
TOTAL_BASE_PLUS__RATE050,S_MEAN,TAIL,LOGISTIC_ENET,0.03,0.25,0.6916381932298057,0.24925642461878803,0.535498793242156,0.5134529147982063,446,0.009664440379083004,0.692604637267714
POWER_OBP__RATE075,S_MEAN,FULL,LOGISTIC_ENET,0.03,0.5,0.6918204401371506,0.24933733086989335,0.5249497184231698,0.5336322869955157,446,0.007847549596166814,0.6926051950967673
TOTAL_BASE_PLUS__RATE100,S_MEAN,MEAN,LOGISTIC_ENET,0.1,0.5,0.6911069026170109,0.24899879032052988,0.5518503620273532,0.5179372197309418,446,0.015052657925839047,0.6926121684095948
TOTAL_BASE_PLUS__RATE100,S_MEAN,SLOTS,LOGISTIC_L2,0.003,,0.6918285522451576,0.2493463471643261,0.5333065164923573,0.5089686098654709,446,0.007840646938536172,0.6926126169390112
POWER_OBP__RATE100,PREV_K10,SLOTS,LOGISTIC_ENET,0.03,0.75,0.6920626678168894,0.2494590004847464,0.5515486725663717,0.515695067264574,446,0.005560476505455176,0.6926187154674349
POWER_OBP__RATE100,S_K10,SLOTS,LOGISTIC_ENET,0.03,0.75,0.6920626678168894,0.2494590004847464,0.5515486725663717,0.515695067264574,446,0.005560476505455176,0.6926187154674349
POWER_OBP__RATE100,S_K5,MEAN,LOGISTIC_L2,0.003,,0.6918436111318956,0.2493538361234105,0.5343523732904264,0.5089686098654709,446,0.007759774662663578,0.692619588598162
LW_STANDARD__RATE075,S_MEAN,MEAN,LOGISTIC_L2,0.003,,0.6918903244528641,0.24937655843189396,0.534050683829445,0.5089686098654709,446,0.007310120539820228,0.6926213365068462
RIDGE_EVENT_A0.01__RATE075,S_MEAN,TAIL,LOGISTIC_L2,0.01,,0.6915495701086146,0.2492237737647319,0.535478680611424,0.5336322869955157,446,0.010737152998927028,0.6926232854085074
RIDGE_EVENT_A0.1__RATE075,S_MEAN,TAIL,LOGISTIC_L2,0.01,,0.6915511663734489,0.24922454506343988,0.5354585679806919,0.5336322869955157,446,0.010737437580372796,0.6926249101314862
TOTAL_BASE_PLUS__RATE100,S_K5,TAIL,LOGISTIC_L2,0.001,,0.6919950999379039,0.24942508195855834,0.5331255028157683,0.5134529147982063,446,0.0064091030874355165,0.6926360102466474
TOTAL_BASE_PLUS__RATE050,S_MEAN,MEAN,LOGISTIC_L2,0.003,,0.691947633482803,0.24940506497626017,0.5343925985518907,0.5067264573991032,446,0.007009825527826591,0.6926486160355856
POWER_OBP__RATE100,PREV_K10,ORDER,LOGISTIC_L2,0.01,,0.6913416163585117,0.2491316145768558,0.5271520514883347,0.5201793721973094,446,0.013073397019665754,0.6926489560604783
POWER_OBP__RATE100,S_K10,ORDER,LOGISTIC_L2,0.01,,0.6913416163585117,0.2491316145768558,0.5271520514883347,0.5201793721973094,446,0.013073397019665754,0.6926489560604783
TOTAL_BASE_PLUS__RATE075,S_MEAN,DISTRIBUTION,LOGISTIC_ENET,0.1,0.25,0.6912020549249126,0.24900604950554897,0.5498994368463395,0.5403587443946188,446,0.014670142253825041,0.6926690691502951
POWER_OBP__RATE100,S_K10,MEAN,LOGISTIC_L2,0.003,,0.6918803245546306,0.2493722982843083,0.5340104585679807,0.5089686098654709,446,0.00794032809261131,0.6926743573638917
POWER_OBP__RATE100,PREV_K10,MEAN,LOGISTIC_L2,0.003,,0.6918803245546306,0.2493722982843083,0.5340104585679807,0.5089686098654709,446,0.00794032809261131,0.6926743573638917
TOTAL_BASE_PLUS__RATE100,S_K5,MEAN,LOGISTIC_ENET,0.03,0.5,0.692008868224938,0.24943161098056463,0.5198310539018504,0.5269058295964125,446,0.006706746731601113,0.6926795428980981
POWER_OBP__RATE100,S_MEAN,SLOTS,LOGISTIC_L2,0.003,,0.6918928028268165,0.24937786189929007,0.5335076427996781,0.5067264573991032,446,0.007904298015196001,0.6926832326283361
TOTAL_BASE_PLUS__RATE100,S_K5,FULL,LOGISTIC_ENET,0.03,0.75,0.692096058494503,0.24947568204610576,0.5408889782783589,0.5291479820627802,446,0.0059727240913620425,0.6926933309036392
POWER_OBP__RATE100,S_K5,MEAN,LOGISTIC_ENET,0.03,0.5,0.6920321555688236,0.24944310147664633,0.5187650844730491,0.5291479820627802,446,0.006664006134576173,0.6926985561822812
LW_STANDARD__RATE075,S_MEAN,TAIL,LOGISTIC_L2,0.01,,0.6916696483440067,0.24928401735756506,0.5351971037811746,0.5336322869955157,446,0.010397336537616516,0.6927093819977683
POWER_OBP__RATE100,S_MEAN,ORDER,LOGISTIC_ENET,0.1,0.75,0.691587307125499,0.2492377279235339,0.540124698310539,0.5246636771300448,446,0.01129006172881937,0.6927163132983809
POWER_OBP__RATE100,S_K10,FULL,LOGISTIC_L2,0.003,,0.6912761221179644,0.24908293708238888,0.5328640386162511,0.49327354260089684,446,0.014453892822466115,0.692721511400211
POWER_OBP__RATE100,PREV_K10,FULL,LOGISTIC_L2,0.003,,0.6912761221179644,0.24908293708238888,0.5328640386162511,0.49327354260089684,446,0.014453892822466115,0.692721511400211
TOTAL_BASE_PLUS__RATE075,S_MEAN,TAIL,LOGISTIC_L2,0.01,,0.6917016963058473,0.24930353479609202,0.5317377312952534,0.5336322869955157,446,0.010329632968169791,0.6927346596026643
TOTAL_BASE_PLUS__RATE100,S_K5,TAIL,LOGISTIC_L2,0.003,,0.6917709341288469,0.24931682741052133,0.532461786001609,0.5201793721973094,446,0.009795633430985096,0.6927504974719454
POWER_OBP__RATE100,S_K5,TAIL,LOGISTIC_L2,0.001,,0.6921263558237196,0.24949057651824957,0.5320997586484312,0.515695067264574,446,0.006369909673685674,0.6927633467910882
RIDGE_EVENT_A0.01__RATE100,S_MEAN,ORDER,LOGISTIC_ENET,0.1,0.75,0.6916303090833161,0.24926033060792468,0.5387972646822206,0.5246636771300448,446,0.01140753146574267,0.6927710622298904
RIDGE_EVENT_A0.1__RATE100,S_MEAN,ORDER,LOGISTIC_ENET,0.1,0.75,0.6916309458236237,0.24926065002191541,0.5388374899436846,0.5246636771300448,446,0.01140645323978198,0.6927715911476019
RIDGE_EVENT_A0.01__RATE075,S_MEAN,MEAN,LOGISTIC_ENET,0.1,0.75,0.6915652943056574,0.24922977757859202,0.5435840707964601,0.5201793721973094,446,0.01210785554671296,0.6927760798603286
RIDGE_EVENT_A0.1__RATE075,S_MEAN,MEAN,LOGISTIC_ENET,0.1,0.75,0.6915661132150631,0.24923018606906097,0.5435639581657281,0.5201793721973094,446,0.012107559665672786,0.6927768691816304
POWER_OBP__RATE100,S_K10,TAIL,LOGISTIC_L2,0.001,,0.6921281615722036,0.24949129030555708,0.528419147224457,0.515695067264574,446,0.0066744433325637426,0.69279560590546
POWER_OBP__RATE100,PREV_K10,TAIL,LOGISTIC_L2,0.001,,0.6921281615722036,0.24949129030555708,0.528419147224457,0.515695067264574,446,0.0066744433325637426,0.69279560590546
POWER_OBP__RATE100,PREV_K10,DISTRIBUTION,LOGISTIC_L2,0.01,,0.6910825923902731,0.24894143092494017,0.5486725663716814,0.5403587443946188,446,0.01723112136968652,0.6928057045272418
POWER_OBP__RATE100,S_K10,DISTRIBUTION,LOGISTIC_L2,0.01,,0.6910825923902731,0.24894143092494017,0.5486725663716814,0.5403587443946188,446,0.01723112136968652,0.6928057045272418
TOTAL_BASE_PLUS__RATE075,S_MEAN,MEAN,LOGISTIC_L2,0.01,,0.6916676697172098,0.2492780098634249,0.53467417538214,0.515695067264574,446,0.011565279041641131,0.6928241976213739
RIDGE_EVENT_A0.01__RATE100,S_MEAN,MEAN,LOGISTIC_L2,0.01,,0.6916215448797087,0.24925672416803413,0.5341914722445696,0.5089686098654709,446,0.012063171084890746,0.6928278619881978
RIDGE_EVENT_A0.1__RATE100,S_MEAN,MEAN,LOGISTIC_L2,0.01,,0.6916221001297281,0.24925699976324014,0.5341914722445696,0.5089686098654709,446,0.012062983160590256,0.6928283984457871
LW_STANDARD__RATE100,S_MEAN,DISTRIBUTION,LOGISTIC_L2,0.3,,0.691875390237633,0.2492310622375456,0.5540426387771521,0.5224215246636771,446,0.009646682962890615,0.692840058533922
LW_STANDARD__RATE075,S_MEAN,DISTRIBUTION,LOGISTIC_ENET,0.01,0.25,0.692366216440823,0.24961014226183645,0.5409995977473854,0.5179372197309418,446,0.004896449319778289,0.6928558613728008
POWER_OBP__RATE100,S_MEAN,MEAN,LOGISTIC_L2,0.01,,0.6916945735574354,0.24929274821631836,0.5335478680611424,0.5067264573991032,446,0.011614358326356084,0.692856009390071
TOTAL_BASE_PLUS__RATE100,S_K5,FULL,LOGISTIC_L2,0.003,,0.6915034248995078,0.24918823606588342,0.5340909090909092,0.5134529147982063,446,0.01353256894514198,0.6928566817940219
POWER_OBP__RATE075,S_MEAN,MEAN,LOGISTIC_ENET,0.1,0.75,0.6916532045972079,0.24927396088507953,0.5428197908286404,0.5134529147982063,446,0.012040521659319514,0.6928572567631399
POWER_OBP__RATE100,S_K10,SLOTS,LOGISTIC_L2,0.003,,0.6918813195022874,0.24937658791280307,0.5240345937248592,0.5022421524663677,446,0.00978600635620519,0.6928599201379079
POWER_OBP__RATE100,PREV_K10,SLOTS,LOGISTIC_L2,0.003,,0.6918813195022874,0.24937658791280307,0.5240345937248592,0.5022421524663677,446,0.00978600635620519,0.6928599201379079
LW_STANDARD__RATE075,S_MEAN,SLOTS,LOGISTIC_L2,0.001,,0.6923411292358872,0.24959774575640772,0.530229283990346,0.5201793721973094,446,0.005214690813528676,0.6928625983172401
LW_STANDARD__RATE100,S_MEAN,FULL,LOGISTIC_ENET,0.03,0.25,0.6917428658809177,0.24928340910209254,0.5383145615446501,0.5358744394618834,446,0.011251976425421284,0.6928680635234599
POWER_OBP__RATE100,PREV_K10,SLOTS,LOGISTIC_L2,0.001,,0.6922894411010804,0.24957242584221884,0.5244971842316976,0.5089686098654709,446,0.005825213503396919,0.69287196245142
POWER_OBP__RATE100,S_K10,SLOTS,LOGISTIC_L2,0.001,,0.6922894411010804,0.24957242584221884,0.5244971842316976,0.5089686098654709,446,0.005825213503396919,0.69287196245142
POWER_OBP__RATE100,S_K10,MEAN,LOGISTIC_ENET,0.03,0.5,0.6922459216805262,0.24954966132778164,0.5152453740949317,0.5291479820627802,446,0.006272371968153365,0.6928731588773416
POWER_OBP__RATE100,PREV_K10,MEAN,LOGISTIC_ENET,0.03,0.5,0.6922459216805262,0.24954966132778164,0.5152453740949317,0.5291479820627802,446,0.006272371968153365,0.6928731588773416
TOTAL_BASE_PLUS__RATE050,S_MEAN,SLOTS,LOGISTIC_L2,0.001,,0.6923832863467567,0.2496188495103832,0.5305108608205953,0.5134529147982063,446,0.004981529274575218,0.6928814392742142
POWER_OBP__RATE100,S_MEAN,TAIL,LOGISTIC_L2,0.01,,0.691883311095246,0.249388337342565,0.5302091713596138,0.5358744394618834,446,0.0101215677359261,0.6928954678688386
TOTAL_BASE_PLUS__RATE075,S_MEAN,SLOTS,LOGISTIC_L2,0.001,,0.6924062859049095,0.24963037003347274,0.5290225261464199,0.515695067264574,446,0.004999306996995955,0.692906216604609
RIDGE_EVENT_A0.01__RATE075,S_MEAN,SLOTS,LOGISTIC_L2,0.001,,0.6924041799498925,0.24962928709212634,0.5288213998390989,0.515695067264574,446,0.005065356981078919,0.6929107156480003
RIDGE_EVENT_A0.1__RATE075,S_MEAN,SLOTS,LOGISTIC_L2,0.001,,0.6924042003042583,0.2496292973254824,0.5288012872083668,0.515695067264574,446,0.005065195944339499,0.6929107198986922
TOTAL_BASE_PLUS__RATE100,S_MEAN,MEAN,LOGISTIC_L2,0.001,,0.6924260273817602,0.2496401563612281,0.5278962188254225,0.5246636771300448,446,0.004851702285420308,0.6929111976103022
TOTAL_BASE_PLUS__RATE100,S_MEAN,DISTRIBUTION,LOGISTIC_ENET,0.03,0.75,0.6924043694504283,0.24962909252026336,0.5307723250201126,0.5269058295964125,446,0.005091174280462965,0.6929134868784745
TOTAL_BASE_PLUS__RATE100,S_K5,MEAN,LOGISTIC_ENET,0.03,0.25,0.6918760020877641,0.24938322321036524,0.5270514883346742,0.5,446,0.010394853273777663,0.6929154874151419
LW_STANDARD__RATE075,S_MEAN,FULL,LOGISTIC_ENET,0.01,0.25,0.692435674180307,0.249644869430399,0.5193785197103782,0.5179372197309418,446,0.004836973824116488,0.6929193715627187
LW_STANDARD__RATE100,S_MEAN,ORDER,LOGISTIC_ENET,0.1,0.75,0.6917652286659087,0.2493283396152617,0.5383346741753822,0.5201793721973094,446,0.011568694503059003,0.6929220981162146
POWER_OBP__RATE075,S_MEAN,SLOTS,LOGISTIC_L2,0.001,,0.6924193822046492,0.24963686646624822,0.5292839903459372,0.5134529147982063,446,0.005031748943136464,0.6929225570989628
LW_STANDARD__RATE100,S_MEAN,SLOTS,LOGISTIC_L2,0.001,,0.6924012686042706,0.24962778122955837,0.5278559935639582,0.5179372197309418,446,0.0052130280683801485,0.6929225714111087
POWER_OBP__RATE100,S_K5,SLOTS,LOGISTIC_L2,0.003,,0.6920101778303802,0.24943950866206305,0.5252815768302493,0.49551569506726456,446,0.009190512895887777,0.692929229119969
TOTAL_BASE_PLUS__RATE100,S_K5,FULL,LOGISTIC_ENET,0.03,0.5,0.6919913472222642,0.2494220731830712,0.5279967819790828,0.5246636771300448,446,0.009384853467116653,0.6929298325689759
POWER_OBP__RATE100,S_K5,SLOTS,LOGISTIC_L2,0.001,,0.692378417531468,0.24961675447499596,0.5241351568785197,0.5134529147982063,446,0.00558273618174876,0.6929366911496428
POWER_OBP__RATE100,S_K5,MEAN,LOGISTIC_ENET,0.03,0.25,0.6919039698343157,0.24939654730929475,0.5265285599356396,0.5067264573991032,446,0.010446564479205807,0.6929486262822363
LW_STANDARD__RATE100,S_MEAN,MEAN,LOGISTIC_L2,0.01,,0.6917483356925445,0.24932008076714815,0.5318181818181819,0.5044843049327354,446,0.012054612228001709,0.6929537969153446
TOTAL_BASE_PLUS__RATE100,S_MEAN,FULL,LOGISTIC_ENET,0.03,0.5,0.6921891362695538,0.2495217649275985,0.525422365245374,0.5201793721973094,446,0.007651454085545628,0.6929542816781084
TOTAL_BASE_PLUS__RATE100,S_MEAN,FULL,LOGISTIC_ENET,0.03,0.75,0.6924520847855365,0.24965292620739354,0.5213797264682221,0.5269058295964125,446,0.00506478477936806,0.6929585632634734
TOTAL_BASE_PLUS__RATE100,S_MEAN,SLOTS,LOGISTIC_L2,0.001,,0.6924722960219772,0.24966336103375433,0.5271319388576026,0.5224215246636771,446,0.004960678438950002,0.6929683638658722
RIDGE_EVENT_A0.1__RATE075,S_MEAN,DISTRIBUTION,LOGISTIC_ENET,0.01,0.25,0.6924825925398247,0.24966834587360115,0.5426287208366855,0.515695067264574,446,0.004896155279941804,0.6929722080678189
RIDGE_EVENT_A0.1__RATE100,S_MEAN,SLOTS,LOGISTIC_L2,0.001,,0.6924647869752443,0.24965953965053642,0.5266894609814964,0.5224215246636771,446,0.0050756749942979015,0.6929723544746741
RIDGE_EVENT_A0.01__RATE100,S_MEAN,SLOTS,LOGISTIC_L2,0.001,,0.6924647855777235,0.24965953888789144,0.5267296862429606,0.5224215246636771,446,0.005075793877208274,0.6929723649654443
RIDGE_EVENT_A0.01__RATE075,S_MEAN,DISTRIBUTION,LOGISTIC_ENET,0.01,0.25,0.692483606995968,0.24966885172499917,0.5426488334674175,0.515695067264574,446,0.004895845243437223,0.6929731915203117
POWER_OBP__RATE100,S_K5,SLOTS,LOGISTIC_ENET,0.03,0.75,0.6924640498234144,0.24965900737377938,0.5449115044247788,0.5134529147982063,446,0.00514465735685663,0.6929785155591001
RIDGE_EVENT_A0.01__RATE100,S_MEAN,TAIL,LOGISTIC_ENET,0.1,0.75,0.6920496855180939,0.24947795770462408,0.5344931617055511,0.515695067264574,446,0.009426904962112981,0.6929923760143052
POWER_OBP__RATE100,S_MEAN,SLOTS,LOGISTIC_L2,0.001,,0.6924929791087147,0.24967361298405136,0.5272123893805309,0.5179372197309418,446,0.005009764978682083,0.6929939556065828
RIDGE_EVENT_A0.1__RATE100,S_MEAN,TAIL,LOGISTIC_ENET,0.1,0.75,0.6920519856948306,0.2494790774769014,0.5344931617055511,0.515695067264574,446,0.009430240556620957,0.6929950097504927
RIDGE_EVENT_A0.01__RATE100,S_MEAN,MEAN,LOGISTIC_L2,0.001,,0.6925155024107089,0.24968474808732483,0.524798873692679,0.5291479820627802,446,0.004934276459775747,0.6930089300566865
RIDGE_EVENT_A0.1__RATE100,S_MEAN,MEAN,LOGISTIC_L2,0.001,,0.6925156190319126,0.24968480627982712,0.524798873692679,0.5291479820627802,446,0.004934237465387644,0.6930090427784513
POWER_OBP__RATE100,S_MEAN,MEAN,LOGISTIC_L2,0.001,,0.6925296433786096,0.2496918564853007,0.5247184231697506,0.5291479820627802,446,0.004839528312885794,0.6930135962098981
TOTAL_BASE_PLUS__RATE100,S_K5,DISTRIBUTION,LOGISTIC_ENET,0.1,0.5,0.6913763332772539,0.24905510809338857,0.5556918744971843,0.5426008968609866,446,0.01639282687358776,0.6930156159646127
TOTAL_BASE_PLUS__RATE075,S_MEAN,MEAN,LOGISTIC_L2,0.001,,0.6925356664575597,0.24969486245286251,0.5254022526146419,0.5269058295964125,446,0.004807815879135669,0.6930164480454732
TOTAL_BASE_PLUS__RATE050,S_MEAN,DISTRIBUTION,LOGISTIC_ENET,0.1,0.5,0.6917646098640676,0.2493106974971439,0.5454344328238133,0.5403587443946188,446,0.012674769306293797,0.693032086794697
LW_STANDARD__RATE100,S_MEAN,MEAN,LOGISTIC_L2,0.001,,0.6925401662215818,0.24969706080417806,0.5241150442477875,0.531390134529148,446,0.004938010530581855,0.69303396727464
LW_STANDARD__RATE075,S_MEAN,MEAN,LOGISTIC_ENET,0.1,0.75,0.6918244516537587,0.2493594034582517,0.5416733708769107,0.515695067264574,446,0.012109164013824714,0.6930353680551412
RIDGE_EVENT_A0.1__RATE075,S_MEAN,FULL,LOGISTIC_ENET,0.01,0.25,0.6925566888976771,0.24970540057303137,0.5150341914722446,0.515695067264574,446,0.00482443357233246,0.6930391322549103
RIDGE_EVENT_A0.01__RATE075,S_MEAN,FULL,LOGISTIC_ENET,0.01,0.25,0.6925576916014036,0.24970590053461553,0.5150543041029767,0.515695067264574,446,0.004824129773331922,0.6930401045787368
TOTAL_BASE_PLUS__RATE100,S_K5,FULL,LOGISTIC_ENET,0.01,0.25,0.6925136904838256,0.24968370530459702,0.526387771520515,0.5224215246636771,446,0.005390057850636848,0.6930526962688893
TOTAL_BASE_PLUS__RATE100,S_MEAN,MEAN,LOGISTIC_ENET,0.03,0.75,0.6924914621811481,0.24967229797356663,0.5119670152855995,0.5201793721973094,446,0.005724532730393029,0.6930639154541874
TOTAL_BASE_PLUS__RATE050,S_MEAN,MEAN,LOGISTIC_ENET,0.1,0.75,0.691925742257831,0.24940653260783155,0.5420555108608206,0.5224215246636771,446,0.011440510549175113,0.6930697933127485
TOTAL_BASE_PLUS__RATE100,S_MEAN,ORDER,LOGISTIC_ENET,0.03,0.75,0.6925042595703251,0.2496786806997631,0.5080249396621079,0.5201793721973094,446,0.00571031924437337,0.6930752914947624
TOTAL_BASE_PLUS__RATE100,S_K5,DISTRIBUTION,LOGISTIC_ENET,0.03,0.75,0.6925093402988234,0.24968182088733884,0.4976267095736123,0.5201793721973094,446,0.005688310908543482,0.6930781713896778
TOTAL_BASE_PLUS__RATE100,S_MEAN,TAIL,LOGISTIC_ENET,0.03,0.75,0.6925067918228144,0.24967994747987574,0.5117055510860822,0.5201793721973094,446,0.005718732798011007,0.6930786651026155
POWER_OBP__RATE075,S_MEAN,DISTRIBUTION,LOGISTIC_ENET,0.01,0.25,0.6926098921062165,0.2497316546608063,0.531244971842317,0.5269058295964125,446,0.004730557413688966,0.6930829478475854
TOTAL_BASE_PLUS__RATE100,S_K5,MEAN,LOGISTIC_L2,0.001,,0.6925880684035839,0.2497210865040409,0.5226468222043443,0.5224215246636771,446,0.00503794034892127,0.693091862438476
TOTAL_BASE_PLUS__RATE100,S_K5,SLOTS,LOGISTIC_L2,0.001,,0.6925403810035942,0.24969758289676736,0.5202333065164924,0.5112107623318386,446,0.005536320947047784,0.693094013098299
POWER_OBP__RATE100,S_K10,MEAN,LOGISTIC_ENET,0.03,0.25,0.6920467465247313,0.24946783073442858,0.5248994368463394,0.5,446,0.010514360546804356,0.6930981825794117
POWER_OBP__RATE100,PREV_K10,MEAN,LOGISTIC_ENET,0.03,0.25,0.6920467465247313,0.24946783073442858,0.5248994368463394,0.5,446,0.010514360546804356,0.6930981825794117
POWER_OBP__RATE100,S_K5,TAIL,LOGISTIC_L2,0.003,,0.69213320624809,0.24949699467864486,0.5301689460981496,0.5134529147982063,446,0.009649792007052379,0.6930981854487953
POWER_OBP__RATE075,S_MEAN,MEAN,LOGISTIC_L2,0.001,,0.6926281645524204,0.24974102421875555,0.5223451327433628,0.5269058295964125,446,0.004793309470981974,0.6931074954995186
POWER_OBP__RATE100,S_K5,MEAN,LOGISTIC_L2,0.001,,0.6926045203791014,0.24972928249292436,0.5221238938053098,0.5224215246636771,446,0.005051454354396647,0.693109665814541
RIDGE_EVENT_A0.01__RATE075,S_MEAN,MEAN,LOGISTIC_L2,0.001,,0.6926295276508845,0.24974166154627145,0.5227272727272727,0.5246636771300448,446,0.004868268948726901,0.6931163545457572
RIDGE_EVENT_A0.1__RATE075,S_MEAN,MEAN,LOGISTIC_L2,0.001,,0.6926296271193688,0.24974171118735117,0.5227473853580048,0.5246636771300448,446,0.004868239006764083,0.6931164510200453
POWER_OBP__RATE100,S_K10,MEAN,LOGISTIC_L2,0.001,,0.6926124925135982,0.24973326417324349,0.5211182622687047,0.5224215246636771,446,0.005124463829730536,0.6931249388965713
POWER_OBP__RATE100,PREV_K10,MEAN,LOGISTIC_L2,0.001,,0.6926124925135982,0.24973326417324349,0.5211182622687047,0.5224215246636771,446,0.005124463829730536,0.6931249388965713
POWER_OBP__RATE100,PREV_K10,SLOTS,LOGISTIC_ENET,0.01,0.25,0.6926451870519829,0.24974927925462956,0.5357803700724054,0.5134529147982063,446,0.004849582086784222,0.6931301452606613
POWER_OBP__RATE100,S_K10,SLOTS,LOGISTIC_ENET,0.01,0.25,0.6926451870519829,0.24974927925462956,0.5357803700724054,0.5134529147982063,446,0.004849582086784222,0.6931301452606613
LW_STANDARD__RATE075,S_MEAN,MEAN,LOGISTIC_L2,0.001,,0.6926486322308009,0.24975120079792557,0.5214199517296862,0.5269058295964125,446,0.004869100605665185,0.6931355422913674
POWER_OBP__RATE075,S_MEAN,FULL,LOGISTIC_ENET,0.01,0.25,0.692679669054099,0.2497665316000112,0.5142497988736927,0.5269058295964125,446,0.004670461251058124,0.6931467151792048
TOTAL_BASE_PLUS__RATE050,S_MEAN,MEAN,LOGISTIC_L2,0.001,,0.692676612381703,0.24976520350106596,0.5220032180209172,0.5246636771300448,446,0.004733833866472298,0.6931499957683502
POWER_OBP__RATE075,S_MEAN,TAIL,LOGISTIC_L2,0.01,,0.6921037559086568,0.24949927254844292,0.5296057924376509,0.5246636771300448,446,0.010481168028738554,0.6931518727115307
LW_STANDARD__RATE100,S_MEAN,TAIL,LOGISTIC_ENET,0.1,0.75,0.6923135349284698,0.24960668189696888,0.5306918744971842,0.5179372197309418,446,0.008486255560272403,0.6931621604844971
TOTAL_BASE_PLUS__RATE100,S_MEAN,DISTRIBUTION,LOGISTIC_ENET,0.01,0.25,0.6926956917886891,0.24977432895758556,0.5318181818181819,0.5201793721973094,446,0.004867858405851971,0.6931824776292742
POWER_OBP__RATE100,S_K5,ORDER,LOGISTIC_ENET,0.03,0.25,0.6923158733199636,0.2495961460652763,0.5251206757843925,0.5224215246636771,446,0.008695637183991948,0.6931854370383628
POWER_OBP__RATE075,S_MEAN,ORDER,LOGISTIC_ENET,0.1,0.75,0.692112587716381,0.24949648742249633,0.5353378921962992,0.5246636771300448,446,0.010744190251338003,0.6931870067415148
TOTAL_BASE_PLUS__RATE100,S_MEAN,SLOTS,LOGISTIC_ENET,0.03,0.5,0.692684939576444,0.24976854346307217,0.5053499597747384,0.5269058295964125,446,0.005204579563830966,0.6932053975328271
POWER_OBP__RATE100,S_K5,SLOTS,LOGISTIC_ENET,0.03,0.25,0.6922516475906659,0.24956837274150306,0.5277353177795656,0.5089686098654709,446,0.009547132585403335,0.6932063608492063
TOTAL_BASE_PLUS__RATE100,S_K5,SLOTS,LOGISTIC_ENET,0.03,0.75,0.6927167204387092,0.2497850154004831,0.5344328238133549,0.515695067264574,446,0.0049101235181114745,0.6932077327905204
TOTAL_BASE_PLUS__RATE075,S_MEAN,DISTRIBUTION,LOGISTIC_ENET,0.03,0.75,0.692728905558743,0.24979117299973566,0.5337489943684633,0.5224215246636771,446,0.005029144155405015,0.6932318199742835
POWER_OBP__RATE075,S_MEAN,MEAN,LOGISTIC_L2,0.01,,0.6920868621376483,0.2494869298979068,0.53103378921963,0.5044843049327354,446,0.011501876452687014,0.693237049782917
TOTAL_BASE_PLUS__RATE100,S_MEAN,FULL,LOGISTIC_ENET,0.01,0.25,0.6927562234350838,0.24980458423800786,0.5045454545454546,0.5201793721973094,446,0.004819301103341532,0.693238153545418
POWER_OBP__RATE100,PREV_K10,TAIL,LOGISTIC_L2,0.003,,0.6922059229870011,0.24953307419508663,0.5275341914722446,0.5112107623318386,446,0.010350026350726465,0.6932409256220737
POWER_OBP__RATE100,S_K10,TAIL,LOGISTIC_L2,0.003,,0.6922059229870011,0.24953307419508663,0.5275341914722446,0.5112107623318386,446,0.010350026350726465,0.6932409256220737
TOTAL_BASE_PLUS__RATE100,S_K5,SLOTS,LOGISTIC_L2,0.003,,0.6923215452234277,0.24959517489624838,0.520957361222848,0.4798206278026906,446,0.009219682105020837,0.6932435134339298
RIDGE_EVENT_A0.01__RATE075,S_MEAN,ORDER,LOGISTIC_ENET,0.1,0.75,0.6921841625368998,0.24953331068665363,0.5351971037811747,0.515695067264574,446,0.010723664901618628,0.6932565290270617
RIDGE_EVENT_A0.1__RATE075,S_MEAN,ORDER,LOGISTIC_ENET,0.1,0.75,0.6921847561693076,0.24953360865792268,0.5351971037811747,0.515695067264574,446,0.010722391891368326,0.6932569953584444
RIDGE_EVENT_A0.01__RATE075,S_MEAN,MEAN,LOGISTIC_L2,0.01,,0.692079669162713,0.24948363061697684,0.530430410297667,0.5201793721973094,446,0.011867161034818557,0.6932663852661949
RIDGE_EVENT_A0.1__RATE075,S_MEAN,MEAN,LOGISTIC_L2,0.01,,0.6920801388177654,0.24948386397625735,0.5304102976669348,0.5201793721973094,446,0.011867002132489732,0.6932668390310144
TOTAL_BASE_PLUS__RATE075,S_MEAN,FULL,LOGISTIC_ENET,0.03,0.75,0.6927806146803241,0.24981699687101802,0.5089702333065166,0.5224215246636771,446,0.005000977796954068,0.6932807124600195
TOTAL_BASE_PLUS__RATE100,S_K5,ORDER,LOGISTIC_ENET,0.03,0.25,0.6923923095885716,0.2496336969066353,0.5253218020917136,0.5201793721973094,446,0.00915577513705339,0.6933078871022769
TOTAL_BASE_PLUS__RATE075,S_MEAN,MEAN,LOGISTIC_ENET,0.1,0.5,0.6918342702226179,0.24935533335434132,0.5485518905872888,0.5134529147982063,446,0.014754199120036084,0.6933096901346215
POWER_OBP__RATE100,S_MEAN,SLOTS,LOGISTIC_ENET,0.03,0.5,0.692806907269543,0.24982965540109678,0.5004223652453741,0.5246636771300448,446,0.00505074734466846,0.6933119820040098
TOTAL_BASE_PLUS__RATE075,S_MEAN,MEAN,LOGISTIC_ENET,0.03,0.75,0.6928079930042845,0.24983022911945046,0.4962188254223653,0.5179372197309418,446,0.005201670796010191,0.6933281600838855
RIDGE_EVENT_A0.01__RATE100,S_MEAN,MEAN,LOGISTIC_ENET,0.03,0.75,0.6928215804159998,0.2498369738206437,0.49788817377312955,0.5201793721973094,446,0.005178641313147001,0.6933394445473146
RIDGE_EVENT_A0.1__RATE100,S_MEAN,MEAN,LOGISTIC_ENET,0.03,0.75,0.6928220832473955,0.24983722489358637,0.49788817377312955,0.5201793721973094,446,0.005177831387316501,0.6933398663861271
TOTAL_BASE_PLUS__RATE075,S_MEAN,TAIL,LOGISTIC_ENET,0.03,0.75,0.6928248203780534,0.2498386256666566,0.49481094127111824,0.5179372197309418,446,0.0052140015511952026,0.6933462205331729
LW_STANDARD__RATE075,S_MEAN,ORDER,LOGISTIC_ENET,0.1,0.75,0.6922644919419991,0.24957434296989356,0.5342920353982301,0.5201793721973094,446,0.0108721490681639,0.6933517068488155
RIDGE_EVENT_A0.01__RATE100,S_MEAN,ORDER,LOGISTIC_ENET,0.03,0.75,0.6928416106267764,0.24984696964136757,0.5002614641995173,0.5201793721973094,446,0.005181390015348058,0.6933597496283113
RIDGE_EVENT_A0.1__RATE100,S_MEAN,ORDER,LOGISTIC_ENET,0.03,0.75,0.6928421255703829,0.24984722676648913,0.5002614641995173,0.5201793721973094,446,0.005180553559965837,0.6933601809263795
TOTAL_BASE_PLUS__RATE100,S_MEAN,ORDER,LOGISTIC_ENET,0.01,0.25,0.6928450003426074,0.24984871777882278,0.4985317779565567,0.5201793721973094,446,0.005153584171248246,0.6933603587597322
POWER_OBP__RATE100,S_MEAN,MEAN,LOGISTIC_ENET,0.03,0.75,0.6928468610715541,0.2498496166181906,0.493946098149638,0.5179372197309418,446,0.005137602141234916,0.6933606212856777
TOTAL_BASE_PLUS__RATE100,S_K5,MEAN,LOGISTIC_L2,0.01,,0.6920776412528422,0.2494843022799365,0.5305510860820596,0.5022421524663677,446,0.012840069801141146,0.6933616482329563
LW_STANDARD__RATE075,S_MEAN,MEAN,LOGISTIC_L2,0.01,,0.6921796913483743,0.24953368796584463,0.5303901850362027,0.5089686098654709,446,0.011841454409250295,0.6933638367892994
TOTAL_BASE_PLUS__RATE075,S_MEAN,ORDER,LOGISTIC_ENET,0.03,0.75,0.6928585288844533,0.24985545761201086,0.4963193885760257,0.515695067264574,446,0.005149582427894472,0.6933734871272428
POWER_OBP__RATE100,S_MEAN,DISTRIBUTION,LOGISTIC_L2,0.3,,0.6919959189164944,0.2493470051891634,0.5501609010458568,0.531390134529148,446,0.013798189541569602,0.6933757378706513
POWER_OBP__RATE100,S_MEAN,TAIL,LOGISTIC_ENET,0.03,0.75,0.6928650820749427,0.2498587088217161,0.4961182622687048,0.5179372197309418,446,0.0051459499192443815,0.6933796770668671
RIDGE_EVENT_A0.01__RATE100,S_MEAN,MEAN,LOGISTIC_ENET,0.1,0.5,0.6918635477907819,0.24937640247591944,0.5456556717618664,0.5179372197309418,446,0.015186189008640003,0.6933821666916459
RIDGE_EVENT_A0.1__RATE100,S_MEAN,MEAN,LOGISTIC_ENET,0.1,0.5,0.6918645984110696,0.24937692591338848,0.5456154465004023,0.5179372197309418,446,0.015185825171926393,0.6933831809282622
RIDGE_EVENT_A0.1__RATE100,S_MEAN,SLOTS,LOGISTIC_ENET,0.03,0.5,0.6928907930545045,0.24987156465299135,0.4994569589702333,0.5201793721973094,446,0.004940166899176602,0.6933848097444222
RIDGE_EVENT_A0.01__RATE100,S_MEAN,SLOTS,LOGISTIC_ENET,0.03,0.5,0.6928909185963915,0.2498716269345958,0.49943684633950125,0.5201793721973094,446,0.004940695226129741,0.6933849881190045
POWER_OBP__RATE100,S_MEAN,ORDER,LOGISTIC_ENET,0.03,0.75,0.6928770243707275,0.24986467369630672,0.49901448109412716,0.5179372197309418,446,0.005117817339234953,0.693388806104651
POWER_OBP__RATE100,S_K5,SLOTS,LOGISTIC_ENET,0.01,0.25,0.6929346707506608,0.24989371481960115,0.5216009654062752,0.5134529147982063,446,0.004578358943796654,0.6933925066450405
TOTAL_BASE_PLUS__RATE100,S_MEAN,TAIL,LOGISTIC_ENET,0.1,0.75,0.692322487217121,0.2496068777537807,0.5323411102172164,0.5246636771300448,446,0.010763469001989085,0.6933988341173198
TOTAL_BASE_PLUS__RATE050,S_MEAN,MEAN,LOGISTIC_L2,0.01,,0.692266172487664,0.24957484712569397,0.5307119871279163,0.5112107623318386,446,0.011334751630372007,0.6933996476507012
RIDGE_EVENT_A0.01__RATE100,S_MEAN,FULL,LOGISTIC_ENET,0.03,0.25,0.6923480077742977,0.24959467391598114,0.5305510860820595,0.5358744394618834,446,0.010623467254012017,0.6934103544996989
RIDGE_EVENT_A0.1__RATE100,S_MEAN,FULL,LOGISTIC_ENET,0.03,0.25,0.6923480616039803,0.2495946721648363,0.5306717618664522,0.5358744394618834,446,0.010624776521348115,0.6934105392561152
TOTAL_BASE_PLUS__RATE075,S_MEAN,FULL,LOGISTIC_ENET,0.03,0.5,0.6926237900525581,0.2497376713392267,0.5158085277554305,0.5224215246636771,446,0.007969286377648885,0.6934207186903231
TOTAL_BASE_PLUS__RATE100,S_K5,TAIL,LOGISTIC_ENET,0.03,0.25,0.6921761567794518,0.24952850926403397,0.5294851166532583,0.5112107623318386,446,0.012454663656592762,0.693421623145111
TOTAL_BASE_PLUS__RATE075,S_MEAN,SLOTS,LOGISTIC_ENET,0.03,0.5,0.6929199869038948,0.24988590901376911,0.49573612228479486,0.5224215246636771,446,0.005082257780258515,0.6934282126819207
RIDGE_EVENT_A0.01__RATE100,S_MEAN,TAIL,LOGISTIC_ENET,0.03,0.75,0.692971042916197,0.2499116996608039,0.5185237329042638,0.5224215246636771,446,0.004625473693473723,0.6934335902855444
RIDGE_EVENT_A0.1__RATE100,S_MEAN,TAIL,LOGISTIC_ENET,0.03,0.75,0.6929713902765592,0.24991187265214387,0.5185237329042638,0.5224215246636771,446,0.004626278815049953,0.6934340181580642
TOTAL_BASE_PLUS__RATE050,S_MEAN,ORDER,LOGISTIC_ENET,0.1,0.75,0.6923583026294938,0.24961497469978736,0.5350362027353179,0.5246636771300448,446,0.010757596290470132,0.6934340622585409
POWER_OBP__RATE100,S_K5,MEAN,LOGISTIC_L2,0.01,,0.6921648843837425,0.24952743209247674,0.5301689460981497,0.5112107623318386,446,0.012864098436001005,0.6934512942273425
TOTAL_BASE_PLUS__RATE100,S_K5,DISTRIBUTION,LOGISTIC_ENET,0.01,0.25,0.6929561796924408,0.24990447592053322,0.5033386967015286,0.5224215246636771,446,0.004961926180926663,0.6934523723105335
TOTAL_BASE_PLUS__RATE100,S_MEAN,MEAN,LOGISTIC_ENET,0.01,0.25,0.6929579497358935,0.24990511289806328,0.4926186645213193,0.5201793721973094,446,0.00496667124124608,0.6934546168600182
LW_STANDARD__RATE100,S_MEAN,SLOTS,LOGISTIC_ENET,0.03,0.5,0.6929473982454452,0.24989974899110515,0.490929203539823,0.5291479820627802,446,0.005136891699317886,0.6934610874153769
LW_STANDARD__RATE100,S_MEAN,MEAN,LOGISTIC_ENET,0.03,0.75,0.6929786766648169,0.24991541176633716,0.4806114239742559,0.5201793721973094,446,0.004929788061591563,0.6934716554709761
TOTAL_BASE_PLUS__RATE100,S_MEAN,TAIL,LOGISTIC_ENET,0.01,0.25,0.6929798457415622,0.24991604105447449,0.4949919549477071,0.5201793721973094,446,0.004958579194850318,0.6934757036610473
LW_STANDARD__RATE100,S_MEAN,ORDER,LOGISTIC_ENET,0.03,0.75,0.6929964114831157,0.24992426134726412,0.4817980691874498,0.5201793721973094,446,0.004936440398996526,0.6934900555230153
POWER_OBP__RATE100,S_MEAN,MEAN,LOGISTIC_ENET,0.1,0.5,0.6919831648515788,0.24943395687403278,0.5460378117457764,0.5179372197309418,446,0.015109927770422507,0.6934941576286211
TOTAL_BASE_PLUS__RATE050,S_MEAN,TAIL,LOGISTIC_L2,0.01,,0.6923957734075855,0.2496437594315547,0.5286604987932422,0.5179372197309418,446,0.011045293603012882,0.6935003027678868
TOTAL_BASE_PLUS__RATE075,S_MEAN,DISTRIBUTION,LOGISTIC_ENET,0.01,0.25,0.6930373453818504,0.24994494587188104,0.5233507642799677,0.5224215246636771,446,0.004645736749735365,0.6935019190568239
POWER_OBP__RATE100,S_K10,FULL,LOGISTIC_ENET,0.03,0.25,0.6919886611827777,0.24940718339140192,0.5395213193885761,0.5112107623318386,446,0.015393407292226564,0.6935280019120004
POWER_OBP__RATE100,PREV_K10,FULL,LOGISTIC_ENET,0.03,0.25,0.6919886611827777,0.24940718339140192,0.5395213193885761,0.5112107623318386,446,0.015393407292226564,0.6935280019120004
POWER_OBP__RATE100,PREV_K10,ORDER,LOGISTIC_ENET,0.03,0.25,0.6927277683532342,0.24980253599116797,0.5211987127916332,0.5291479820627802,446,0.00809931455231693,0.6935376998084659
POWER_OBP__RATE100,S_K10,ORDER,LOGISTIC_ENET,0.03,0.25,0.6927277683532342,0.24980253599116797,0.5211987127916332,0.5291479820627802,446,0.00809931455231693,0.6935376998084659
RIDGE_EVENT_A0.01__RATE075,S_MEAN,TAIL,LOGISTIC_ENET,0.1,0.75,0.6926238566632585,0.24975852488907302,0.5348350764279968,0.5179372197309418,446,0.009200588601011642,0.6935439155233597
RIDGE_EVENT_A0.1__RATE075,S_MEAN,TAIL,LOGISTIC_ENET,0.1,0.75,0.6926252286158395,0.24975918942780084,0.5348149637972647,0.5179372197309418,446,0.009201057071011562,0.6935453343229406
TOTAL_BASE_PLUS__RATE075,S_MEAN,TAIL,LOGISTIC_ENET,0.1,0.75,0.6924639154802638,0.24967392242554334,0.5329444891391795,0.5246636771300448,446,0.010860003990115098,0.6935499158792753
LW_STANDARD__RATE075,S_MEAN,TAIL,LOGISTIC_ENET,0.1,0.75,0.6926494194548614,0.24977076478128676,0.5312952534191472,0.5179372197309418,446,0.009055287737607706,0.6935549482286222
TOTAL_BASE_PLUS__RATE100,S_K5,SLOTS,LOGISTIC_ENET,0.01,0.25,0.6931159566184136,0.24998420509498592,0.5162912308930008,0.515695067264574,446,0.004430753464081123,0.6935590319648217
TOTAL_BASE_PLUS__RATE075,S_MEAN,FULL,LOGISTIC_ENET,0.01,0.25,0.6931033931093741,0.24997794851287988,0.5040627514078841,0.5224215246636771,446,0.00459164193210073,0.6935625573025842
TOTAL_BASE_PLUS__RATE100,S_MEAN,ORDER,LOGISTIC_ENET,0.1,0.5,0.6921378938369952,0.24951035869303398,0.5410498793242156,0.5201793721973094,446,0.01453464425541905,0.6935913582625371
POWER_OBP__RATE075,S_MEAN,MEAN,LOGISTIC_ENET,0.03,0.75,0.6931319468620533,0.24999198365852152,0.48051086082059535,0.5201793721973094,446,0.00469903870694418,0.6936018507327477
POWER_OBP__RATE075,S_MEAN,SLOTS,LOGISTIC_ENET,0.03,0.5,0.6931216753715659,0.24998677562209431,0.48901850362027355,0.515695067264574,446,0.004817083033181234,0.693603383674884
RIDGE_EVENT_A0.01__RATE100,S_MEAN,ORDER,LOGISTIC_ENET,0.01,0.25,0.6931468575401862,0.24999941501031994,0.47930410297666937,0.515695067264574,446,0.004728669909952751,0.6936197245311815
RIDGE_EVENT_A0.1__RATE100,S_MEAN,ORDER,LOGISTIC_ENET,0.01,0.25,0.6931473249075847,0.24999964849425524,0.47928399034593727,0.515695067264574,446,0.004727965502332561,0.6936201214578179
POWER_OBP__RATE075,S_MEAN,TAIL,LOGISTIC_ENET,0.03,0.75,0.6931503417353461,0.2500011627899454,0.48051086082059535,0.5201793721973094,446,0.004712856157220304,0.6936216273510681
RIDGE_EVENT_A0.01__RATE100,S_MEAN,TAIL,LOGISTIC_ENET,0.01,0.25,0.693179659406071,0.25001587441472006,0.5017900241351568,0.5201793721973094,446,0.004425911417041784,0.6936222505477752
RIDGE_EVENT_A0.1__RATE100,S_MEAN,TAIL,LOGISTIC_ENET,0.01,0.25,0.6931802209411326,0.25001615461842924,0.5017900241351568,0.5201793721973094,446,0.00442599187500213,0.6936228201286329
POWER_OBP__RATE100,S_K10,ORDER,LOGISTIC_ENET,0.03,0.75,0.6931576392024469,0.25000491853506657,0.4902755430410298,0.5134529147982063,446,0.004677678599367321,0.6936254070623836
POWER_OBP__RATE100,PREV_K10,ORDER,LOGISTIC_ENET,0.03,0.75,0.6931576392024469,0.25000491853506657,0.4902755430410298,0.5134529147982063,446,0.004677678599367321,0.6936254070623836
TOTAL_BASE_PLUS__RATE075,S_MEAN,ORDER,LOGISTIC_ENET,0.01,0.25,0.6931549801150723,0.2500034977015477,0.48384955752212394,0.5134529147982063,446,0.004708912121284909,0.6936258713272008
TOTAL_BASE_PLUS__RATE050,S_MEAN,DISTRIBUTION,LOGISTIC_L2,0.03,,0.6920993319791418,0.24946800718948484,0.541130329847144,0.5269058295964125,446,0.015273923788156014,0.6936267243579574
RIDGE_EVENT_A0.01__RATE075,S_MEAN,MEAN,LOGISTIC_ENET,0.03,0.75,0.6931611803998714,0.25000657882408844,0.47827835880933234,0.5179372197309418,446,0.004656025387311071,0.6936267829386025
POWER_OBP__RATE100,S_MEAN,ORDER,LOGISTIC_ENET,0.01,0.25,0.6931563254981059,0.25000415833556255,0.47920353982300884,0.515695067264574,446,0.004707192435892606,0.6936270447416951
RIDGE_EVENT_A0.1__RATE075,S_MEAN,MEAN,LOGISTIC_ENET,0.03,0.75,0.6931616181922742,0.2500067975332825,0.47827835880933234,0.5179372197309418,446,0.004655386315067995,0.693627156823781
POWER_OBP__RATE100,S_K10,MEAN,LOGISTIC_L2,0.01,,0.6923022040416168,0.2495970391189134,0.5276548672566371,0.5112107623318386,446,0.01326279312494278,0.6936284833541111
POWER_OBP__RATE100,PREV_K10,MEAN,LOGISTIC_L2,0.01,,0.6923022040416168,0.2495970391189134,0.5276548672566371,0.5112107623318386,446,0.01326279312494278,0.6936284833541111
POWER_OBP__RATE100,S_K5,ORDER,LOGISTIC_ENET,0.03,0.75,0.6931634654205886,0.25000783123517406,0.48918946098149646,0.5134529147982063,446,0.004675743246214405,0.69363103974521
LW_STANDARD__RATE100,S_MEAN,TAIL,LOGISTIC_ENET,0.03,0.75,0.6932095552870259,0.2500308493474055,0.5083065164923573,0.5201793721973094,446,0.004230239892620815,0.693632579276288
TOTAL_BASE_PLUS__RATE075,S_MEAN,MEAN,LOGISTIC_ENET,0.01,0.25,0.6931918616989969,0.2500219223802303,0.48016894609814964,0.515695067264574,446,0.004630814288370278,0.6936549431278339
POWER_OBP__RATE075,S_MEAN,ORDER,LOGISTIC_ENET,0.03,0.75,0.6931952579657891,0.25002360313439664,0.48045052292839896,0.515695067264574,446,0.004641423587015127,0.6936594003244906
RIDGE_EVENT_A0.01__RATE100,S_MEAN,MEAN,LOGISTIC_ENET,0.01,0.25,0.6932024729674341,0.2500272068558668,0.4780973451327434,0.5201793721973094,446,0.004614593009838079,0.6936639322684179
RIDGE_EVENT_A0.1__RATE100,S_MEAN,MEAN,LOGISTIC_ENET,0.01,0.25,0.6932028354064735,0.25002738792696827,0.4780973451327434,0.5201793721973094,446,0.004614067693165799,0.6936642421757901
RIDGE_EVENT_A0.01__RATE075,S_MEAN,ORDER,LOGISTIC_ENET,0.03,0.75,0.6932045691380491,0.25002824330514284,0.47821802091713594,0.5179372197309418,446,0.004630297169981225,0.6936675988550471
RIDGE_EVENT_A0.1__RATE075,S_MEAN,ORDER,LOGISTIC_ENET,0.03,0.75,0.6932052390129599,0.2500285779810099,0.47821802091713594,0.5179372197309418,446,0.004629316265513138,0.6936681706395113
TOTAL_BASE_PLUS__RATE075,S_MEAN,TAIL,LOGISTIC_ENET,0.01,0.25,0.6932055763990914,0.2500287660212836,0.48016894609814964,0.515695067264574,446,0.0046412114267244875,0.6936696975417639
TOTAL_BASE_PLUS__RATE100,S_K5,ORDER,LOGISTIC_ENET,0.03,0.75,0.6932143531580893,0.250033245174985,0.49009452936444087,0.515695067264574,446,0.0045981525408761645,0.693674168412177
POWER_OBP__RATE100,S_MEAN,MEAN,LOGISTIC_ENET,0.01,0.25,0.6932201411164371,0.25003604258376516,0.4778358809332261,0.5179372197309418,446,0.004588833410669531,0.6936790244575041
LW_STANDARD__RATE100,S_MEAN,MEAN,LOGISTIC_ENET,0.1,0.5,0.6921641915683205,0.24952599974197723,0.5438656476267096,0.5134529147982063,446,0.015232130440159216,0.6936874046123365
TOTAL_BASE_PLUS__RATE050,S_MEAN,MEAN,LOGISTIC_ENET,0.03,0.75,0.6932359321431079,0.2500439354962863,0.47906275140788424,0.515695067264574,446,0.0045473005524550685,0.6936906621983534
RIDGE_EVENT_A0.01__RATE075,S_MEAN,TAIL,LOGISTIC_ENET,0.03,0.75,0.6932722394451764,0.25006215824791533,0.5122485921158487,0.5134529147982063,446,0.004253723880800331,0.6936976118332564
RIDGE_EVENT_A0.1__RATE075,S_MEAN,TAIL,LOGISTIC_ENET,0.03,0.75,0.6932726335553578,0.25006235490220186,0.5122485921158487,0.5134529147982063,446,0.00425370687183428,0.6936980042425412
POWER_OBP__RATE100,S_MEAN,TAIL,LOGISTIC_ENET,0.01,0.25,0.6932444491629765,0.2500481772571903,0.4777152051488335,0.5201793721973094,446,0.004585687158887565,0.6937030178788652
TOTAL_BASE_PLUS__RATE050,S_MEAN,TAIL,LOGISTIC_ENET,0.03,0.75,0.6932546868813295,0.25005329440734936,0.47906275140788424,0.515695067264574,446,0.00456394221110654,0.6937110811024402
RIDGE_EVENT_A0.1__RATE075,S_MEAN,SLOTS,LOGISTIC_ENET,0.03,0.5,0.6932573046054339,0.2500545349125437,0.4876709573612229,0.5179372197309418,446,0.004640918319482192,0.6937213964373821
RIDGE_EVENT_A0.01__RATE075,S_MEAN,SLOTS,LOGISTIC_ENET,0.03,0.5,0.6932572429062911,0.25005450361037795,0.4876508447304908,0.5179372197309418,446,0.004641719889622632,0.6937214148952534
LW_STANDARD__RATE100,S_MEAN,ORDER,LOGISTIC_ENET,0.01,0.25,0.6932684866104961,0.2500601706793995,0.478419147224457,0.5224215246636771,446,0.004550314218040026,0.6937235180323001
LW_STANDARD__RATE075,S_MEAN,MEAN,LOGISTIC_ENET,0.03,0.75,0.6932914909118068,0.2500716776652658,0.478419147224457,0.515695067264574,446,0.0044687592231043,0.6937383668341172
LW_STANDARD__RATE100,S_MEAN,TAIL,LOGISTIC_ENET,0.01,0.25,0.693333486794947,0.2500927439894338,0.4987731295253419,0.5201793721973094,446,0.004177469883165928,0.6937512337832636
TOTAL_BASE_PLUS__RATE050,S_MEAN,ORDER,LOGISTIC_ENET,0.03,0.75,0.6933077496688033,0.2500798092564452,0.47745374094931614,0.5112107623318386,446,0.004478294277464315,0.6937555790965497
LW_STANDARD__RATE100,S_MEAN,MEAN,LOGISTIC_ENET,0.01,0.25,0.6933157620589865,0.25008380344338715,0.4781375703942075,0.5224215246636771,446,0.004453284973366201,0.6937610905563231
LW_STANDARD__RATE075,S_MEAN,ORDER,LOGISTIC_ENET,0.03,0.75,0.6933153423185283,0.25008358014575854,0.478419147224457,0.515695067264574,446,0.004474004366045462,0.6937627427551328
POWER_OBP__RATE100,S_K5,TAIL,LOGISTIC_ENET,0.03,0.25,0.6925310634796158,0.2497025429398074,0.5281375703942076,0.5112107623318386,446,0.012334281839949132,0.6937644916636108
POWER_OBP__RATE100,S_MEAN,TAIL,LOGISTIC_ENET,0.1,0.75,0.6927234170858609,0.24980579230630784,0.5321600965406275,0.5201793721973094,446,0.010495591701393435,0.6937729762560003
LW_STANDARD__RATE075,S_MEAN,SLOTS,LOGISTIC_ENET,0.03,0.5,0.693295861352619,0.25007366312651325,0.4825623491552695,0.5201793721973094,446,0.004904552066090048,0.693786316559228
POWER_OBP__RATE075,S_MEAN,DISTRIBUTION,LOGISTIC_L2,0.1,,0.6921121364819014,0.24944547192079147,0.544167337087691,0.5291479820627802,446,0.016840722239934915,0.6937962087058949
TOTAL_BASE_PLUS__RATE050,S_MEAN,SLOTS,LOGISTIC_ENET,0.03,0.5,0.6933170834220128,0.2500842055512326,0.4823209975864843,0.5179372197309418,446,0.004855521477650495,0.6938026355697778
TOTAL_BASE_PLUS__RATE050,S_MEAN,DISTRIBUTION,LOGISTIC_ENET,0.03,0.75,0.693373144354536,0.25011263299537834,0.48471440064360427,0.5112107623318386,446,0.00434597523138486,0.6938077418776745
LW_STANDARD__RATE075,S_MEAN,SLOTS,LOGISTIC_L2,0.01,,0.692393524134004,0.24962915039105263,0.5327031375703942,0.5201793721973094,446,0.014170108739547542,0.6938105350079588
RIDGE_EVENT_A0.01__RATE075,S_MEAN,TAIL,LOGISTIC_ENET,0.01,0.25,0.6934153348136279,0.250133619762533,0.4924778761061947,0.5134529147982063,446,0.004141696218454741,0.6938295044354734
RIDGE_EVENT_A0.1__RATE075,S_MEAN,TAIL,LOGISTIC_ENET,0.01,0.25,0.6934157282670885,0.2501338162168247,0.49245776347546255,0.5134529147982063,446,0.004141540532004754,0.693829882320289
POWER_OBP__RATE075,S_MEAN,MEAN,LOGISTIC_ENET,0.01,0.25,0.6934255123487242,0.2501386498542315,0.4780370072405471,0.5134529147982063,446,0.004305585255058482,0.6938560708742301
TOTAL_BASE_PLUS__RATE075,S_MEAN,ORDER,LOGISTIC_ENET,0.1,0.5,0.6924391396666898,0.24965464958306205,0.5392799678197908,0.5358744394618834,446,0.014238942143463648,0.6938630338810362
POWER_OBP__RATE075,S_MEAN,ORDER,LOGISTIC_ENET,0.01,0.25,0.6934355405805422,0.25014365070892525,0.47787610619469023,0.5067264573991032,446,0.004324128420523785,0.6938679534225947
LW_STANDARD__RATE075,S_MEAN,TAIL,LOGISTIC_ENET,0.03,0.75,0.6934451113860215,0.250148489617467,0.4858004827031376,0.5134529147982063,446,0.004228826973271761,0.6938679940833486
POWER_OBP__RATE100,PREV_K10,ORDER,LOGISTIC_ENET,0.01,0.25,0.6934388990875926,0.2501453768057715,0.47649839098954144,0.515695067264574,446,0.004304253801935265,0.6938693244677862
POWER_OBP__RATE100,S_K10,ORDER,LOGISTIC_ENET,0.01,0.25,0.6934388990875926,0.2501453768057715,0.47649839098954144,0.515695067264574,446,0.004304253801935265,0.6938693244677862
POWER_OBP__RATE075,S_MEAN,TAIL,LOGISTIC_ENET,0.01,0.25,0.6934403462996801,0.2501460522399586,0.4780370072405471,0.5134529147982063,446,0.004317000777620753,0.6938720463774422
RIDGE_EVENT_A0.01__RATE075,S_MEAN,MEAN,LOGISTIC_ENET,0.01,0.25,0.6934466560005426,0.25014921159321635,0.47827835880933234,0.5134529147982063,446,0.004277808134156846,0.6938744368139582
POWER_OBP__RATE100,S_K5,ORDER,LOGISTIC_ENET,0.01,0.25,0.6934442531109982,0.2501480526214157,0.4740647626709573,0.5134529147982063,446,0.004302987306797345,0.6938745518416779
RIDGE_EVENT_A0.1__RATE075,S_MEAN,MEAN,LOGISTIC_ENET,0.01,0.25,0.6934469704361741,0.2501493687248332,0.47827835880933234,0.5134529147982063,446,0.004277398710223117,0.6938747103071964
POWER_OBP__RATE100,S_K10,TAIL,LOGISTIC_ENET,0.03,0.25,0.6925679220289386,0.2497206409595572,0.529646017699115,0.5201793721973094,446,0.013112578814919389,0.6938791799104305
POWER_OBP__RATE100,PREV_K10,TAIL,LOGISTIC_ENET,0.03,0.25,0.6925679220289386,0.2497206409595572,0.529646017699115,0.5201793721973094,446,0.013112578814919389,0.6938791799104305
POWER_OBP__RATE075,S_MEAN,TAIL,LOGISTIC_ENET,0.1,0.75,0.6928118103105078,0.2498461714931313,0.5325221238938054,0.5112107623318386,446,0.01070309272063974,0.6938821195825717
LW_STANDARD__RATE100,S_MEAN,SLOTS,LOGISTIC_L2,0.01,,0.6924528345038674,0.2496613652362488,0.5317980691874497,0.5336322869955157,446,0.014333194940966682,0.693886153997964
POWER_OBP__RATE100,S_K5,DISTRIBUTION,LOGISTIC_ENET,0.1,0.25,0.6918674333916704,0.2492083461991282,0.5560941271118263,0.5560538116591929,446,0.020228149642284594,0.693890248355899
TOTAL_BASE_PLUS__RATE050,S_MEAN,FULL,LOGISTIC_ENET,0.03,0.75,0.6934584877446248,0.25015524386690235,0.4879525341914722,0.5112107623318386,446,0.004347152595023121,0.6938932030041272
RIDGE_EVENT_A0.01__RATE075,S_MEAN,ORDER,LOGISTIC_ENET,0.01,0.25,0.6934705766031047,0.25016115276773465,0.4781375703942075,0.5089686098654709,446,0.004276940341462924,0.6938982706372511
RIDGE_EVENT_A0.1__RATE075,S_MEAN,ORDER,LOGISTIC_ENET,0.01,0.25,0.6934710044571433,0.250161366589492,0.4781576830249396,0.5089686098654709,446,0.004276371678517331,0.693898641624995
TOTAL_BASE_PLUS__RATE050,S_MEAN,DISTRIBUTION,LOGISTIC_ENET,0.01,0.25,0.6934801737082074,0.25016603504460966,0.47894207562349156,0.5067264573991032,446,0.004226468403494507,0.6939028205485568
TOTAL_BASE_PLUS__RATE100,S_K5,ORDER,LOGISTIC_ENET,0.01,0.25,0.6934806304885963,0.2501662285773489,0.47362228479485113,0.515695067264574,446,0.00425218353041664,0.693905848841638
TOTAL_BASE_PLUS__RATE050,S_MEAN,MEAN,LOGISTIC_ENET,0.01,0.25,0.6934997457656649,0.2501757476110896,0.4778761061946903,0.5089686098654709,446,0.0042086460933133145,0.6939206103749962
RIDGE_EVENT_A0.1__RATE100,S_MEAN,DISTRIBUTION,LOGISTIC_L2,1.0,,0.6927476209516905,0.24963607480474667,0.5566170555108608,0.5336322869955157,446,0.011785538639218288,0.6939261748156124
TOTAL_BASE_PLUS__RATE050,S_MEAN,TAIL,LOGISTIC_ENET,0.01,0.25,0.6935041355458843,0.2501779314394348,0.4779766693483508,0.5089686098654709,446,0.004236173731608551,0.6939277529190452
TOTAL_BASE_PLUS__RATE050,S_MEAN,TAIL,LOGISTIC_ENET,0.1,0.75,0.6927872386719953,0.2498292365582342,0.5319991954947707,0.5224215246636771,446,0.011421144242253036,0.6939293530962206
RIDGE_EVENT_A0.01__RATE100,S_MEAN,DISTRIBUTION,LOGISTIC_L2,1.0,,0.6927512269984752,0.2496383074721754,0.5565164923572002,0.5336322869955157,446,0.011788566567764598,0.6939300836552517
RIDGE_EVENT_A0.1__RATE075,S_MEAN,SLOTS,LOGISTIC_L2,0.01,,0.6925808336404728,0.24972631589078742,0.5307924376508447,0.5134529147982063,446,0.013495867345695085,0.6939304203750424
RIDGE_EVENT_A0.01__RATE075,S_MEAN,SLOTS,LOGISTIC_L2,0.01,,0.69258085934486,0.2497263206011263,0.5308326629123089,0.5134529147982063,446,0.013496941308027342,0.6939305534756628
TOTAL_BASE_PLUS__RATE050,S_MEAN,ORDER,LOGISTIC_ENET,0.01,0.25,0.6935157421633517,0.2501837350855818,0.4770716009654063,0.5044843049327354,446,0.0042145735547080305,0.6939371995188225
LW_STANDARD__RATE075,S_MEAN,MEAN,LOGISTIC_ENET,0.01,0.25,0.6935402087541638,0.2501959620170874,0.478419147224457,0.5089686098654709,446,0.004157631673714805,0.6939559719215352
LW_STANDARD__RATE075,S_MEAN,TAIL,LOGISTIC_ENET,0.01,0.25,0.6935668948948001,0.2502093276816674,0.47755430410297667,0.5089686098654709,446,0.0040862058883807785,0.6939755154836381
TOTAL_BASE_PLUS__RATE050,S_MEAN,DISTRIBUTION,LOGISTIC_ENET,0.1,0.25,0.6923641635495542,0.2495887734806297,0.5433024939662108,0.5515695067264574,446,0.01618764578454088,0.6939829281280083
LW_STANDARD__RATE075,S_MEAN,ORDER,LOGISTIC_ENET,0.01,0.25,0.693567460466864,0.2502095641916892,0.4784191472244569,0.5089686098654709,446,0.004156444911609833,0.693983104958025
TOTAL_BASE_PLUS__RATE050,S_MEAN,FULL,LOGISTIC_ENET,0.01,0.25,0.6935669499184823,0.25020939648584134,0.4806918744971843,0.5067264573991032,446,0.00420756915558203,0.6939877068340405
RIDGE_EVENT_A0.1__RATE100,S_MEAN,SLOTS,LOGISTIC_L2,0.01,,0.6926180844205693,0.24974730727380604,0.5312148028962188,0.5224215246636771,446,0.013717815162584024,0.6939898659368277
RIDGE_EVENT_A0.01__RATE100,S_MEAN,SLOTS,LOGISTIC_L2,0.01,,0.6926182228150853,0.24974736851209725,0.5311343523732904,0.5224215246636771,446,0.013718706011730477,0.6939900934162584
POWER_OBP__RATE100,PREV_K10,SLOTS,LOGISTIC_ENET,0.1,0.75,0.6927126658915898,0.24981149767536492,0.5288012872083668,0.515695067264574,446,0.01281474147240905,0.6939941400388306
POWER_OBP__RATE100,S_K10,SLOTS,LOGISTIC_ENET,0.1,0.75,0.6927126658915898,0.24981149767536492,0.5288012872083668,0.515695067264574,446,0.01281474147240905,0.6939941400388306
POWER_OBP__RATE075,S_MEAN,MEAN,LOGISTIC_ENET,0.1,0.5,0.6926003498580741,0.24973702308606552,0.543141592920354,0.515695067264574,446,0.014716310532497277,0.6940719809113238
TOTAL_BASE_PLUS__RATE100,S_MEAN,SLOTS,LOGISTIC_ENET,0.03,0.25,0.693148067127623,0.2500054824206297,0.5302091713596139,0.5134529147982063,446,0.009393003024517867,0.6940873674300748
RIDGE_EVENT_A0.01__RATE075,S_MEAN,MEAN,LOGISTIC_ENET,0.1,0.5,0.6926266798859061,0.24975158212884768,0.5424577634754626,0.5291479820627802,446,0.01468747248939076,0.6940954271348452
RIDGE_EVENT_A0.1__RATE075,S_MEAN,MEAN,LOGISTIC_ENET,0.1,0.5,0.6926275368843406,0.2497520103292982,0.5424979887369268,0.5291479820627802,446,0.014687107199751838,0.6940962476043159
LW_STANDARD__RATE100,S_MEAN,SLOTS,LOGISTIC_ENET,0.03,0.25,0.6931376293495959,0.24999925718410806,0.5280168946098149,0.5067264573991032,446,0.00968417206114998,0.6941060465557108
LW_STANDARD__RATE075,S_MEAN,SLOTS,LOGISTIC_ENET,0.03,0.25,0.6932763244217834,0.2500641672751897,0.530450522928399,0.5089686098654709,446,0.009544242568319317,0.6942307486786153
TOTAL_BASE_PLUS__RATE100,S_MEAN,MEAN,LOGISTIC_ENET,0.1,0.25,0.6924045379575291,0.24962727068345902,0.5446299275945294,0.5246636771300448,446,0.018320785231931213,0.6942366164807222
TOTAL_BASE_PLUS__RATE075,S_MEAN,SLOTS,LOGISTIC_ENET,0.03,0.25,0.6933020263938222,0.2500785220427561,0.5318382944489138,0.5089686098654709,446,0.009419932799912005,0.6942440196738134
RIDGE_EVENT_A0.1__RATE100,S_MEAN,SLOTS,LOGISTIC_ENET,0.03,0.25,0.6932902811226338,0.25007436198157884,0.5275945293644408,0.5112107623318386,446,0.00963627585045497,0.6942539087076793
POWER_OBP__RATE100,S_MEAN,ORDER,LOGISTIC_ENET,0.1,0.5,0.6928326439218988,0.24985515799549,0.5367658889782784,0.5246636771300448,446,0.014213404961741907,0.694253984418073
RIDGE_EVENT_A0.01__RATE100,S_MEAN,SLOTS,LOGISTIC_ENET,0.03,0.25,0.6932905205265096,0.2500744782712015,0.527634754625905,0.5112107623318386,446,0.009636400493991882,0.6942541605759088
POWER_OBP__RATE100,S_K5,FULL,LOGISTIC_ENET,0.03,0.25,0.6928721029331015,0.2498318097277766,0.5335478680611424,0.5,446,0.014207126513921399,0.6942928155844936
TOTAL_BASE_PLUS__RATE100,S_MEAN,MEAN,LOGISTIC_L2,0.03,,0.6926238597139072,0.24975274171215955,0.5363234111021722,0.5201793721973094,446,0.016801107484235096,0.6943039704623307
LW_STANDARD__RATE075,S_MEAN,MEAN,LOGISTIC_ENET,0.1,0.5,0.6928582810132538,0.2498672944255778,0.5408889782783588,0.515695067264574,446,0.014699340600720794,0.6943282150733259
TOTAL_BASE_PLUS__RATE050,S_MEAN,MEAN,LOGISTIC_ENET,0.1,0.5,0.6929235589082351,0.2498933739519018,0.5414320193081256,0.5269058295964125,446,0.014101571436882569,0.6943337160519234
TOTAL_BASE_PLUS__RATE100,S_MEAN,ORDER,LOGISTIC_L2,0.03,,0.6928192410594238,0.24985305959257448,0.533487530168946,0.531390134529148,446,0.015234889890785426,0.6943427300485023
RIDGE_EVENT_A0.01__RATE100,S_MEAN,ORDER,LOGISTIC_ENET,0.1,0.5,0.6929354002440741,0.2499084335964377,0.5362027353177796,0.5291479820627802,446,0.014128736520469276,0.694348273896121
RIDGE_EVENT_A0.1__RATE100,S_MEAN,ORDER,LOGISTIC_ENET,0.1,0.5,0.6929362868258386,0.24990887892606806,0.5361826226870474,0.5291479820627802,446,0.014127588368573054,0.694349045662696
TOTAL_BASE_PLUS__RATE100,S_K5,FULL,LOGISTIC_ENET,0.01,0.5,0.6939943029028467,0.2504231038695169,0.46309332260659697,0.5067264573991032,446,0.0035822437207208234,0.6943525272749188
POWER_OBP__RATE100,S_MEAN,SLOTS,LOGISTIC_ENET,0.03,0.25,0.6934451834777365,0.25015500540145097,0.5250201126307321,0.5179372197309418,446,0.009163432468720902,0.6943615267246086
LW_STANDARD__RATE075,S_MEAN,FULL,LOGISTIC_ENET,0.03,0.25,0.6932087969538486,0.2500185211074388,0.5263073209975865,0.531390134529148,446,0.011580922372466164,0.6943668891910952
TOTAL_BASE_PLUS__RATE075,S_MEAN,SLOTS,LOGISTIC_L2,0.01,,0.6930244099393348,0.24994239360730972,0.5308728881737731,0.515695067264574,446,0.01355310064725193,0.69437972000406
TOTAL_BASE_PLUS__RATE075,S_MEAN,FULL,LOGISTIC_ENET,0.01,0.5,0.6940440491724948,0.25044793442969554,0.46309332260659697,0.5067264573991032,446,0.003549946049961016,0.694399043777491
POWER_OBP__RATE075,S_MEAN,SLOTS,LOGISTIC_L2,0.01,,0.6930523174455268,0.24995532880143442,0.5299879324215607,0.5067264573991032,446,0.013509649746667556,0.6944032824201936
TOTAL_BASE_PLUS__RATE050,S_MEAN,FULL,LOGISTIC_ENET,0.01,0.5,0.6940512128702134,0.2504515108359992,0.46309332260659697,0.5067264573991032,446,0.0035461461931398834,0.6944058274895274
TOTAL_BASE_PLUS__RATE100,S_MEAN,FULL,LOGISTIC_ENET,0.01,0.5,0.6940521122248352,0.2504519615081308,0.46309332260659697,0.5067264573991032,446,0.0035442995684759884,0.6944065421816829
POWER_OBP__RATE100,S_MEAN,FULL,LOGISTIC_ENET,0.01,0.5,0.6940536242915524,0.25045271664901825,0.46309332260659697,0.5067264573991032,446,0.003548947298572919,0.6944085190214097
POWER_OBP__RATE100,S_MEAN,FULL,LOGISTIC_ENET,0.03,0.25,0.6932642973769614,0.25003758475317295,0.5303499597747385,0.531390134529148,446,0.01148116608373609,0.694412413985335
TOTAL_BASE_PLUS__RATE100,S_K5,MEAN,LOGISTIC_ENET,0.1,0.75,0.693074452910547,0.24998739584907456,0.5227473853580048,0.4977578475336323,446,0.013410912695375985,0.6944155441800847
TOTAL_BASE_PLUS__RATE050,S_MEAN,SLOTS,LOGISTIC_ENET,0.03,0.75,0.6940500242304379,0.25045077533047627,0.47282783588093324,0.5067264573991032,446,0.003656230110620741,0.6944156472415
POWER_OBP__RATE075,S_MEAN,FULL,LOGISTIC_ENET,0.01,0.5,0.6940635548272565,0.25045767437244776,0.46309332260659697,0.5067264573991032,446,0.003544038456332138,0.6944179586728897
LW_STANDARD__RATE100,S_MEAN,FULL,LOGISTIC_ENET,0.01,0.5,0.6940649405425449,0.2504583678254163,0.46309332260659697,0.5067264573991032,446,0.0035430856725806627,0.6944192491098029
POWER_OBP__RATE100,S_K10,FULL,LOGISTIC_ENET,0.01,0.5,0.6940662197683617,0.25045898522481,0.47007240547063556,0.5067264573991032,446,0.00358153653765929,0.6944243734221276
POWER_OBP__RATE100,PREV_K10,FULL,LOGISTIC_ENET,0.01,0.5,0.6940662197683617,0.25045898522481,0.47007240547063556,0.5067264573991032,446,0.00358153653765929,0.6944243734221276
TOTAL_BASE_PLUS__RATE100,S_MEAN,SLOTS,LOGISTIC_L2,0.01,,0.6930782579795532,0.2499736512660856,0.5297465808527755,0.5291479820627802,446,0.013488541858433534,0.6944271121653967
RIDGE_EVENT_A0.01__RATE075,S_MEAN,SLOTS,LOGISTIC_ENET,0.03,0.25,0.6934864126885367,0.25016923752164266,0.5274336283185841,0.5089686098654709,446,0.009408615218281836,0.6944272742103649
RIDGE_EVENT_A0.1__RATE075,S_MEAN,SLOTS,LOGISTIC_ENET,0.03,0.25,0.6934865928411575,0.25016932828562805,0.5274537409493162,0.5067264573991032,446,0.009407678821505453,0.6944273607233081
LW_STANDARD__RATE075,S_MEAN,FULL,LOGISTIC_ENET,0.01,0.5,0.6940759970956862,0.25046388876172837,0.46309332260659697,0.5067264573991032,446,0.0035364569580324983,0.6944296427914894
TOTAL_BASE_PLUS__RATE100,S_MEAN,DISTRIBUTION,LOGISTIC_L2,0.1,,0.6928325962578333,0.24978796544534965,0.543543845534996,0.5224215246636771,446,0.0159740582557006,0.6944300020834034
RIDGE_EVENT_A0.01__RATE100,S_MEAN,FULL,LOGISTIC_ENET,0.01,0.5,0.6940789045079963,0.2504653424264089,0.46309332260659697,0.5067264573991032,446,0.003530414030268035,0.6944319459110231
RIDGE_EVENT_A0.1__RATE100,S_MEAN,FULL,LOGISTIC_ENET,0.01,0.5,0.6940789384185292,0.25046535936335207,0.46309332260659697,0.5067264573991032,446,0.0035303921911075745,0.69443197763764
POWER_OBP__RATE100,S_K5,FULL,LOGISTIC_ENET,0.01,0.5,0.6940784557343325,0.25046509334326106,0.47007240547063556,0.5067264573991032,446,0.0035790157436502755,0.6944363573086975
POWER_OBP__RATE100,PREV_K10,DISTRIBUTION,LOGISTIC_ENET,0.01,0.5,0.6940708126862509,0.25046127986546385,0.46309332260659697,0.5067264573991032,446,0.0037308354605019418,0.6944438962323011
POWER_OBP__RATE100,S_K10,DISTRIBUTION,LOGISTIC_ENET,0.01,0.5,0.6940708126862509,0.25046127986546385,0.46309332260659697,0.5067264573991032,446,0.0037308354605019418,0.6944438962323011
RIDGE_EVENT_A0.01__RATE075,S_MEAN,FULL,LOGISTIC_ENET,0.01,0.5,0.6940920579875209,0.25047191104260413,0.46309332260659697,0.5067264573991032,446,0.003519855525456515,0.6944440435400666
RIDGE_EVENT_A0.1__RATE075,S_MEAN,FULL,LOGISTIC_ENET,0.01,0.5,0.6940920951163408,0.2504719295879052,0.46309332260659697,0.5067264573991032,446,0.003519826154703671,0.6944440777318112
POWER_OBP__RATE100,S_K5,DISTRIBUTION,LOGISTIC_ENET,0.01,0.5,0.6940727233821815,0.25046223510743354,0.46309332260659697,0.5067264573991032,446,0.0037256654728366895,0.6944452899294652
TOTAL_BASE_PLUS__RATE100,S_MEAN,ORDER,LOGISTIC_ENET,0.01,0.5,0.6940738927118728,0.25046281628386946,0.46309332260659697,0.5067264573991032,446,0.0037325920363324968,0.6944471519155061
POWER_OBP__RATE100,S_MEAN,DISTRIBUTION,LOGISTIC_ENET,0.01,0.5,0.6940749050130232,0.2504633243953363,0.46309332260659697,0.5067264573991032,446,0.0037257154055209945,0.6944474765535753
LW_STANDARD__RATE100,S_MEAN,DISTRIBUTION,LOGISTIC_ENET,0.01,0.5,0.6940750827962747,0.25046341260321786,0.46309332260659697,0.5067264573991032,446,0.0037263774667517374,0.6944477205429499
POWER_OBP__RATE100,PREV_K10,ORDER,LOGISTIC_ENET,0.01,0.5,0.694074457534661,0.2504630976858667,0.46309332260659697,0.5067264573991032,446,0.0037353692546805654,0.6944479944601291
POWER_OBP__RATE100,S_K10,ORDER,LOGISTIC_ENET,0.01,0.5,0.694074457534661,0.2504630976858667,0.46309332260659697,0.5067264573991032,446,0.0037353692546805654,0.6944479944601291
POWER_OBP__RATE075,S_MEAN,DISTRIBUTION,LOGISTIC_ENET,0.01,0.5,0.6940757941743232,0.2504637672280049,0.46309332260659697,0.5067264573991032,446,0.003726927753347158,0.6944484869496579
RIDGE_EVENT_A0.1__RATE075,S_MEAN,DISTRIBUTION,LOGISTIC_ENET,0.01,0.5,0.6940759295761324,0.25046383551673945,0.46309332260659697,0.5067264573991032,446,0.003726081099628528,0.6944485376860953
RIDGE_EVENT_A0.01__RATE075,S_MEAN,DISTRIBUTION,LOGISTIC_ENET,0.01,0.5,0.6940759322250457,0.2504638368386373,0.46309332260659697,0.5067264573991032,446,0.003726077103533684,0.6944485399353991
TOTAL_BASE_PLUS__RATE100,S_K5,ORDER,LOGISTIC_ENET,0.01,0.5,0.6940749631430742,0.2504633499700846,0.46309332260659697,0.5067264573991032,446,0.003735917503226278,0.6944485548933967
LW_STANDARD__RATE075,S_MEAN,DISTRIBUTION,LOGISTIC_ENET,0.01,0.5,0.6940766909948969,0.2504642153927732,0.46309332260659697,0.5067264573991032,446,0.003725981036735175,0.6944492890985704
POWER_OBP__RATE100,S_K5,ORDER,LOGISTIC_ENET,0.01,0.5,0.6940764520993662,0.2504640932207898,0.46309332260659697,0.5067264573991032,446,0.0037374277315944753,0.6944501948725257
TOTAL_BASE_PLUS__RATE075,S_MEAN,ORDER,LOGISTIC_ENET,0.01,0.5,0.6940777490984117,0.25046474116051226,0.46309332260659697,0.5067264573991032,446,0.0037350428528707576,0.6944512533836987
POWER_OBP__RATE100,S_MEAN,ORDER,LOGISTIC_ENET,0.01,0.5,0.6940784851223135,0.2504651083899964,0.46309332260659697,0.5067264573991032,446,0.003730786976559199,0.6944515638199694
POWER_OBP__RATE100,S_K5,MEAN,LOGISTIC_ENET,0.1,0.75,0.6931052642605267,0.2500017642247206,0.523793242156074,0.5,446,0.013473396142029465,0.6944526038747296
TOTAL_BASE_PLUS__RATE050,S_MEAN,SLOTS,LOGISTIC_ENET,0.01,0.25,0.6940930084561644,0.2504722560591898,0.47282783588093324,0.5067264573991032,446,0.003625100253445847,0.694455518481509
RIDGE_EVENT_A0.01__RATE100,S_MEAN,DISTRIBUTION,LOGISTIC_ENET,0.01,0.5,0.6940853233309736,0.25046852403995146,0.46309332260659697,0.5067264573991032,446,0.0037163385754405,0.6944569571885176
RIDGE_EVENT_A0.1__RATE100,S_MEAN,DISTRIBUTION,LOGISTIC_ENET,0.01,0.5,0.6940853384766186,0.25046853160108107,0.46309332260659697,0.5067264573991032,446,0.0037163238019301843,0.6944569708568116
POWER_OBP__RATE100,S_K5,SLOTS,LOGISTIC_ENET,0.01,0.5,0.694083380813367,0.25046755069068555,0.46309332260659697,0.5067264573991032,446,0.0037429089420645033,0.6944576717075734
TOTAL_BASE_PLUS__RATE100,S_K5,SLOTS,LOGISTIC_ENET,0.01,0.5,0.6940835283653903,0.25046762426902436,0.46309332260659697,0.5067264573991032,446,0.0037433993852414413,0.6944578683039144
RIDGE_EVENT_A0.1__RATE100,S_MEAN,ORDER,LOGISTIC_ENET,0.01,0.5,0.6940874771633337,0.25046959686789566,0.46309332260659697,0.5067264573991032,446,0.0037211899219177984,0.6944595961555255
RIDGE_EVENT_A0.01__RATE100,S_MEAN,ORDER,LOGISTIC_ENET,0.01,0.5,0.6940874863754439,0.25046960146705827,0.46309332260659697,0.5067264573991032,446,0.0037211981733265443,0.6944596061927766
LW_STANDARD__RATE100,S_MEAN,ORDER,LOGISTIC_ENET,0.01,0.5,0.6940875763592027,0.25046964679344613,0.46309332260659697,0.5067264573991032,446,0.0037264452236864805,0.6944602208815713
TOTAL_BASE_PLUS__RATE100,S_K5,DISTRIBUTION,LOGISTIC_ENET,0.01,0.75,0.6940887308475232,0.25047023909663274,0.46309332260659697,0.5067264573991032,446,0.0037155300031163894,0.6944602838478349
POWER_OBP__RATE100,S_K5,DISTRIBUTION,LOGISTIC_ENET,0.01,0.75,0.6940888012352832,0.2504702732898862,0.46309332260659697,0.5067264573991032,446,0.0037166879082906196,0.6944604700261122
TOTAL_BASE_PLUS__RATE100,S_K5,DISTRIBUTION,LOGISTIC_ENET,0.01,0.5,0.6940892849398088,0.2504705168937368,0.46309332260659697,0.5067264573991032,446,0.003712142863607607,0.6944604992261696
POWER_OBP__RATE075,S_MEAN,ORDER,LOGISTIC_ENET,0.01,0.5,0.6940877033446788,0.2504697094090523,0.46309332260659697,0.5067264573991032,446,0.0037297780251512795,0.694460681147194
TOTAL_BASE_PLUS__RATE075,S_MEAN,DISTRIBUTION,LOGISTIC_ENET,0.01,0.5,0.6940899427028677,0.2504708443069155,0.46309332260659697,0.5067264573991032,446,0.0037131682752144825,0.6944612595303892
POWER_OBP__RATE100,S_MEAN,DISTRIBUTION,LOGISTIC_ENET,0.01,0.75,0.6940897684587009,0.25047075581843264,0.46309332260659697,0.5067264573991032,446,0.0037160858977190354,0.6944613770484728
LW_STANDARD__RATE100,S_MEAN,DISTRIBUTION,LOGISTIC_ENET,0.01,0.75,0.6940900121032298,0.25047087843833443,0.46309332260659697,0.5067264573991032,446,0.0037153347096047164,0.6944615455741903
POWER_OBP__RATE100,S_K10,DISTRIBUTION,LOGISTIC_ENET,0.01,0.75,0.6940901413461241,0.2504709423126852,0.46309332260659697,0.5067264573991032,446,0.0037187705679012912,0.6944620184029142
POWER_OBP__RATE100,PREV_K10,DISTRIBUTION,LOGISTIC_ENET,0.01,0.75,0.6940901413461241,0.2504709423126852,0.46309332260659697,0.5067264573991032,446,0.0037187705679012912,0.6944620184029142
RIDGE_EVENT_A0.1__RATE075,S_MEAN,ORDER,LOGISTIC_ENET,0.01,0.5,0.6940901990474966,0.2504709551922606,0.46309332260659697,0.5067264573991032,446,0.0037195278697173023,0.6944621518344684
RIDGE_EVENT_A0.01__RATE075,S_MEAN,ORDER,LOGISTIC_ENET,0.01,0.5,0.6940902067494786,0.2504709590383535,0.46309332260659697,0.5067264573991032,446,0.003719536715931132,0.6944621604210718
POWER_OBP__RATE075,S_MEAN,ORDER,LOGISTIC_ENET,0.1,0.5,0.6930812036620894,0.24997532797405342,0.5349557522123893,0.5426008968609866,446,0.013812584880667672,0.6944624621501562
TOTAL_BASE_PLUS__RATE075,S_MEAN,DISTRIBUTION,LOGISTIC_ENET,0.01,0.75,0.6940917564973836,0.250471749236761,0.46309332260659697,0.5067264573991032,446,0.003714836403745989,0.6944632401377583
RIDGE_EVENT_A0.1__RATE075,S_MEAN,DISTRIBUTION,LOGISTIC_ENET,0.01,0.75,0.6940918261450778,0.25047178500446543,0.46309332260659697,0.5067264573991032,446,0.0037154728982446415,0.6944633734349023
RIDGE_EVENT_A0.01__RATE075,S_MEAN,DISTRIBUTION,LOGISTIC_ENET,0.01,0.75,0.6940918283055675,0.2504717860827157,0.46309332260659697,0.5067264573991032,446,0.003715469914547912,0.6944633752970223
LW_STANDARD__RATE075,S_MEAN,DISTRIBUTION,LOGISTIC_ENET,0.01,0.75,0.6940921512066917,0.25047194710911347,0.46309332260659697,0.5067264573991032,446,0.0037140846559825364,0.6944635596722899
POWER_OBP__RATE075,S_MEAN,DISTRIBUTION,LOGISTIC_ENET,0.01,0.75,0.6940920397662123,0.25047189026556455,0.46309332260659697,0.5067264573991032,446,0.003715642189130218,0.6944636039851253
POWER_OBP__RATE100,S_K5,DISTRIBUTION,LOGISTIC_ENET,0.003,0.25,0.6940920655766794,0.2504719045154918,0.46309332260659697,0.5067264573991032,446,0.003715544642553514,0.6944636200409346
TOTAL_BASE_PLUS__RATE100,S_MEAN,TAIL,LOGISTIC_ENET,0.1,0.5,0.6932506980949262,0.25007784401219524,0.5301890587288817,0.5201793721973094,446,0.012131741625345154,0.6944638722574608
POWER_OBP__RATE100,S_K10,MEAN,LOGISTIC_ENET,0.03,0.75,0.6941073427993171,0.2504794574348588,0.47007240547063556,0.5067264573991032,446,0.0035687229518646187,0.6944642150945035
POWER_OBP__RATE100,PREV_K10,MEAN,LOGISTIC_ENET,0.03,0.75,0.6941073427993171,0.2504794574348588,0.47007240547063556,0.5067264573991032,446,0.0035687229518646187,0.6944642150945035
TOTAL_BASE_PLUS__RATE100,S_MEAN,DISTRIBUTION,LOGISTIC_ENET,0.01,0.5,0.6940936586661894,0.2504726989205672,0.46309332260659697,0.5067264573991032,446,0.0037084332419227237,0.6944645019903817
LW_STANDARD__RATE100,S_MEAN,DISTRIBUTION,LOGISTIC_ENET,0.003,0.25,0.6940934484168423,0.25047259531012417,0.46309332260659697,0.5067264573991032,446,0.0037146886276615406,0.6944649172796085
POWER_OBP__RATE100,S_K10,DISTRIBUTION,LOGISTIC_ENET,0.003,0.25,0.6940931839913612,0.2504724626379993,0.46309332260659697,0.5067264573991032,446,0.003717450167755603,0.6944649290081368
POWER_OBP__RATE100,PREV_K10,DISTRIBUTION,LOGISTIC_ENET,0.003,0.25,0.6940931839913612,0.2504724626379993,0.46309332260659697,0.5067264573991032,446,0.003717450167755603,0.6944649290081368
POWER_OBP__RATE100,S_K10,SLOTS,LOGISTIC_ENET,0.01,0.75,0.6940921096639194,0.25047192268924007,0.46309332260659697,0.5067264573991032,446,0.0037292642227840836,0.6944650360861978
POWER_OBP__RATE100,PREV_K10,SLOTS,LOGISTIC_ENET,0.01,0.75,0.6940921096639194,0.25047192268924007,0.46309332260659697,0.5067264573991032,446,0.0037292642227840836,0.6944650360861978
POWER_OBP__RATE100,S_MEAN,DISTRIBUTION,LOGISTIC_ENET,0.003,0.25,0.6940939808048797,0.25047286045690714,0.46309332260659697,0.5067264573991032,446,0.0037155685073809244,0.6944655376556178
LW_STANDARD__RATE075,S_MEAN,DISTRIBUTION,LOGISTIC_ENET,0.003,0.25,0.6940943955126331,0.2504730683427206,0.46309332260659697,0.5067264573991032,446,0.003714411496816782,0.6944658366623148
TOTAL_BASE_PLUS__RATE050,S_MEAN,DISTRIBUTION,LOGISTIC_ENET,0.01,0.5,0.6940944685956172,0.25047310431241526,0.46309332260659697,0.5067264573991032,446,0.003714199304266136,0.6944658885260439
POWER_OBP__RATE100,S_K10,FULL,LOGISTIC_ENET,0.01,0.75,0.6940929458479479,0.2504723419485928,0.46309332260659697,0.5067264573991032,446,0.0037301198028709555,0.694465957828235
POWER_OBP__RATE100,PREV_K10,FULL,LOGISTIC_ENET,0.01,0.75,0.6940929458479479,0.2504723419485928,0.46309332260659697,0.5067264573991032,446,0.0037301198028709555,0.694465957828235
TOTAL_BASE_PLUS__RATE050,S_MEAN,DISTRIBUTION,LOGISTIC_ENET,0.01,0.75,0.6940943603952171,0.2504730490562627,0.46309332260659697,0.5067264573991032,446,0.0037161512656817873,0.6944659755217852
POWER_OBP__RATE075,S_MEAN,DISTRIBUTION,LOGISTIC_ENET,0.003,0.25,0.6940952356081309,0.2504734871344653,0.46309332260659697,0.5067264573991032,446,0.0037153813380150385,0.6944667737419324
LW_STANDARD__RATE075,S_MEAN,ORDER,LOGISTIC_ENET,0.01,0.5,0.6940942250978228,0.25047296523227086,0.46309332260659697,0.5067264573991032,446,0.003725652411850817,0.6944667903390079
POWER_OBP__RATE100,PREV_K10,FULL,LOGISTIC_ENET,0.003,0.25,0.6940947231581611,0.2504732307318942,0.46309332260659697,0.5067264573991032,446,0.0037252142916887197,0.69446724458733
POWER_OBP__RATE100,S_K10,FULL,LOGISTIC_ENET,0.003,0.25,0.6940947231581611,0.2504732307318942,0.46309332260659697,0.5067264573991032,446,0.0037252142916887197,0.69446724458733
TOTAL_BASE_PLUS__RATE100,S_MEAN,DISTRIBUTION,LOGISTIC_ENET,0.01,0.75,0.6940963365337537,0.25047403490437364,0.46309332260659697,0.5067264573991032,446,0.0037103673417730643,0.694467373267931
POWER_OBP__RATE100,S_K10,SLOTS,LOGISTIC_ENET,0.003,0.25,0.6940953365811529,0.2504735352964301,0.46309332260659697,0.5067264573991032,446,0.0037259334712053116,0.6944679299282734
POWER_OBP__RATE100,PREV_K10,SLOTS,LOGISTIC_ENET,0.003,0.25,0.6940953365811529,0.2504735352964301,0.46309332260659697,0.5067264573991032,446,0.0037259334712053116,0.6944679299282734
POWER_OBP__RATE100,S_K10,MEAN,LOGISTIC_ENET,0.01,0.5,0.6940966116083097,0.25047417372174985,0.46309332260659697,0.5067264573991032,446,0.0037160932345503828,0.6944682209317647
POWER_OBP__RATE100,PREV_K10,MEAN,LOGISTIC_ENET,0.01,0.5,0.6940966116083097,0.25047417372174985,0.46309332260659697,0.5067264573991032,446,0.0037160932345503828,0.6944682209317647
TOTAL_BASE_PLUS__RATE100,S_K5,MEAN,LOGISTIC_ENET,0.01,0.5,0.694096922605298,0.250474328922758,0.46309332260659697,0.5067264573991032,446,0.0037165460271560893,0.6944685772080136
POWER_OBP__RATE100,S_K5,MEAN,LOGISTIC_ENET,0.01,0.5,0.6940971687565882,0.25047445177599986,0.46309332260659697,0.5067264573991032,446,0.0037167894573842107,0.6944688477023266
POWER_OBP__RATE100,S_K5,SLOTS,LOGISTIC_ENET,0.01,0.75,0.694095722599981,0.25047372575423377,0.46309332260659697,0.5067264573991032,446,0.0037327593230685953,0.6944689985322878
LW_STANDARD__RATE100,S_MEAN,SLOTS,LOGISTIC_ENET,0.01,0.75,0.6940980523871019,0.2504748865039552,0.46309332260659697,0.5067264573991032,446,0.0037203211924792083,0.6944700845063498
TOTAL_BASE_PLUS__RATE100,S_K5,SLOTS,LOGISTIC_ENET,0.01,0.75,0.6940969477172628,0.2504743376777036,0.46309332260659697,0.5067264573991032,446,0.0037317108881902536,0.6944701188060819
POWER_OBP__RATE100,S_K10,TAIL,LOGISTIC_ENET,0.01,0.75,0.6940973117252817,0.250474521316615,0.46309332260659697,0.5067264573991032,446,0.0037284623867589527,0.6944701579639576
POWER_OBP__RATE100,PREV_K10,TAIL,LOGISTIC_ENET,0.01,0.75,0.6940973117252817,0.250474521316615,0.46309332260659697,0.5067264573991032,446,0.0037284623867589527,0.6944701579639576
TOTAL_BASE_PLUS__RATE100,S_K5,TAIL,LOGISTIC_ENET,0.01,0.75,0.6940975562683505,0.25047464316428575,0.46309332260659697,0.5067264573991032,446,0.0037276854408301217,0.6944703248124334
POWER_OBP__RATE100,S_MEAN,MEAN,LOGISTIC_ENET,0.01,0.5,0.6940986127586637,0.25047517263060876,0.46309332260659697,0.5067264573991032,446,0.0037182600999521643,0.6944704387686589
TOTAL_BASE_PLUS__RATE100,S_MEAN,MEAN,LOGISTIC_ENET,0.01,0.5,0.6940988092416928,0.2504752710600304,0.46309332260659697,0.5067264573991032,446,0.0037171936625896985,0.6944705286079518
RIDGE_EVENT_A0.01__RATE100,S_MEAN,DISTRIBUTION,LOGISTIC_ENET,0.01,0.75,0.6940999419471789,0.25047583430154907,0.46309332260659697,0.5067264573991032,446,0.0037075570268222937,0.6944706976498611
POWER_OBP__RATE100,S_K5,SLOTS,LOGISTIC_ENET,0.003,0.25,0.6940978294513533,0.2504747793765814,0.46309332260659697,0.5067264573991032,446,0.003728795040595475,0.6944707089554129
RIDGE_EVENT_A0.1__RATE100,S_MEAN,DISTRIBUTION,LOGISTIC_ENET,0.01,0.75,0.6940999601073358,0.2504758433683519,0.46309332260659697,0.5067264573991032,446,0.003707542932170307,0.6944707144005527
RIDGE_EVENT_A0.1__RATE100,S_MEAN,MEAN,LOGISTIC_ENET,0.01,0.5,0.6940989883811283,0.2504753604908878,0.46309332260659697,0.5067264573991032,446,0.0037177301541733696,0.6944707613965456
RIDGE_EVENT_A0.01__RATE100,S_MEAN,MEAN,LOGISTIC_ENET,0.01,0.5,0.6940989886335215,0.25047536061682013,0.46309332260659697,0.5067264573991032,446,0.0037177285214543797,0.6944707614856669
LW_STANDARD__RATE100,S_MEAN,MEAN,LOGISTIC_ENET,0.01,0.5,0.6940991311733626,0.25047543150413765,0.46309332260659697,0.5067264573991032,446,0.0037180763993750706,0.6944709388133001
TOTAL_BASE_PLUS__RATE100,S_K5,SLOTS,LOGISTIC_ENET,0.003,0.25,0.6940982089216389,0.2504749692048853,0.46309332260659697,0.5067264573991032,446,0.0037276393535215667,0.694470972856991
RIDGE_EVENT_A0.01__RATE075,S_MEAN,SLOTS,LOGISTIC_ENET,0.01,0.75,0.6940992295005537,0.2504754728482342,0.46309332260659697,0.5067264573991032,446,0.0037197564351218,0.6944712051440659
POWER_OBP__RATE100,S_K10,TAIL,LOGISTIC_ENET,0.003,0.25,0.6940986998320388,0.2504752157259968,0.46309332260659697,0.5067264573991032,446,0.003725066708426306,0.6944712065028814
POWER_OBP__RATE100,PREV_K10,TAIL,LOGISTIC_ENET,0.003,0.25,0.6940986998320388,0.2504752157259968,0.46309332260659697,0.5067264573991032,446,0.003725066708426306,0.6944712065028814
RIDGE_EVENT_A0.1__RATE075,S_MEAN,SLOTS,LOGISTIC_ENET,0.01,0.75,0.6940992311344352,0.2504754736560181,0.46309332260659697,0.5067264573991032,446,0.0037197810263407552,0.6944712092370693
TOTAL_BASE_PLUS__RATE075,S_MEAN,MEAN,LOGISTIC_ENET,0.01,0.5,0.6940994668289334,0.25047559909668177,0.46309332260659697,0.5067264573991032,446,0.00371815360889236,0.6944712821898227
POWER_OBP__RATE075,S_MEAN,MEAN,LOGISTIC_ENET,0.01,0.5,0.6940994573310534,0.2504755939833374,0.46309332260659697,0.5067264573991032,446,0.003719412313224105,0.6944713985623758
POWER_OBP__RATE100,S_K5,TAIL,LOGISTIC_ENET,0.01,0.75,0.6940986821701517,0.25047520515335325,0.46309332260659697,0.5067264573991032,446,0.003728573624237778,0.6944715395325755
RIDGE_EVENT_A0.01__RATE075,S_MEAN,MEAN,LOGISTIC_ENET,0.01,0.5,0.6940997316866467,0.25047573110748844,0.46309332260659697,0.5067264573991032,446,0.0037191140133750536,0.6944716430879843
RIDGE_EVENT_A0.1__RATE075,S_MEAN,MEAN,LOGISTIC_ENET,0.01,0.5,0.6940997315921842,0.2504757310599937,0.46309332260659697,0.5067264573991032,446,0.003719116389886638,0.6944716432311728
TOTAL_BASE_PLUS__RATE050,S_MEAN,MEAN,LOGISTIC_ENET,0.01,0.5,0.694099807673376,0.2504757690242894,0.46309332260659697,0.5067264573991032,446,0.003718762628686285,0.6944716839362446
LW_STANDARD__RATE075,S_MEAN,MEAN,LOGISTIC_ENET,0.01,0.5,0.6940998975971956,0.2504758138682566,0.46309332260659697,0.5067264573991032,446,0.0037191341779890977,0.6944718110149946
RIDGE_EVENT_A0.01__RATE075,S_MEAN,SLOTS,LOGISTIC_ENET,0.003,0.25,0.6941004759569467,0.2504760972680574,0.46309332260659697,0.5067264573991032,446,0.0037136363085118976,0.6944718395877979
RIDGE_EVENT_A0.1__RATE075,S_MEAN,SLOTS,LOGISTIC_ENET,0.003,0.25,0.6941004769989882,0.250476097780034,0.46309332260659697,0.5067264573991032,446,0.0037136590675759884,0.6944718429057458
LW_STANDARD__RATE075,S_MEAN,TAIL,LOGISTIC_ENET,0.003,0.25,0.6940998618162487,0.25047579594380204,0.46309332260659697,0.5067264573991032,446,0.003720998767116505,0.6944719616929603
POWER_OBP__RATE100,S_K5,TAIL,LOGISTIC_ENET,0.003,0.25,0.6940994720090387,0.25047560099776334,0.46309332260659697,0.5067264573991032,446,0.003725014418919142,0.6944719734509306
RIDGE_EVENT_A0.01__RATE075,S_MEAN,SLOTS,LOGISTIC_ENET,0.01,0.5,0.694099710387618,0.25047571334425633,0.46309332260659697,0.5067264573991032,446,0.0037229368064529045,0.6944720040682633
RIDGE_EVENT_A0.1__RATE075,S_MEAN,SLOTS,LOGISTIC_ENET,0.01,0.5,0.6940997124840894,0.2504757143827464,0.46309332260659697,0.5067264573991032,446,0.0037229630395334,0.6944720087880427
TOTAL_BASE_PLUS__RATE075,S_MEAN,TAIL,LOGISTIC_ENET,0.01,0.75,0.6940997184399437,0.25047572268387036,0.46309332260659697,0.5067264573991032,446,0.0037231080378406596,0.6944720292437278
POWER_OBP__RATE075,S_MEAN,TAIL,LOGISTIC_ENET,0.003,0.25,0.694100335838364,0.25047603252956463,0.46309332260659697,0.5067264573991032,446,0.0037206470142707197,0.694472400539791
LW_STANDARD__RATE075,S_MEAN,TAIL,LOGISTIC_ENET,0.01,0.75,0.6941001882718142,0.25047595703394526,0.46309332260659697,0.5067264573991032,446,0.003724899043933804,0.6944726781762076
POWER_OBP__RATE075,S_MEAN,TAIL,LOGISTIC_ENET,0.01,0.75,0.6941003093450038,0.25047601740859876,0.46309332260659697,0.5067264573991032,446,0.0037243630272196745,0.6944727456477258
POWER_OBP__RATE100,S_K5,FULL,LOGISTIC_ENET,0.01,0.75,0.6941002564939681,0.25047599076182236,0.46309332260659697,0.5067264573991032,446,0.003727052749320768,0.6944729617689002
POWER_OBP__RATE100,S_K5,FULL,LOGISTIC_ENET,0.003,0.25,0.6941008775534202,0.2504763025699484,0.46309332260659697,0.5067264573991032,446,0.0037216970099394064,0.6944730472544142
TOTAL_BASE_PLUS__RATE100,S_K5,MEAN,LOGISTIC_ENET,0.03,0.75,0.6941172916646464,0.25048443218305244,0.47007240547063556,0.5067264573991032,446,0.0035609173944863327,0.694473383404095
TOTAL_BASE_PLUS__RATE050,S_MEAN,TAIL,LOGISTIC_ENET,0.01,0.75,0.6941018246681218,0.2504767736538233,0.46309332260659697,0.5067264573991032,446,0.0037258132184904806,0.6944744059899708
POWER_OBP__RATE100,S_K5,MEAN,LOGISTIC_ENET,0.03,0.75,0.6941183037931588,0.2504849373103769,0.47007240547063556,0.5067264573991032,446,0.0035618093647328173,0.694474484729632
TOTAL_BASE_PLUS__RATE100,S_K5,FULL,LOGISTIC_ENET,0.003,0.25,0.6941032907680448,0.2504775076319873,0.46309332260659697,0.5067264573991032,446,0.0037194351930761893,0.6944752342873524
TOTAL_BASE_PLUS__RATE100,S_K5,FULL,LOGISTIC_ENET,0.01,0.75,0.6941030074841126,0.25047736459914843,0.46309332260659697,0.5067264573991032,446,0.0037242625889279154,0.6944754337430054
LW_STANDARD__RATE075,S_MEAN,SLOTS,LOGISTIC_ENET,0.01,0.75,0.6941037437605204,0.2504777282088041,0.46309332260659697,0.5067264573991032,446,0.0037221989234195287,0.6944759636528623
TOTAL_BASE_PLUS__RATE050,S_MEAN,SLOTS,LOGISTIC_ENET,0.01,0.75,0.6941040227999422,0.2504778676987773,0.46309332260659697,0.5067264573991032,446,0.0037198103499622944,0.6944760038349385
POWER_OBP__RATE100,S_K10,TAIL,LOGISTIC_ENET,0.01,0.5,0.6941033279045624,0.2504775254440288,0.46309332260659697,0.5067264573991032,446,0.0037315252551079993,0.6944764804300733
POWER_OBP__RATE100,PREV_K10,TAIL,LOGISTIC_ENET,0.01,0.5,0.6941033279045624,0.2504775254440288,0.46309332260659697,0.5067264573991032,446,0.0037315252551079993,0.6944764804300733
TOTAL_BASE_PLUS__RATE100,S_K5,TAIL,LOGISTIC_ENET,0.01,0.5,0.6941036441357418,0.2504776829730057,0.46309332260659697,0.5067264573991032,446,0.0037304560887009715,0.6944766897446119
RIDGE_EVENT_A0.01__RATE075,S_MEAN,TAIL,LOGISTIC_ENET,0.01,0.75,0.6941053146985368,0.2504785160135295,0.46309332260659697,0.5067264573991032,446,0.0037186415356032197,0.694477178852097
RIDGE_EVENT_A0.1__RATE075,S_MEAN,TAIL,LOGISTIC_ENET,0.01,0.75,0.6941053332827092,0.25047852528929615,0.46309332260659697,0.5067264573991032,446,0.0037186251218541675,0.6944771957948946
RIDGE_EVENT_A0.1__RATE100,S_MEAN,TAIL,LOGISTIC_ENET,0.01,0.75,0.6941072967918828,0.25047950493020754,0.46309332260659697,0.5067264573991032,446,0.0037043548549927766,0.6944777322773821
RIDGE_EVENT_A0.01__RATE100,S_MEAN,TAIL,LOGISTIC_ENET,0.01,0.75,0.6941073299374809,0.25047952148012426,0.46309332260659697,0.5067264573991032,446,0.0037043634758699806,0.694477766285068
TOTAL_BASE_PLUS__RATE050,S_MEAN,ORDER,LOGISTIC_ENET,0.01,0.5,0.6941058623664355,0.2504787912548769,0.46309332260659697,0.5067264573991032,446,0.003721709459485255,0.694478033312384
POWER_OBP__RATE100,S_MEAN,TAIL,LOGISTIC_ENET,0.01,0.75,0.6941070854445271,0.250479399896767,0.46309332260659697,0.5067264573991032,446,0.003715017287481284,0.6944785871732753
LW_STANDARD__RATE100,S_MEAN,TAIL,LOGISTIC_ENET,0.01,0.75,0.6941071778768076,0.25047944625218,0.46309332260659697,0.5067264573991032,446,0.003715751328417482,0.6944787530096493
POWER_OBP__RATE100,S_K5,TAIL,LOGISTIC_ENET,0.01,0.5,0.6941062479172322,0.25047898252296524,0.46309332260659697,0.5067264573991032,446,0.00373154232422204,0.6944794021496544
RIDGE_EVENT_A0.1__RATE100,S_MEAN,SLOTS,LOGISTIC_ENET,0.01,0.75,0.6941091352284205,0.2504804202433524,0.46309332260659697,0.5067264573991032,446,0.003721980174654021,0.6944813332458859
RIDGE_EVENT_A0.01__RATE100,S_MEAN,SLOTS,LOGISTIC_ENET,0.01,0.75,0.6941091498588458,0.25048042754929045,0.46309332260659697,0.5067264573991032,446,0.0037219747549517663,0.694481347334341
TOTAL_BASE_PLUS__RATE075,S_MEAN,TAIL,LOGISTIC_ENET,0.01,0.5,0.6941091508109914,0.25048043194645003,0.46309332260659697,0.5067264573991032,446,0.003726430561194798,0.694481793867111
POWER_OBP__RATE100,PREV_K10,MEAN,LOGISTIC_ENET,0.01,0.25,0.6941254436348496,0.2504885018482435,0.47007240547063556,0.5067264573991032,446,0.003566822325672974,0.694482125867417
POWER_OBP__RATE100,S_K10,MEAN,LOGISTIC_ENET,0.01,0.25,0.6941254436348496,0.2504885018482435,0.47007240547063556,0.5067264573991032,446,0.003566822325672974,0.694482125867417
POWER_OBP__RATE075,S_MEAN,TAIL,LOGISTIC_ENET,0.01,0.5,0.6941100096352816,0.2504808600752669,0.46309332260659697,0.5067264573991032,446,0.0037286833849640966,0.694482877973778
TOTAL_BASE_PLUS__RATE050,S_MEAN,TAIL,LOGISTIC_ENET,0.01,0.5,0.6941106329400875,0.2504811713426981,0.46309332260659697,0.5067264573991032,446,0.0037289892708914714,0.6944835318671766
LW_STANDARD__RATE075,S_MEAN,TAIL,LOGISTIC_ENET,0.01,0.5,0.6941112985498527,0.25048150367180977,0.46309332260659697,0.5067264573991032,446,0.00372866410749746,0.6944841649606024
TOTAL_BASE_PLUS__RATE100,S_K5,MEAN,LOGISTIC_ENET,0.01,0.25,0.6941278639972697,0.2504897126335608,0.47007240547063556,0.5067264573991032,446,0.0035645591522032592,0.69448431991249
POWER_OBP__RATE100,S_K5,MEAN,LOGISTIC_ENET,0.01,0.25,0.6941286280949733,0.2504900939724081,0.47007240547063556,0.5067264573991032,446,0.0035653253539269275,0.694485160630366
TOTAL_BASE_PLUS__RATE100,S_MEAN,TAIL,LOGISTIC_ENET,0.01,0.75,0.6941148331759293,0.2504832673700497,0.46309332260659697,0.5067264573991032,446,0.0037077260843006,0.6944856057843594
TOTAL_BASE_PLUS__RATE075,S_MEAN,SLOTS,LOGISTIC_ENET,0.01,0.5,0.6941148334401461,0.2504832648163512,0.46309332260659697,0.5067264573991032,446,0.00372054885529233,0.6944868883256754
TOTAL_BASE_PLUS__RATE050,S_MEAN,SLOTS,LOGISTIC_ENET,0.01,0.5,0.6941146604716362,0.250483178371896,0.46309332260659697,0.5067264573991032,446,0.0037228654487889887,0.694486947016515
POWER_OBP__RATE075,S_MEAN,SLOTS,LOGISTIC_ENET,0.01,0.5,0.6941147705605594,0.25048323295451813,0.46309332260659697,0.5067264573991032,446,0.0037218359640984614,0.6944869541569693
TOTAL_BASE_PLUS__RATE100,S_K5,TAIL,LOGISTIC_ENET,0.03,0.75,0.6941302368337976,0.2504908916033934,0.47007240547063556,0.5067264573991032,446,0.0035724887627009753,0.6944874857100677
POWER_OBP__RATE100,S_MEAN,TAIL,LOGISTIC_ENET,0.01,0.5,0.6941169126986839,0.25048430601797195,0.46309332260659697,0.5067264573991032,446,0.003718996576000871,0.694488812356284
TOTAL_BASE_PLUS__RATE100,S_MEAN,SLOTS,LOGISTIC_ENET,0.01,0.5,0.6941168506927574,0.25048427205571955,0.46309332260659697,0.5067264573991032,446,0.0037201291803816957,0.6944888636107955
RIDGE_EVENT_A0.01__RATE075,S_MEAN,TAIL,LOGISTIC_ENET,0.01,0.5,0.6941170128262614,0.2504843561060112,0.46309332260659697,0.5067264573991032,446,0.003721466520328275,0.6944891594782941
RIDGE_EVENT_A0.1__RATE075,S_MEAN,TAIL,LOGISTIC_ENET,0.01,0.5,0.6941170349437099,0.2504843671452855,0.46309332260659697,0.5067264573991032,446,0.0037214528847030557,0.6944891802321802
POWER_OBP__RATE100,PREV_K10,TAIL,LOGISTIC_ENET,0.03,0.75,0.6941323108654394,0.2504919250622282,0.47007240547063556,0.5067264573991032,446,0.00357029718928624,0.694489340584368
POWER_OBP__RATE100,S_K10,TAIL,LOGISTIC_ENET,0.03,0.75,0.6941323108654394,0.2504919250622282,0.47007240547063556,0.5067264573991032,446,0.00357029718928624,0.694489340584368
POWER_OBP__RATE100,S_MEAN,SLOTS,LOGISTIC_ENET,0.01,0.5,0.6941174781678983,0.2504845844940264,0.46309332260659697,0.5067264573991032,446,0.003722939510009159,0.6944897721188992
LW_STANDARD__RATE075,S_MEAN,SLOTS,LOGISTIC_ENET,0.01,0.5,0.6941175059915934,0.2504845993791354,0.46309332260659697,0.5067264573991032,446,0.00372388281166352,0.6944898942727598
LW_STANDARD__RATE100,S_MEAN,TAIL,LOGISTIC_ENET,0.01,0.5,0.694118291116443,0.25048499433198096,0.46309332260659697,0.5067264573991032,446,0.003719509558153346,0.6944902420722583
LW_STANDARD__RATE100,S_MEAN,SLOTS,LOGISTIC_ENET,0.01,0.5,0.6941182192302807,0.2504849559203456,0.46309332260659697,0.5067264573991032,446,0.003721462534200104,0.6944903654837007
POWER_OBP__RATE100,S_K5,TAIL,LOGISTIC_ENET,0.03,0.75,0.694132987335012,0.25049226434066263,0.47007240547063556,0.5067264573991032,446,0.0035738301272180396,0.6944903703477339
RIDGE_EVENT_A0.1__RATE100,S_MEAN,SLOTS,LOGISTIC_ENET,0.03,0.75,0.6941335135183484,0.2504925127762596,0.4757039420756235,0.5067264573991032,446,0.0036019202455144844,0.6944937055428998
RIDGE_EVENT_A0.01__RATE100,S_MEAN,SLOTS,LOGISTIC_ENET,0.01,0.5,0.6941214699230233,0.25048657871393365,0.46309332260659697,0.5067264573991032,446,0.0037245383805042925,0.6944939237610737
RIDGE_EVENT_A0.1__RATE100,S_MEAN,SLOTS,LOGISTIC_ENET,0.01,0.5,0.6941214739080572,0.2504865807024227,0.46309332260659697,0.5067264573991032,446,0.0037245423535627945,0.6944939281434135
RIDGE_EVENT_A0.01__RATE100,S_MEAN,SLOTS,LOGISTIC_ENET,0.03,0.75,0.694133786202265,0.2504926491083269,0.4757039420756235,0.5067264573991032,446,0.003601696538411309,0.6944939558561061
TOTAL_BASE_PLUS__RATE100,S_K5,TAIL,LOGISTIC_ENET,0.01,0.25,0.6941371217133807,0.25049433193312365,0.47007240547063556,0.5067264573991032,446,0.0035752838262045825,0.6944946500960012
TOTAL_BASE_PLUS__RATE100,S_MEAN,TAIL,LOGISTIC_ENET,0.01,0.5,0.6941245809241383,0.2504881341349935,0.45189058728881737,0.5067264573991032,446,0.0037104937427064897,0.694495630298409
TOTAL_BASE_PLUS__RATE050,S_MEAN,SLOTS,LOGISTIC_L2,0.01,,0.6931593700379901,0.25000448707222106,0.531858407079646,0.5089686098654709,446,0.013363808831136987,0.6944957509211038
POWER_OBP__RATE100,S_MEAN,SLOTS,LOGISTIC_L2,0.01,,0.6931370684830627,0.2500002412364423,0.5295052292839904,0.5246636771300448,446,0.013590092300033406,0.694496077713066
POWER_OBP__RATE100,S_K10,TAIL,LOGISTIC_ENET,0.01,0.25,0.6941389033532589,0.25049522040569416,0.47007240547063556,0.5067264573991032,446,0.0035739586559934205,0.6944962992188582
POWER_OBP__RATE100,PREV_K10,TAIL,LOGISTIC_ENET,0.01,0.25,0.6941389033532589,0.25049522040569416,0.47007240547063556,0.5067264573991032,446,0.0035739586559934205,0.6944962992188582
RIDGE_EVENT_A0.1__RATE100,S_MEAN,TAIL,LOGISTIC_ENET,0.01,0.5,0.6941261777270971,0.2504889312509221,0.45189058728881737,0.5067264573991032,446,0.0037061628027799834,0.6944967940073751
RIDGE_EVENT_A0.01__RATE100,S_MEAN,TAIL,LOGISTIC_ENET,0.01,0.5,0.6941261854418702,0.2504889351029961,0.45189058728881737,0.5067264573991032,446,0.003706172356123954,0.6944968026774826
POWER_OBP__RATE100,S_K5,TAIL,LOGISTIC_ENET,0.01,0.25,0.6941394297225704,0.25049548384970327,0.47007240547063556,0.5067264573991032,446,0.003576576764805379,0.6944970873990509
TOTAL_BASE_PLUS__RATE075,S_MEAN,FULL,LOGISTIC_ENET,0.01,0.75,0.6941331163099281,0.25049237563246485,0.46309332260659697,0.5067264573991032,446,0.0037114494953781993,0.694504261259466
LW_STANDARD__RATE100,S_MEAN,SLOTS,LOGISTIC_ENET,0.03,0.75,0.6941464529804862,0.25049898168711354,0.47007240547063556,0.5067264573991032,446,0.0035888766729151064,0.6945053406477777
LW_STANDARD__RATE075,S_MEAN,SLOTS,LOGISTIC_ENET,0.03,0.75,0.6941492124507765,0.2505003611604451,0.47383346741753823,0.5067264573991032,446,0.0035885676242460598,0.6945080692132012
POWER_OBP__RATE100,S_MEAN,FULL,LOGISTIC_ENET,0.01,0.75,0.6941378489190327,0.25049473868796296,0.46309332260659697,0.5067264573991032,446,0.0037096305990138713,0.6945088119789341
TOTAL_BASE_PLUS__RATE100,S_MEAN,FULL,LOGISTIC_ENET,0.01,0.75,0.6941385697397293,0.2504950994473182,0.46309332260659697,0.5067264573991032,446,0.0037059929484036286,0.6945091690345697
TOTAL_BASE_PLUS__RATE075,S_MEAN,SLOTS,LOGISTIC_ENET,0.03,0.75,0.69415137124331,0.25050144181496076,0.47007240547063556,0.5067264573991032,446,0.003580437771872547,0.6945094150204972
TOTAL_BASE_PLUS__RATE050,S_MEAN,FULL,LOGISTIC_ENET,0.01,0.75,0.6941387277206926,0.2504951757696982,0.46309332260659697,0.5067264573991032,446,0.0037113396794188997,0.6945098616886345
LW_STANDARD__RATE100,S_MEAN,ORDER,LOGISTIC_ENET,0.1,0.5,0.693079597756909,0.24998141275541422,0.5349155269509251,0.5224215246636771,446,0.014305196076090546,0.6945101173645181
TOTAL_BASE_PLUS__RATE100,S_MEAN,SLOTS,LOGISTIC_ENET,0.03,0.75,0.6941526195196657,0.25050206551189874,0.47007240547063556,0.5067264573991032,446,0.0035803015146907875,0.6945106496711347
POWER_OBP__RATE075,S_MEAN,SLOTS,LOGISTIC_ENET,0.03,0.25,0.6935998656340792,0.25022756217733805,0.5259654062751408,0.5,446,0.009118751145856356,0.6945117407486648
POWER_OBP__RATE075,S_MEAN,SLOTS,LOGISTIC_ENET,0.03,0.75,0.6941535638016297,0.2505025359858516,0.47007240547063556,0.5067264573991032,446,0.0035834429504968124,0.6945119080966794
RIDGE_EVENT_A0.1__RATE100,S_MEAN,SLOTS,LOGISTIC_ENET,0.01,0.25,0.6941533482387844,0.2505024197231272,0.4757039420756235,0.5067264573991032,446,0.0035874739420370203,0.6945120956329881
RIDGE_EVENT_A0.01__RATE100,S_MEAN,SLOTS,LOGISTIC_ENET,0.01,0.25,0.6941535376742791,0.2505025144362943,0.4757039420756235,0.5067264573991032,446,0.0035873175330708436,0.6945122694275863
POWER_OBP__RATE100,S_MEAN,SLOTS,LOGISTIC_ENET,0.03,0.75,0.6941545226844985,0.25050301537211217,0.47007240547063556,0.5067264573991032,446,0.003581805996412786,0.6945127032841398
TOTAL_BASE_PLUS__RATE075,S_MEAN,FULL,LOGISTIC_ENET,0.003,0.25,0.6941436781656404,0.2504976515699879,0.46309332260659697,0.5067264573991032,446,0.0037029522893255295,0.6945139733945729
RIDGE_EVENT_A0.01__RATE075,S_MEAN,SLOTS,LOGISTIC_ENET,0.03,0.75,0.6941578562074635,0.25050467815399985,0.47007240547063556,0.5067264573991032,446,0.0035835566911870498,0.6945162118765822
RIDGE_EVENT_A0.1__RATE075,S_MEAN,SLOTS,LOGISTIC_ENET,0.03,0.75,0.6941578673884187,0.2505046837341553,0.47007240547063556,0.5067264573991032,446,0.003583568603765537,0.6945162242487952
POWER_OBP__RATE075,S_MEAN,FULL,LOGISTIC_ENET,0.01,0.75,0.6941456747933273,0.2504986455028555,0.46309332260659697,0.5067264573991032,446,0.0037066302809684046,0.6945163378214242
LW_STANDARD__RATE100,S_MEAN,FULL,LOGISTIC_ENET,0.01,0.75,0.6941469425299964,0.2504992795914741,0.46309332260659697,0.5067264573991032,446,0.003706775001447498,0.6945176200301412
POWER_OBP__RATE100,S_MEAN,FULL,LOGISTIC_ENET,0.003,0.25,0.6941504129350662,0.2505010175603785,0.46309332260659697,0.5067264573991032,446,0.0036928138872126207,0.6945196943237875
LW_STANDARD__RATE100,S_MEAN,SLOTS,LOGISTIC_ENET,0.01,0.25,0.694163038100507,0.2505072644609378,0.47007240547063556,0.5067264573991032,446,0.0035764331647939367,0.6945206814169863
TOTAL_BASE_PLUS__RATE100,S_MEAN,SLOTS,LOGISTIC_ENET,0.01,0.25,0.6941638418235562,0.2505076663282282,0.47007240547063556,0.5067264573991032,446,0.003572159067559099,0.694521057730312
TOTAL_BASE_PLUS__RATE050,S_MEAN,FULL,LOGISTIC_ENET,0.003,0.25,0.6941514640339626,0.25050153845919737,0.46309332260659697,0.5067264573991032,446,0.0036985219812128364,0.6945213162320838
TOTAL_BASE_PLUS__RATE100,S_MEAN,FULL,LOGISTIC_ENET,0.003,0.25,0.6941525319400891,0.25050207531973845,0.46309332260659697,0.5067264573991032,446,0.0036920413480765624,0.6945217360748968
LW_STANDARD__RATE075,S_MEAN,SLOTS,LOGISTIC_ENET,0.01,0.25,0.6941642843900226,0.2505078876293902,0.47383346741753823,0.5067264573991032,446,0.003577489215754052,0.694522033311598
POWER_OBP__RATE100,S_MEAN,SLOTS,LOGISTIC_ENET,0.01,0.25,0.6941653981272139,0.25050844320585125,0.47007240547063556,0.5067264573991032,446,0.0035737661921150686,0.6945227747464254
TOTAL_BASE_PLUS__RATE075,S_MEAN,SLOTS,LOGISTIC_ENET,0.01,0.25,0.6941669547362794,0.2505092233700508,0.47007240547063556,0.5067264573991032,446,0.0035693243832548606,0.6945238871746049
LW_STANDARD__RATE075,S_MEAN,FULL,LOGISTIC_ENET,0.01,0.75,0.6941553958257444,0.25050350027428187,0.46309332260659697,0.5067264573991032,446,0.0037018607960434755,0.6945255819053487
POWER_OBP__RATE075,S_MEAN,SLOTS,LOGISTIC_ENET,0.01,0.25,0.694168735493017,0.2505101122727154,0.47007240547063556,0.5067264573991032,446,0.003571743601239221,0.694525909853141
RIDGE_EVENT_A0.01__RATE075,S_MEAN,SLOTS,LOGISTIC_ENET,0.01,0.25,0.694169345030982,0.25051041940837543,0.47007240547063556,0.5067264573991032,446,0.003570443424591107,0.6945263893734411
RIDGE_EVENT_A0.1__RATE075,S_MEAN,SLOTS,LOGISTIC_ENET,0.01,0.25,0.694169360136951,0.2505104269520763,0.47007240547063556,0.5067264573991032,446,0.0035704535192521104,0.6945264054888761
RIDGE_EVENT_A0.01__RATE100,S_MEAN,FULL,LOGISTIC_ENET,0.01,0.75,0.6941567942006909,0.25050420024689074,0.46309332260659697,0.5067264573991032,446,0.0036967347610343286,0.6945264676767943
RIDGE_EVENT_A0.1__RATE100,S_MEAN,FULL,LOGISTIC_ENET,0.01,0.75,0.6941568221128441,0.25050421418968244,0.46309332260659697,0.5067264573991032,446,0.0036967130634361226,0.6945264934191877
POWER_OBP__RATE075,S_MEAN,FULL,LOGISTIC_ENET,0.003,0.25,0.6941603351229653,0.25050597358940674,0.46309332260659697,0.5067264573991032,446,0.003680877207723828,0.6945284228437376
LW_STANDARD__RATE100,S_MEAN,FULL,LOGISTIC_ENET,0.003,0.25,0.6941608995517472,0.25050625713722074,0.46309332260659697,0.5067264573991032,446,0.0036798040848608072,0.6945288799602333
POWER_OBP__RATE100,PREV_K10,SLOTS,LOGISTIC_ENET,0.01,0.5,0.6941633910709019,0.25050747325107686,0.47007240547063556,0.5067264573991032,446,0.003730875111371212,0.6945364785820389
POWER_OBP__RATE100,S_K10,SLOTS,LOGISTIC_ENET,0.01,0.5,0.6941633910709019,0.25050747325107686,0.47007240547063556,0.5067264573991032,446,0.003730875111371212,0.6945364785820389
RIDGE_EVENT_A0.01__RATE075,S_MEAN,FULL,LOGISTIC_ENET,0.01,0.75,0.6941683474940327,0.2505099705278302,0.46309332260659697,0.5067264573991032,446,0.0036874366339001313,0.6945370911574227
RIDGE_EVENT_A0.1__RATE075,S_MEAN,FULL,LOGISTIC_ENET,0.01,0.75,0.6941683773801103,0.2505099854591508,0.46309332260659697,0.5067264573991032,446,0.003687406110864588,0.6945371179911968
LW_STANDARD__RATE075,S_MEAN,FULL,LOGISTIC_ENET,0.003,0.25,0.6941711970311014,0.25051140164957236,0.46309332260659697,0.5067264573991032,446,0.0036652719593210327,0.6945377242270335
RIDGE_EVENT_A0.01__RATE100,S_MEAN,FULL,LOGISTIC_ENET,0.003,0.25,0.6941738564974606,0.2505127343799555,0.46309332260659697,0.5067264573991032,446,0.0036531870385443648,0.694539175201315
RIDGE_EVENT_A0.1__RATE100,S_MEAN,FULL,LOGISTIC_ENET,0.003,0.25,0.6941738858657757,0.25051274906504384,0.46309332260659697,0.5067264573991032,446,0.003653120623931339,0.6945391979281688
RIDGE_EVENT_A0.01__RATE075,S_MEAN,FULL,LOGISTIC_ENET,0.003,0.25,0.6941865779078981,0.2505190927384735,0.46309332260659697,0.5067264573991032,446,0.003629327833277075,0.6945495106912257
RIDGE_EVENT_A0.1__RATE075,S_MEAN,FULL,LOGISTIC_ENET,0.003,0.25,0.6941866097090663,0.2505191086448016,0.46309332260659697,0.5067264573991032,446,0.0036292454754588027,0.6945495342566121
TOTAL_BASE_PLUS__RATE100,S_K5,SLOTS,LOGISTIC_ENET,0.03,0.25,0.6934977824607634,0.25018555534908365,0.5180812550281577,0.5089686098654709,446,0.010571222799628332,0.6945549047407262
LW_STANDARD__RATE100,S_MEAN,DISTRIBUTION,LOGISTIC_L2,1.0,,0.6935288276795882,0.24980200335410616,0.5596138374899438,0.5291479820627802,446,0.010448867257058478,0.694573714405294
LW_STANDARD__RATE075,S_MEAN,DISTRIBUTION,LOGISTIC_L2,0.1,,0.6930782514900594,0.24990135539175828,0.5442880128720837,0.5269058295964125,446,0.015069920181434016,0.6945852435082028
POWER_OBP__RATE100,PREV_K10,MEAN,LOGISTIC_ENET,0.1,0.75,0.6932337936429112,0.25006604122101117,0.5218222043443281,0.49327354260089684,446,0.013546788123611129,0.6945884724552722
POWER_OBP__RATE100,S_K10,MEAN,LOGISTIC_ENET,0.1,0.75,0.6932337936429112,0.25006604122101117,0.5218222043443281,0.49327354260089684,446,0.013546788123611129,0.6945884724552722
RIDGE_EVENT_A0.01__RATE075,S_MEAN,ORDER,LOGISTIC_ENET,0.1,0.5,0.6932465499299434,0.25005996248011925,0.5342316975060338,0.531390134529148,446,0.013597704778579708,0.6946063204078013
RIDGE_EVENT_A0.1__RATE075,S_MEAN,ORDER,LOGISTIC_ENET,0.1,0.5,0.6932471508851061,0.2500602661634055,0.5341914722445696,0.531390134529148,446,0.013596303437637533,0.6946067812288699
TOTAL_BASE_PLUS__RATE050,S_MEAN,SLOTS,LOGISTIC_ENET,0.03,0.25,0.6937217240294186,0.25028461084500087,0.529424778761062,0.5022421524663677,446,0.009229437263160119,0.6946446677557345
TOTAL_BASE_PLUS__RATE050,S_MEAN,ORDER,LOGISTIC_ENET,0.1,0.5,0.6932673144604907,0.2500615244743695,0.535478680611424,0.5403587443946188,446,0.01380319918408477,0.6946476343788992
TOTAL_BASE_PLUS__RATE050,S_MEAN,FULL,LOGISTIC_ENET,0.03,0.5,0.693836867466662,0.2503412209690205,0.49670152855993566,0.531390134529148,446,0.008131922458483359,0.6946500597125103
POWER_OBP__RATE100,S_MEAN,DISTRIBUTION,LOGISTIC_L2,1.0,,0.6932523393561749,0.24982929387015226,0.5550884955752212,0.5336322869955157,446,0.01457946161450204,0.6947102855176251
TOTAL_BASE_PLUS__RATE075,S_MEAN,TAIL,LOGISTIC_ENET,0.1,0.5,0.6934579818243559,0.2501735686592254,0.5312148028962188,0.5246636771300448,446,0.012551131917749826,0.6947130950161309
LW_STANDARD__RATE075,S_MEAN,ORDER,LOGISTIC_ENET,0.1,0.5,0.6933428458585523,0.2501095769750276,0.5328841512469832,0.531390134529148,446,0.0137609151523737,0.6947189373737896
RIDGE_EVENT_A0.1__RATE075,S_MEAN,FULL,LOGISTIC_ENET,0.003,0.5,0.694466663431298,0.25065923239024246,0.45349959774738535,0.5067264573991032,446,0.002991473778543143,0.6947658108091523
RIDGE_EVENT_A0.01__RATE075,S_MEAN,FULL,LOGISTIC_ENET,0.003,0.5,0.694466746603863,0.2506592738670884,0.45349959774738535,0.5067264573991032,446,0.0029917159649215396,0.6947659182003552
TOTAL_BASE_PLUS__RATE075,S_MEAN,MEAN,LOGISTIC_ENET,0.1,0.25,0.6929270591151936,0.24987988854060736,0.5430008045052293,0.5246636771300448,446,0.018389883846687594,0.6947660474998624
POWER_OBP__RATE100,S_MEAN,SLOTS,LOGISTIC_ENET,0.003,0.25,0.6943599041957121,0.25060549847073865,0.46309332260659697,0.5067264573991032,446,0.004151317477698518,0.694775035943482
TOTAL_BASE_PLUS__RATE100,S_MEAN,SLOTS,LOGISTIC_ENET,0.003,0.25,0.6943613420534703,0.2506062166010405,0.46309332260659697,0.5067264573991032,446,0.004151013751666643,0.694776443428637
POWER_OBP__RATE100,S_MEAN,SLOTS,LOGISTIC_ENET,0.01,0.75,0.6943604975674986,0.2506057910234829,0.46309332260659697,0.5067264573991032,446,0.004161094992026422,0.6947766070667013
TOTAL_BASE_PLUS__RATE100,S_MEAN,SLOTS,LOGISTIC_ENET,0.01,0.75,0.6943616806213742,0.2506063820559299,0.46309332260659697,0.5067264573991032,446,0.004160436024244308,0.6947777242237986
RIDGE_EVENT_A0.1__RATE075,S_MEAN,FULL,LOGISTIC_ENET,0.003,0.75,0.6944783361118629,0.2506650648718334,0.45349959774738535,0.5067264573991032,446,0.002994581100329317,0.6947777942218959
RIDGE_EVENT_A0.01__RATE075,S_MEAN,FULL,LOGISTIC_ENET,0.003,0.75,0.6944784214283178,0.25066510741964537,0.45349959774738535,0.5067264573991032,446,0.002994823001514708,0.6947779037284693
POWER_OBP__RATE075,S_MEAN,SLOTS,LOGISTIC_ENET,0.003,0.25,0.6943655359493528,0.25060830966251624,0.46309332260659697,0.5067264573991032,446,0.00415563458205442,0.6947810994075583
TOTAL_BASE_PLUS__RATE075,S_MEAN,SLOTS,LOGISTIC_ENET,0.003,0.25,0.6943665088407767,0.25060879601057434,0.46309332260659697,0.5067264573991032,446,0.004154223211782519,0.694781931161955
POWER_OBP__RATE075,S_MEAN,SLOTS,LOGISTIC_ENET,0.01,0.75,0.6943657470309283,0.2506084111841841,0.46309332260659697,0.5067264573991032,446,0.004165446228644848,0.6947822916537928
TOTAL_BASE_PLUS__RATE075,S_MEAN,SLOTS,LOGISTIC_ENET,0.01,0.75,0.6943665657734145,0.2506088206485046,0.46309332260659697,0.5067264573991032,446,0.0041638712495880425,0.6947829528983733
LW_STANDARD__RATE100,S_MEAN,SLOTS,LOGISTIC_ENET,0.003,0.25,0.694368627350861,0.25060985272628644,0.46309332260659697,0.5067264573991032,446,0.004158293263076439,0.6947844566771687
RIDGE_EVENT_A0.01__RATE100,S_MEAN,TAIL,LOGISTIC_ENET,0.1,0.5,0.6937215736382737,0.2503165310867149,0.5277152051488335,0.515695067264574,446,0.01068134560680039,0.6947897081989537
LW_STANDARD__RATE075,S_MEAN,SLOTS,LOGISTIC_ENET,0.003,0.25,0.6943746696943189,0.2506128696120316,0.46309332260659697,0.5067264573991032,446,0.004160198700537283,0.6947906895643726
TOTAL_BASE_PLUS__RATE050,S_MEAN,SLOTS,LOGISTIC_ENET,0.003,0.25,0.6943751586439217,0.25061311498123967,0.46309332260659697,0.5067264573991032,446,0.004156494930449612,0.6947908081369667
RIDGE_EVENT_A0.1__RATE100,S_MEAN,TAIL,LOGISTIC_ENET,0.1,0.5,0.6937233025612766,0.25031735799559873,0.5276347546259051,0.515695067264574,446,0.010684225477060468,0.6947917251089826
LW_STANDARD__RATE100,S_MEAN,TAIL,LOGISTIC_ENET,0.003,0.25,0.6943770803117678,0.25061407786300594,0.46309332260659697,0.5067264573991032,446,0.0041549221976648724,0.6947925725315343
POWER_OBP__RATE100,S_MEAN,TAIL,LOGISTIC_ENET,0.003,0.25,0.6943775970035161,0.2506143356542567,0.46309332260659697,0.5067264573991032,446,0.004154526206892073,0.6947930496242053
RIDGE_EVENT_A0.1__RATE100,S_MEAN,FULL,LOGISTIC_ENET,0.003,0.5,0.6944878987821558,0.2506698200240059,0.45349959774738535,0.5067264573991032,446,0.0030569846514245194,0.6947935972472983
RIDGE_EVENT_A0.01__RATE100,S_MEAN,FULL,LOGISTIC_ENET,0.003,0.5,0.6944879768169967,0.2506698589356361,0.45349959774738535,0.5067264573991032,446,0.0030572098944067834,0.6947936978064374
RIDGE_EVENT_A0.1__RATE100,S_MEAN,SLOTS,LOGISTIC_ENET,0.003,0.25,0.6943790957816399,0.250615079923982,0.46309332260659697,0.5067264573991032,446,0.004159193911212495,0.6947950151727612
RIDGE_EVENT_A0.01__RATE100,S_MEAN,SLOTS,LOGISTIC_ENET,0.003,0.25,0.6943791118044473,0.25061508792681386,0.46309332260659697,0.5067264573991032,446,0.004159188659150243,0.6947950306703624
RIDGE_EVENT_A0.1__RATE100,S_MEAN,FULL,LOGISTIC_ENET,0.003,0.75,0.6945015563557421,0.25067664401031053,0.45349959774738535,0.5067264573991032,446,0.0030608435681326847,0.6948076407125553
RIDGE_EVENT_A0.01__RATE100,S_MEAN,FULL,LOGISTIC_ENET,0.003,0.75,0.6945016351412732,0.2506766832975947,0.45349959774738535,0.5067264573991032,446,0.0030610657862842196,0.6948077417199016
LW_STANDARD__RATE100,S_MEAN,FULL,LOGISTIC_ENET,0.1,0.75,0.6935674218156955,0.25014334105710545,0.5349758648431215,0.5269058295964125,446,0.012428421379566094,0.6948102639536521
LW_STANDARD__RATE075,S_MEAN,FULL,LOGISTIC_ENET,0.003,0.5,0.6945036961536373,0.250677699299192,0.45349959774738535,0.5067264573991032,446,0.003097334807876606,0.6948134296344249
LW_STANDARD__RATE100,S_MEAN,TAIL,LOGISTIC_ENET,0.1,0.5,0.6938570278319478,0.25038172943008746,0.5250603378921963,0.5269058295964125,446,0.009678318231351518,0.694824859655083
LW_STANDARD__RATE075,S_MEAN,FULL,LOGISTIC_ENET,0.003,0.75,0.694517987450515,0.25068483931993746,0.45349959774738535,0.5067264573991032,446,0.0031025925408562677,0.6948282467046006
LW_STANDARD__RATE100,S_MEAN,FULL,LOGISTIC_ENET,0.003,0.5,0.694520705358261,0.25068617942323973,0.45349959774738535,0.5067264573991032,446,0.0031472918067018546,0.6948354345389313
RIDGE_EVENT_A0.01__RATE100,S_MEAN,ORDER,LOGISTIC_L2,0.03,,0.6932632442602749,0.25007800859352974,0.5315567176186645,0.5224215246636771,446,0.015741003740300498,0.6948373446343049
RIDGE_EVENT_A0.1__RATE100,S_MEAN,ORDER,LOGISTIC_L2,0.03,,0.6932634864713101,0.2500781400248732,0.5315567176186645,0.5224215246636771,446,0.015739952545879763,0.6948374817258981
POWER_OBP__RATE075,S_MEAN,FULL,LOGISTIC_ENET,0.003,0.5,0.6945245791299919,0.2506881105297653,0.45349959774738535,0.5067264573991032,446,0.0031595988118155115,0.6948405390111735
TOTAL_BASE_PLUS__RATE075,S_MEAN,ORDER,LOGISTIC_L2,0.03,,0.6933218227535931,0.2500912942173443,0.5336886564762671,0.5089686098654709,446,0.015267566652991614,0.6948485794188922
LW_STANDARD__RATE100,S_MEAN,FULL,LOGISTIC_ENET,0.003,0.75,0.6945356427881355,0.2506936423807443,0.45349959774738535,0.5067264573991032,446,0.003152055242409118,0.6948508483123764
TOTAL_BASE_PLUS__RATE075,S_MEAN,MEAN,LOGISTIC_L2,0.03,,0.6931651512985152,0.25001627408878435,0.5340104585679807,0.5269058295964125,446,0.016887783311927165,0.6948539296297079
POWER_OBP__RATE075,S_MEAN,FULL,LOGISTIC_ENET,0.003,0.75,0.6945403444327332,0.2506959869323329,0.45349959774738535,0.5067264573991032,446,0.0031648620356983076,0.694856830636303
RIDGE_EVENT_A0.1__RATE100,S_MEAN,FULL,LOGISTIC_L2,0.01,,0.6934929304312119,0.2501499854512106,0.5359613837489944,0.5269058295964125,446,0.013701294419271958,0.694863059873139
POWER_OBP__RATE100,S_MEAN,FULL,LOGISTIC_ENET,0.003,0.5,0.6945431085397805,0.25069734903582114,0.45349959774738535,0.5067264573991032,446,0.003210629375554492,0.6948641714773359
RIDGE_EVENT_A0.01__RATE100,S_MEAN,FULL,LOGISTIC_L2,0.01,,0.6934949309200574,0.2501510186765462,0.5359613837489944,0.5269058295964125,446,0.013700179343357521,0.6948649488543932
TOTAL_BASE_PLUS__RATE100,S_MEAN,ORDER,LOGISTIC_ENET,0.01,0.75,0.6945411522417898,0.2506962689444342,0.45189058728881737,0.5067264573991032,446,0.0033745996656905355,0.6948786122083589
TOTAL_BASE_PLUS__RATE075,S_MEAN,ORDER,LOGISTIC_ENET,0.01,0.75,0.694542332731468,0.2506968573370908,0.45189058728881737,0.5067264573991032,446,0.0033784923528250065,0.6948801819667505
POWER_OBP__RATE100,S_MEAN,FULL,LOGISTIC_ENET,0.003,0.75,0.694559710432629,0.25070564344448937,0.45349959774738535,0.5067264573991032,446,0.0032156324351555366,0.6948812736761445
POWER_OBP__RATE100,S_MEAN,ORDER,LOGISTIC_ENET,0.01,0.75,0.6945451937796238,0.25069828925672066,0.45189058728881737,0.5067264573991032,446,0.00337241866349335,0.6948824356459731
TOTAL_BASE_PLUS__RATE100,S_MEAN,ORDER,LOGISTIC_ENET,0.003,0.25,0.6945484447118558,0.25069991712821976,0.45189058728881737,0.5067264573991032,446,0.0033690455294190444,0.6948853492647977
TOTAL_BASE_PLUS__RATE100,S_MEAN,FULL,LOGISTIC_ENET,0.003,0.5,0.6945617278010014,0.25070664110771274,0.45349959774738535,0.5067264573991032,446,0.0032403065626331693,0.6948857584572647
POWER_OBP__RATE100,S_MEAN,ORDER,LOGISTIC_ENET,0.003,0.25,0.6945502252087251,0.25070080702791864,0.45189058728881737,0.5067264573991032,446,0.003368463855745936,0.6948870715942997
TOTAL_BASE_PLUS__RATE075,S_MEAN,ORDER,LOGISTIC_ENET,0.003,0.25,0.6945516680201942,0.2507015269483285,0.45189058728881737,0.5067264573991032,446,0.0033709833847447713,0.6948887663586687
RIDGE_EVENT_A0.01__RATE075,S_MEAN,DISTRIBUTION,LOGISTIC_ENET,0.003,0.25,0.6945528410379871,0.25070211248970226,0.45189058728881737,0.5067264573991032,446,0.0033713408518411428,0.6948899751231712
RIDGE_EVENT_A0.1__RATE075,S_MEAN,DISTRIBUTION,LOGISTIC_ENET,0.003,0.25,0.6945528457190067,0.25070211482987154,0.45189058728881737,0.5067264573991032,446,0.0033713388996469058,0.6948899796089714
TOTAL_BASE_PLUS__RATE050,S_MEAN,ORDER,LOGISTIC_ENET,0.01,0.75,0.6945535430869871,0.2507024589368486,0.45189058728881737,0.5067264573991032,446,0.003377449644163923,0.6948912880514035
TOTAL_BASE_PLUS__RATE075,S_MEAN,DISTRIBUTION,LOGISTIC_ENET,0.003,0.25,0.6945561723671374,0.25070377705180663,0.45189058728881737,0.5067264573991032,446,0.0033693469862980177,0.6948931070657672
POWER_OBP__RATE075,S_MEAN,ORDER,LOGISTIC_ENET,0.01,0.75,0.6945574945020464,0.25070443627971256,0.45189058728881737,0.5067264573991032,446,0.003370144536826002,0.694894508955729
POWER_OBP__RATE100,S_K5,ORDER,LOGISTIC_ENET,0.01,0.75,0.6945584809306816,0.25070492934786887,0.45189058728881737,0.5067264573991032,446,0.003371891675294754,0.6948956700982111
TOTAL_BASE_PLUS__RATE050,S_MEAN,FULL,LOGISTIC_ENET,0.003,0.5,0.694570071323386,0.2507108032160494,0.45349959774738535,0.5067264573991032,446,0.0032584927937823133,0.6948959206027642
RIDGE_EVENT_A0.1__RATE075,S_MEAN,ORDER,LOGISTIC_ENET,0.01,0.75,0.6945600756700001,0.2507057415212415,0.45189058728881737,0.5067264573991032,446,0.003361654123799234,0.69489624108238
RIDGE_EVENT_A0.01__RATE075,S_MEAN,ORDER,LOGISTIC_ENET,0.01,0.75,0.6945600895398598,0.25070574842607224,0.45189058728881737,0.5067264573991032,446,0.003361662064226693,0.6948962557462824
LW_STANDARD__RATE100,S_MEAN,ORDER,LOGISTIC_ENET,0.01,0.75,0.6945598878108568,0.25070563410882923,0.45189058728881737,0.5067264573991032,446,0.0033655022155442793,0.6948964380324112
RIDGE_EVENT_A0.1__RATE100,S_MEAN,ORDER,LOGISTIC_ENET,0.01,0.75,0.6945609621438694,0.2507061774057088,0.45189058728881737,0.5067264573991032,446,0.003360440317079861,0.6948970061755774
RIDGE_EVENT_A0.01__RATE100,S_MEAN,ORDER,LOGISTIC_ENET,0.01,0.75,0.6945609791550582,0.2507061858750534,0.45189058728881737,0.5067264573991032,446,0.0033604496645158995,0.6948970241215098
POWER_OBP__RATE100,S_K5,ORDER,LOGISTIC_ENET,0.003,0.25,0.6945615630527128,0.2507064725700378,0.45189058728881737,0.5067264573991032,446,0.0033687081318005225,0.6948984338658928
TOTAL_BASE_PLUS__RATE050,S_MEAN,ORDER,LOGISTIC_ENET,0.003,0.25,0.6945615837594868,0.2507064820215768,0.45189058728881737,0.5067264573991032,446,0.003369426008910634,0.6948985263603779
POWER_OBP__RATE100,S_K10,ORDER,LOGISTIC_ENET,0.01,0.75,0.6945616963561968,0.25070653770633977,0.45189058728881737,0.5067264573991032,446,0.0033691942417646632,0.6948986157803733
POWER_OBP__RATE100,PREV_K10,ORDER,LOGISTIC_ENET,0.01,0.75,0.6945616963561968,0.25070653770633977,0.45189058728881737,0.5067264573991032,446,0.0033691942417646632,0.6948986157803733
TOTAL_BASE_PLUS__RATE050,S_MEAN,DISTRIBUTION,LOGISTIC_ENET,0.003,0.25,0.6945621807157846,0.2507067801677959,0.45189058728881737,0.5067264573991032,446,0.003366511025465486,0.6948988318183311
TOTAL_BASE_PLUS__RATE100,S_K5,ORDER,LOGISTIC_ENET,0.01,0.75,0.6945635718524183,0.2507074739136378,0.45189058728881737,0.5067264573991032,446,0.00336859365779487,0.6949004312181979
POWER_OBP__RATE075,S_MEAN,ORDER,LOGISTIC_ENET,0.003,0.25,0.6945640904475721,0.2507077365293046,0.45189058728881737,0.5067264573991032,446,0.0033644379498612774,0.6949005342425582
POWER_OBP__RATE100,PREV_K10,ORDER,LOGISTIC_ENET,0.003,0.25,0.6945640888022245,0.2507077358078108,0.45189058728881737,0.5067264573991032,446,0.0033668596890601013,0.6949007747711305
POWER_OBP__RATE100,S_K10,ORDER,LOGISTIC_ENET,0.003,0.25,0.6945640888022245,0.2507077358078108,0.45189058728881737,0.5067264573991032,446,0.0033668596890601013,0.6949007747711305
LW_STANDARD__RATE100,S_MEAN,ORDER,LOGISTIC_ENET,0.003,0.25,0.6945652485101594,0.25070831667361987,0.45189058728881737,0.5067264573991032,446,0.0033612942760106426,0.6949013779377605
RIDGE_EVENT_A0.1__RATE075,S_MEAN,ORDER,LOGISTIC_ENET,0.003,0.25,0.6945657862522395,0.250708598389832,0.45189058728881737,0.5067264573991032,446,0.003356997095637019,0.6949014859618032
RIDGE_EVENT_A0.01__RATE075,S_MEAN,ORDER,LOGISTIC_ENET,0.003,0.25,0.6945657999061764,0.2507086051882046,0.45189058728881737,0.5067264573991032,446,0.003357004700744071,0.6949015003762508
TOTAL_BASE_PLUS__RATE075,S_MEAN,FULL,LOGISTIC_ENET,0.003,0.5,0.6945737601894303,0.2507126376679008,0.45349959774738535,0.5067264573991032,446,0.003278469273227635,0.6949016071167531
TOTAL_BASE_PLUS__RATE100,S_MEAN,DISTRIBUTION,LOGISTIC_ENET,0.003,0.25,0.6945663725508702,0.2507088766133221,0.45189058728881737,0.5067264573991032,446,0.0033623024504150444,0.6949026027959117
RIDGE_EVENT_A0.1__RATE100,S_MEAN,ORDER,LOGISTIC_ENET,0.003,0.25,0.6945670411991409,0.25070921866021645,0.45189058728881737,0.5067264573991032,446,0.0033562923373850017,0.6949026704328795
RIDGE_EVENT_A0.01__RATE100,S_MEAN,ORDER,LOGISTIC_ENET,0.003,0.25,0.69456705966204,0.25070922785708843,0.45189058728881737,0.5067264573991032,446,0.003356300211988229,0.6949026896832389
TOTAL_BASE_PLUS__RATE100,S_MEAN,FULL,LOGISTIC_ENET,0.003,0.75,0.6945786655409992,0.2507151023289891,0.45349959774738535,0.5067264573991032,446,0.0032474000429535033,0.6949034055452946
TOTAL_BASE_PLUS__RATE100,S_K5,ORDER,LOGISTIC_ENET,0.003,0.25,0.694567215155574,0.25070929766879163,0.45189058728881737,0.5067264573991032,446,0.0033654272331771675,0.6949037578788917
LW_STANDARD__RATE075,S_MEAN,ORDER,LOGISTIC_ENET,0.01,0.75,0.6945678513077844,0.2507096163919066,0.45189058728881737,0.5067264573991032,446,0.003364429379563222,0.6949042942457407
POWER_OBP__RATE100,S_MEAN,MEAN,LOGISTIC_ENET,0.01,0.75,0.6945693713960873,0.2507103742815347,0.45189058728881737,0.5067264573991032,446,0.0033615758957417042,0.6949055289856615
RIDGE_EVENT_A0.01__RATE100,S_MEAN,MEAN,LOGISTIC_ENET,0.01,0.75,0.6945696800338339,0.2507105285935572,0.45189058728881737,0.5067264573991032,446,0.0033616047754340653,0.6949058405113773
RIDGE_EVENT_A0.1__RATE100,S_MEAN,MEAN,LOGISTIC_ENET,0.01,0.75,0.694569680572776,0.2507105288630326,0.45189058728881737,0.5067264573991032,446,0.00336160457297231,0.6949058410300732
LW_STANDARD__RATE100,S_MEAN,MEAN,LOGISTIC_ENET,0.01,0.75,0.6945698419381283,0.25071060947527946,0.45189058728881737,0.5067264573991032,446,0.0033615141846089604,0.6949059933565892
RIDGE_EVENT_A0.01__RATE075,S_MEAN,MEAN,LOGISTIC_ENET,0.01,0.75,0.6945700895479814,0.25071073298558955,0.45189058728881737,0.5067264573991032,446,0.0033621373816716603,0.6949063032861486
RIDGE_EVENT_A0.1__RATE075,S_MEAN,MEAN,LOGISTIC_ENET,0.01,0.75,0.6945700902687492,0.25071073334632654,0.45189058728881737,0.5067264573991032,446,0.003362136137273503,0.6949063038824765
POWER_OBP__RATE075,S_MEAN,MEAN,LOGISTIC_ENET,0.01,0.75,0.6945700869192545,0.25071073152154205,0.45189058728881737,0.5067264573991032,446,0.003362268951902478,0.6949063138144447
TOTAL_BASE_PLUS__RATE075,S_MEAN,TAIL,LOGISTIC_ENET,0.003,0.25,0.6945699944817921,0.25071068309801164,0.45189058728881737,0.5067264573991032,446,0.0033682113911417907,0.6949068156209063
LW_STANDARD__RATE075,S_MEAN,MEAN,LOGISTIC_ENET,0.01,0.75,0.6945708737132107,0.25071112480192387,0.45189058728881737,0.5067264573991032,446,0.0033620054737092645,0.6949070742605816
TOTAL_BASE_PLUS__RATE100,S_MEAN,MEAN,LOGISTIC_ENET,0.01,0.75,0.6945712491944229,0.2507113131312252,0.45189058728881737,0.5067264573991032,446,0.0033601151328674283,0.6949072607077097
TOTAL_BASE_PLUS__RATE075,S_MEAN,MEAN,LOGISTIC_ENET,0.01,0.75,0.6945716733065481,0.25071152475728997,0.45189058728881737,0.5067264573991032,446,0.003360886156765011,0.6949077619222246
RIDGE_EVENT_A0.01__RATE100,S_MEAN,DISTRIBUTION,LOGISTIC_ENET,0.003,0.25,0.6945721705868705,0.2507117756476108,0.45189058728881737,0.5067264573991032,446,0.0033588501543092932,0.6949080556023014
RIDGE_EVENT_A0.1__RATE100,S_MEAN,DISTRIBUTION,LOGISTIC_ENET,0.003,0.25,0.6945722062840328,0.2507117934933747,0.45189058728881737,0.5067264573991032,446,0.0033588279788208187,0.6949080890819149
TOTAL_BASE_PLUS__RATE050,S_MEAN,TAIL,LOGISTIC_ENET,0.003,0.25,0.6945718299131515,0.250711599915267,0.45189058728881737,0.5067264573991032,446,0.0033692331969887948,0.6949087532328504
TOTAL_BASE_PLUS__RATE050,S_MEAN,MEAN,LOGISTIC_ENET,0.01,0.75,0.6945726303939448,0.25071200257297127,0.45189058728881737,0.5067264573991032,446,0.0033618464857928646,0.6949088150425241
LW_STANDARD__RATE075,S_MEAN,ORDER,LOGISTIC_ENET,0.003,0.25,0.6945738693591188,0.2507126278338445,0.45189058728881737,0.5067264573991032,446,0.0033587751523011782,0.6949097468743489
POWER_OBP__RATE100,S_K5,MEAN,LOGISTIC_ENET,0.01,0.75,0.6945748160022798,0.25071309602981634,0.45189058728881737,0.5067264573991032,446,0.0033589959250191715,0.6949107155947817
POWER_OBP__RATE075,S_MEAN,MEAN,LOGISTIC_ENET,0.003,0.25,0.6945748303677562,0.25071310499654625,0.45189058728881737,0.5067264573991032,446,0.003359720416297048,0.694910802409386
RIDGE_EVENT_A0.01__RATE100,S_MEAN,MEAN,LOGISTIC_ENET,0.003,0.25,0.6945750457795706,0.2507132128774713,0.45189058728881737,0.5067264573991032,446,0.003359369648210607,0.6949109827443917
RIDGE_EVENT_A0.1__RATE100,S_MEAN,MEAN,LOGISTIC_ENET,0.003,0.25,0.6945750463378392,0.2507132131566831,0.45189058728881737,0.5067264573991032,446,0.0033593692839384904,0.694910983266233
POWER_OBP__RATE100,PREV_K10,MEAN,LOGISTIC_ENET,0.01,0.75,0.6945752919938541,0.2507133342053283,0.45189058728881737,0.5067264573991032,446,0.003358577584934016,0.6949111497523476
POWER_OBP__RATE100,S_K10,MEAN,LOGISTIC_ENET,0.01,0.75,0.6945752919938541,0.2507133342053283,0.45189058728881737,0.5067264573991032,446,0.003358577584934016,0.6949111497523476
TOTAL_BASE_PLUS__RATE100,S_K5,MEAN,LOGISTIC_ENET,0.01,0.75,0.6945755898084033,0.25071348296494533,0.45189058728881737,0.5067264573991032,446,0.003358015003832434,0.6949113913087865
TOTAL_BASE_PLUS__RATE100,S_MEAN,MEAN,LOGISTIC_ENET,0.003,0.25,0.6945757301227845,0.250713555124818,0.45189058728881737,0.5067264573991032,446,0.003358392155971034,0.6949115693383816
RIDGE_EVENT_A0.01__RATE075,S_MEAN,MEAN,LOGISTIC_ENET,0.003,0.25,0.694575612430168,0.2507134958998472,0.45189058728881737,0.5067264573991032,446,0.0033595940722715946,0.6949115718373952
RIDGE_EVENT_A0.1__RATE075,S_MEAN,MEAN,LOGISTIC_ENET,0.003,0.25,0.6945756138011471,0.2507134965853173,0.45189058728881737,0.5067264573991032,446,0.003359593129077603,0.6949115731140548
LW_STANDARD__RATE075,S_MEAN,MEAN,LOGISTIC_ENET,0.003,0.25,0.6945758275404061,0.2507136034654086,0.45189058728881737,0.5067264573991032,446,0.003359289637427894,0.6949117565041489
TOTAL_BASE_PLUS__RATE075,S_MEAN,MEAN,LOGISTIC_ENET,0.003,0.25,0.6945761808268895,0.25071378019455104,0.45189058728881737,0.5067264573991032,446,0.003358711568033107,0.6949120519836929
RIDGE_EVENT_A0.01__RATE075,S_MEAN,TAIL,LOGISTIC_ENET,0.003,0.25,0.6945757094182701,0.2507135408462483,0.45189058728881737,0.5067264573991032,446,0.00336553092143754,0.6949122625104138
RIDGE_EVENT_A0.1__RATE075,S_MEAN,TAIL,LOGISTIC_ENET,0.003,0.25,0.6945757541110165,0.2507135631895628,0.45189058728881737,0.5067264573991032,446,0.0033655026987163945,0.6949123043808881
TOTAL_BASE_PLUS__RATE050,S_MEAN,FULL,LOGISTIC_ENET,0.003,0.75,0.6945867649486116,0.2507191414149952,0.45349959774738535,0.5067264573991032,446,0.003267712031552364,0.6949135361517669
TOTAL_BASE_PLUS__RATE050,S_MEAN,MEAN,LOGISTIC_ENET,0.003,0.25,0.6945777531264034,0.25071456583783824,0.45189058728881737,0.5067264573991032,446,0.0033586432110629897,0.6949136174475097
POWER_OBP__RATE100,S_K5,ORDER,LOGISTIC_ENET,0.1,0.75,0.6937890716469697,0.25033277472997284,0.5220032180209171,0.5201793721973094,446,0.011252779935856307,0.6949143496405553
POWER_OBP__RATE100,S_K5,MEAN,LOGISTIC_ENET,0.003,0.25,0.6945796964094716,0.25071553771055916,0.45189058728881737,0.5067264573991032,446,0.0033567235842576885,0.6949153687678974
POWER_OBP__RATE100,PREV_K10,MEAN,LOGISTIC_ENET,0.003,0.25,0.6945802816296357,0.2507158302661393,0.45189058728881737,0.5067264573991032,446,0.003356567201702135,0.6949159383498059
POWER_OBP__RATE100,S_K10,MEAN,LOGISTIC_ENET,0.003,0.25,0.6945802816296357,0.2507158302661393,0.45189058728881737,0.5067264573991032,446,0.003356567201702135,0.6949159383498059
TOTAL_BASE_PLUS__RATE100,S_K5,MEAN,LOGISTIC_ENET,0.003,0.25,0.6945803244225308,0.25071585166495014,0.45189058728881737,0.5067264573991032,446,0.0033561990453173244,0.6949159443270625
TOTAL_BASE_PLUS__RATE075,S_MEAN,FULL,LOGISTIC_ENET,0.003,0.75,0.6945907367291612,0.250721118282532,0.45349959774738535,0.5067264573991032,446,0.003285137533159579,0.6949192504824772
TOTAL_BASE_PLUS__RATE100,S_K5,DISTRIBUTION,LOGISTIC_ENET,0.003,0.25,0.6945870285344141,0.2507192050942337,0.45189058728881737,0.5067264573991032,446,0.0033490255964273054,0.6949219310940569
POWER_OBP__RATE100,S_MEAN,TAIL,LOGISTIC_ENET,0.1,0.5,0.6937422641151514,0.25031947324426373,0.5292839903459372,0.515695067264574,446,0.011804106459466808,0.694922674761098
RIDGE_EVENT_A0.1__RATE100,S_MEAN,TAIL,LOGISTIC_ENET,0.003,0.25,0.6945937862358128,0.2507225873541696,0.45189058728881737,0.5067264573991032,446,0.0033482781760032485,0.6949286140534131
RIDGE_EVENT_A0.01__RATE100,S_MEAN,TAIL,LOGISTIC_ENET,0.003,0.25,0.6945938049366845,0.2507225966707684,0.45189058728881737,0.5067264573991032,446,0.0033482825392122393,0.6949286331906057
TOTAL_BASE_PLUS__RATE100,S_K5,TAIL,LOGISTIC_ENET,0.003,0.25,0.6945969668142354,0.2507241673851219,0.45189058728881737,0.5067264573991032,446,0.003356040649439814,0.6949325708791794
TOTAL_BASE_PLUS__RATE100,S_MEAN,TAIL,LOGISTIC_ENET,0.003,0.25,0.6946020766245917,0.25072672229171067,0.45189058728881737,0.5067264573991032,446,0.003346881069314397,0.6949367647315232
RIDGE_EVENT_A0.01__RATE100,S_MEAN,MEAN,LOGISTIC_L2,0.03,,0.6932258867867241,0.25005400349948853,0.5316975060337892,0.515695067264574,446,0.017465368078154644,0.6949724235945396
RIDGE_EVENT_A0.1__RATE100,S_MEAN,MEAN,LOGISTIC_L2,0.03,,0.6932267159574337,0.25005441526885613,0.5316371681415929,0.515695067264574,446,0.017465082597397874,0.6949732242171734
POWER_OBP__RATE100,S_MEAN,MEAN,LOGISTIC_L2,0.03,,0.6933004156352234,0.25008879293836184,0.5316975060337892,0.5201793721973094,446,0.016881935767726123,0.694988609211996
TOTAL_BASE_PLUS__RATE100,S_K5,ORDER,LOGISTIC_ENET,0.1,0.75,0.6938232605265086,0.25034995227029283,0.5209171359613838,0.5224215246636771,446,0.011717703180497505,0.6949950308445583
RIDGE_EVENT_A0.01__RATE100,S_MEAN,MEAN,LOGISTIC_ENET,0.1,0.25,0.6931083753111976,0.24998089836998016,0.5398833467417538,0.5201793721973094,446,0.018937407490718965,0.6950021160602695
RIDGE_EVENT_A0.1__RATE100,S_MEAN,MEAN,LOGISTIC_ENET,0.1,0.25,0.693109538557278,0.2499814771032834,0.5399034593724858,0.5201793721973094,446,0.0189370159481004,0.695003240152088
RIDGE_EVENT_A0.01__RATE100,S_MEAN,TAIL,LOGISTIC_L2,0.03,,0.6936763135286126,0.25030604827473724,0.5257240547063556,0.5224215246636771,446,0.013455423371064179,0.695021855865719
RIDGE_EVENT_A0.1__RATE100,S_MEAN,TAIL,LOGISTIC_L2,0.03,,0.693678986147887,0.25030731936553924,0.5257039420756235,0.5224215246636771,446,0.013456599807595624,0.6950246461286466
RIDGE_EVENT_A0.1__RATE075,S_MEAN,FULL,LOGISTIC_ENET,0.03,0.25,0.6939452471761455,0.25039251761591186,0.5194690265486726,0.5112107623318386,446,0.011205129008264595,0.695065760076972
RIDGE_EVENT_A0.01__RATE075,S_MEAN,FULL,LOGISTIC_ENET,0.03,0.25,0.6939460525021729,0.25039292452510364,0.5194489139179406,0.5112107623318386,446,0.011205121808284618,0.6950665646830013
POWER_OBP__RATE100,S_MEAN,ORDER,LOGISTIC_L2,0.03,,0.6935498981764268,0.2502165227858859,0.5291230893000805,0.5246636771300448,446,0.015456443802164477,0.6950955425566432
POWER_OBP__RATE100,PREV_K10,FULL,LOGISTIC_ENET,0.003,0.5,0.6947718009529417,0.2508113583563787,0.45189058728881737,0.5067264573991032,446,0.003704246939509515,0.6951422256468927
POWER_OBP__RATE100,S_K10,FULL,LOGISTIC_ENET,0.003,0.5,0.6947718009529417,0.2508113583563787,0.45189058728881737,0.5067264573991032,446,0.003704246939509515,0.6951422256468927
POWER_OBP__RATE100,S_K5,FULL,LOGISTIC_ENET,0.003,0.5,0.6947749128995638,0.25081291764308544,0.45189058728881737,0.5067264573991032,446,0.0036950252275669182,0.6951444154223205
LW_STANDARD__RATE100,S_MEAN,ORDER,LOGISTIC_L2,0.03,,0.6935376997567869,0.2502162789834162,0.5290426387771521,0.5224215246636771,446,0.016069640529693244,0.6951446638097563
POWER_OBP__RATE100,S_K5,DISTRIBUTION,LOGISTIC_L2,0.03,,0.6931046344599353,0.24984485477555657,0.5514883346741755,0.5336322869955157,446,0.020430547171448724,0.6951476891770801
TOTAL_BASE_PLUS__RATE100,S_MEAN,ORDER,LOGISTIC_ENET,0.003,0.5,0.6947784824053369,0.250814697899758,0.45189058728881737,0.5067264573991032,446,0.0036994949861944345,0.6951484319039564
POWER_OBP__RATE100,S_MEAN,MEAN,LOGISTIC_ENET,0.1,0.25,0.6932927769434479,0.2500677375972175,0.5392799678197908,0.5246636771300448,446,0.01855696608316739,0.6951484735517647
TOTAL_BASE_PLUS__RATE075,S_MEAN,ORDER,LOGISTIC_ENET,0.003,0.5,0.6947819235980088,0.25081641685548023,0.45189058728881737,0.5067264573991032,446,0.0036998711551684085,0.6951519107135257
POWER_OBP__RATE100,S_MEAN,ORDER,LOGISTIC_ENET,0.003,0.5,0.6947836039591826,0.2508172579734989,0.45189058728881737,0.5067264573991032,446,0.003697085544788156,0.6951533125136614
TOTAL_BASE_PLUS__RATE100,S_K5,FULL,LOGISTIC_ENET,0.003,0.5,0.6947844126258498,0.2508176621819845,0.45189058728881737,0.5067264573991032,446,0.0036981654131443024,0.6951542291671642
TOTAL_BASE_PLUS__RATE075,S_MEAN,DISTRIBUTION,LOGISTIC_ENET,0.003,0.5,0.6947871071347399,0.2508189992975151,0.45189058728881737,0.5067264573991032,446,0.0037123429515442297,0.6951583414298943
TOTAL_BASE_PLUS__RATE050,S_MEAN,ORDER,LOGISTIC_ENET,0.003,0.5,0.6947887053892661,0.2508198061080381,0.45189058728881737,0.5067264573991032,446,0.0036978345607285535,0.6951584888453389
POWER_OBP__RATE075,S_MEAN,DISTRIBUTION,LOGISTIC_ENET,0.003,0.5,0.6947871907364644,0.25081903894780927,0.45189058728881737,0.5067264573991032,446,0.0037162450112469413,0.6951588152375892
LW_STANDARD__RATE075,S_MEAN,DISTRIBUTION,LOGISTIC_ENET,0.003,0.5,0.6947883352831078,0.250819611620874,0.45189058728881737,0.5067264573991032,446,0.0037151656282416474,0.695159851845932
LW_STANDARD__RATE100,S_MEAN,DISTRIBUTION,LOGISTIC_ENET,0.003,0.5,0.694789151434639,0.25082001781105057,0.45189058728881737,0.5067264573991032,446,0.003718272750642736,0.6951609787097033
TOTAL_BASE_PLUS__RATE050,S_MEAN,DISTRIBUTION,LOGISTIC_ENET,0.003,0.5,0.6947897740273862,0.2508203314722926,0.45189058728881737,0.5067264573991032,446,0.003713065695459523,0.6951610805969322
POWER_OBP__RATE100,S_K5,ORDER,LOGISTIC_ENET,0.003,0.5,0.6947910143423758,0.25082095843005997,0.45189058728881737,0.5067264573991032,446,0.003701701006600603,0.6951611844430359
POWER_OBP__RATE100,S_MEAN,DISTRIBUTION,LOGISTIC_ENET,0.003,0.5,0.6947894732256368,0.2508201781402212,0.45189058728881737,0.5067264573991032,446,0.003718442855199401,0.6951613175111567
RIDGE_EVENT_A0.1__RATE075,S_MEAN,ORDER,LOGISTIC_ENET,0.003,0.5,0.6947929744838571,0.2508219551632349,0.45189058728881737,0.5067264573991032,446,0.0036891031562358094,0.6951618847994807
RIDGE_EVENT_A0.01__RATE075,S_MEAN,ORDER,LOGISTIC_ENET,0.003,0.5,0.6947929932294707,0.25082196450419614,0.45189058728881737,0.5067264573991032,446,0.003689110202136991,0.6951619042496845
POWER_OBP__RATE075,S_MEAN,ORDER,LOGISTIC_ENET,0.003,0.5,0.6947941034926058,0.25082250641678017,0.45189058728881737,0.5067264573991032,446,0.003691642157973467,0.6951632677084032
RIDGE_EVENT_A0.01__RATE075,S_MEAN,DISTRIBUTION,LOGISTIC_ENET,0.003,0.5,0.6947918105407392,0.2508213469715803,0.45189058728881737,0.5067264573991032,446,0.00371738441144166,0.6951635489818834
RIDGE_EVENT_A0.1__RATE075,S_MEAN,DISTRIBUTION,LOGISTIC_ENET,0.003,0.5,0.694791822063837,0.25082135272882566,0.45189058728881737,0.5067264573991032,446,0.003717384885876447,0.6951635605524247
POWER_OBP__RATE100,S_K10,ORDER,LOGISTIC_ENET,0.003,0.5,0.6947936039826987,0.2508222518853353,0.45189058728881737,0.5067264573991032,446,0.003702643279085729,0.6951638683106073
POWER_OBP__RATE100,PREV_K10,ORDER,LOGISTIC_ENET,0.003,0.5,0.6947936039826987,0.2508222518853353,0.45189058728881737,0.5067264573991032,446,0.003702643279085729,0.6951638683106073
RIDGE_EVENT_A0.1__RATE100,S_MEAN,ORDER,LOGISTIC_ENET,0.003,0.5,0.6947957340441986,0.25082332678476404,0.45189058728881737,0.5067264573991032,446,0.0036890809420186115,0.6951646421384005
RIDGE_EVENT_A0.01__RATE100,S_MEAN,ORDER,LOGISTIC_ENET,0.003,0.5,0.694795756900416,0.25082333817325386,0.45189058728881737,0.5067264573991032,446,0.003689091753111689,0.6951646660757271
LW_STANDARD__RATE100,S_MEAN,ORDER,LOGISTIC_ENET,0.003,0.5,0.6947959829369281,0.25082344606161816,0.45189058728881737,0.5067264573991032,446,0.003690706125069579,0.695165053549435
LW_STANDARD__RATE075,S_MEAN,TAIL,LOGISTIC_ENET,0.003,0.5,0.6947939031901879,0.2508223948020008,0.45189058728881737,0.5067264573991032,446,0.00371273748058543,0.6951651769382464
TOTAL_BASE_PLUS__RATE100,S_K5,ORDER,LOGISTIC_ENET,0.003,0.5,0.6947945179659845,0.2508227061601113,0.45189058728881737,0.5067264573991032,446,0.0037068107400967036,0.6951651990399941
POWER_OBP__RATE075,S_MEAN,TAIL,LOGISTIC_ENET,0.003,0.5,0.6947946992320102,0.25082279285019154,0.45189058728881737,0.5067264573991032,446,0.0037114449394251743,0.6951658437259527
TOTAL_BASE_PLUS__RATE075,S_MEAN,TAIL,LOGISTIC_ENET,0.003,0.5,0.6947955270625013,0.2508232066044098,0.45189058728881737,0.5067264573991032,446,0.0037110188533194133,0.6951666289478332
TOTAL_BASE_PLUS__RATE100,S_MEAN,DISTRIBUTION,LOGISTIC_ENET,0.003,0.5,0.6947962450218002,0.25082356686335944,0.45189058728881737,0.5067264573991032,446,0.003708184595067104,0.6951670634813069
TOTAL_BASE_PLUS__RATE050,S_MEAN,TAIL,LOGISTIC_ENET,0.003,0.5,0.6947968859072143,0.2508238863856267,0.45189058728881737,0.5067264573991032,446,0.0037096460696412386,0.6951678505141785
LW_STANDARD__RATE075,S_MEAN,ORDER,LOGISTIC_ENET,0.003,0.5,0.6948005263503756,0.2508257207311118,0.45189058728881737,0.5067264573991032,446,0.0036868163550251723,0.6951692079858781
POWER_OBP__RATE100,S_MEAN,SLOTS,LOGISTIC_ENET,0.003,0.5,0.6948020947015333,0.2508265126337812,0.45189058728881737,0.5067264573991032,446,0.003693532704584378,0.6951714479719917
POWER_OBP__RATE100,S_K5,DISTRIBUTION,LOGISTIC_ENET,0.003,0.5,0.6948017634044521,0.25082632345342654,0.45189058728881737,0.5067264573991032,446,0.003711434915407367,0.6951729068959929
POWER_OBP__RATE100,S_K5,SLOTS,LOGISTIC_ENET,0.003,0.5,0.6948011747177395,0.2508260239494095,0.45189058728881737,0.5067264573991032,446,0.003721677633470898,0.6951733424810866
POWER_OBP__RATE100,PREV_K10,SLOTS,LOGISTIC_ENET,0.003,0.5,0.6948018925342572,0.2508263823390844,0.45189058728881737,0.5067264573991032,446,0.0037221655689713,0.6951741090911543
POWER_OBP__RATE100,S_K10,SLOTS,LOGISTIC_ENET,0.003,0.5,0.6948018925342572,0.2508263823390844,0.45189058728881737,0.5067264573991032,446,0.0037221655689713,0.6951741090911543
TOTAL_BASE_PLUS__RATE100,S_K5,DISTRIBUTION,LOGISTIC_ENET,0.003,0.5,0.6948040556617788,0.2508274694957097,0.45189058728881737,0.5067264573991032,446,0.0037101541384694926,0.6951750710756258
TOTAL_BASE_PLUS__RATE100,S_K5,SLOTS,LOGISTIC_ENET,0.003,0.5,0.6948027482173919,0.2508268089071047,0.45189058728881737,0.5067264573991032,446,0.0037237644443628604,0.6951751246618282
TOTAL_BASE_PLUS__RATE100,S_MEAN,SLOTS,LOGISTIC_ENET,0.003,0.5,0.6948061650015612,0.2508285442565983,0.45189058728881737,0.5067264573991032,446,0.0036962651136559907,0.6951757915129269
POWER_OBP__RATE100,S_K5,TAIL,LOGISTIC_ENET,0.003,0.5,0.6948055398896801,0.25082821022451735,0.45189058728881737,0.5067264573991032,446,0.0037115696848963745,0.6951766968581697
POWER_OBP__RATE100,PREV_K10,DISTRIBUTION,LOGISTIC_ENET,0.003,0.5,0.6948058916634403,0.25082838446694666,0.45189058728881737,0.5067264573991032,446,0.0037144124855549524,0.6951773329119958
POWER_OBP__RATE100,S_K10,DISTRIBUTION,LOGISTIC_ENET,0.003,0.5,0.6948058916634403,0.25082838446694666,0.45189058728881737,0.5067264573991032,446,0.0037144124855549524,0.6951773329119958
RIDGE_EVENT_A0.01__RATE075,S_MEAN,TAIL,LOGISTIC_ENET,0.003,0.5,0.6948069346663078,0.2508289077512822,0.45189058728881737,0.5067264573991032,446,0.0037087785686298674,0.6951778125231708
RIDGE_EVENT_A0.1__RATE075,S_MEAN,TAIL,LOGISTIC_ENET,0.003,0.5,0.6948069794717613,0.2508289301494822,0.45189058728881737,0.5067264573991032,446,0.003708754903662735,0.6951778549621276
POWER_OBP__RATE100,S_K10,TAIL,LOGISTIC_ENET,0.003,0.5,0.6948066558810516,0.25082876688048017,0.45189058728881737,0.5067264573991032,446,0.0037134079690504737,0.6951779966779567
POWER_OBP__RATE100,PREV_K10,TAIL,LOGISTIC_ENET,0.003,0.5,0.6948066558810516,0.25082876688048017,0.45189058728881737,0.5067264573991032,446,0.0037134079690504737,0.6951779966779567
POWER_OBP__RATE100,PREV_K10,FULL,LOGISTIC_ENET,0.003,0.75,0.6948071482324056,0.25082901463739626,0.45189058728881737,0.5067264573991032,446,0.0037093684021812755,0.6951780850726238
POWER_OBP__RATE100,S_K10,FULL,LOGISTIC_ENET,0.003,0.75,0.6948071482324056,0.25082901463739626,0.45189058728881737,0.5067264573991032,446,0.0037093684021812755,0.6951780850726238
POWER_OBP__RATE100,S_MEAN,MEAN,LOGISTIC_ENET,0.003,0.5,0.6948074746682067,0.25082917395398435,0.45189058728881737,0.5067264573991032,446,0.003716560540895903,0.6951791307222963
POWER_OBP__RATE075,S_MEAN,MEAN,LOGISTIC_ENET,0.003,0.5,0.6948075769523946,0.250829225267953,0.45189058728881737,0.5067264573991032,446,0.0037161749536665,0.6951791944477612
TOTAL_BASE_PLUS__RATE100,S_MEAN,MEAN,LOGISTIC_ENET,0.003,0.5,0.6948078919232229,0.2508293825802767,0.45189058728881737,0.5067264573991032,446,0.0037162675756991013,0.6951795186807929
LW_STANDARD__RATE075,S_MEAN,MEAN,LOGISTIC_ENET,0.003,0.5,0.6948080513836982,0.2508294625379431,0.45189058728881737,0.5067264573991032,446,0.003715765255425016,0.6951796279092407
TOTAL_BASE_PLUS__RATE075,S_MEAN,MEAN,LOGISTIC_ENET,0.003,0.5,0.694808204131396,0.25082953873902675,0.45189058728881737,0.5067264573991032,446,0.003715908020015523,0.6951797949333975
LW_STANDARD__RATE100,S_MEAN,MEAN,LOGISTIC_ENET,0.003,0.5,0.6948081615155339,0.25082951722662494,0.45189058728881737,0.5067264573991032,446,0.0037163883405783404,0.6951798003495918
RIDGE_EVENT_A0.1__RATE100,S_MEAN,MEAN,LOGISTIC_ENET,0.003,0.5,0.6948082218837425,0.2508295473034951,0.45189058728881737,0.5067264573991032,446,0.003716595133720763,0.6951798813971145
RIDGE_EVENT_A0.01__RATE100,S_MEAN,MEAN,LOGISTIC_ENET,0.003,0.5,0.6948082217635262,0.2508295472419778,0.45189058728881737,0.5067264573991032,446,0.003716597819418495,0.6951798815454681
RIDGE_EVENT_A0.01__RATE075,S_MEAN,MEAN,LOGISTIC_ENET,0.003,0.5,0.6948083885590014,0.2508296306524755,0.45189058728881737,0.5067264573991032,446,0.0037164411246064176,0.695180032671462
RIDGE_EVENT_A0.1__RATE075,S_MEAN,MEAN,LOGISTIC_ENET,0.003,0.5,0.6948083895659607,0.2508296311558165,0.45189058728881737,0.5067264573991032,446,0.003716440713536089,0.6951800336373143
TOTAL_BASE_PLUS__RATE050,S_MEAN,MEAN,LOGISTIC_ENET,0.003,0.5,0.6948086497179347,0.25082976149624586,0.45189058728881737,0.5067264573991032,446,0.0037156543771388697,0.6951802151556485
POWER_OBP__RATE100,S_K5,FULL,LOGISTIC_ENET,0.003,0.75,0.694810277395992,0.250830581920545,0.45189058728881737,0.5067264573991032,446,0.003701733820954166,0.6951804507780874
LW_STANDARD__RATE100,S_MEAN,TAIL,LOGISTIC_ENET,0.003,0.5,0.6948098739480593,0.25083037603437164,0.45189058728881737,0.5067264573991032,446,0.0037087068040100864,0.6951807446284602
TOTAL_BASE_PLUS__RATE100,S_K5,TAIL,LOGISTIC_ENET,0.003,0.5,0.6948095498430064,0.2508302126515402,0.45189058728881737,0.5067264573991032,446,0.0037134698044167386,0.6951808968234481
POWER_OBP__RATE075,S_MEAN,SLOTS,LOGISTIC_ENET,0.003,0.5,0.694810740565071,0.25083082448172156,0.45189058728881737,0.5067264573991032,446,0.003702966636244428,0.6951810372286954
RIDGE_EVENT_A0.01__RATE100,S_MEAN,DISTRIBUTION,LOGISTIC_ENET,0.003,0.5,0.6948102546600482,0.25083056535719994,0.45189058728881737,0.5067264573991032,446,0.003710645728625052,0.6951813192329107
RIDGE_EVENT_A0.1__RATE100,S_MEAN,DISTRIBUTION,LOGISTIC_ENET,0.003,0.5,0.6948102892724353,0.2508305826609798,0.45189058728881737,0.5067264573991032,446,0.00371062494761314,0.6951813517671965
POWER_OBP__RATE100,S_K5,MEAN,LOGISTIC_ENET,0.003,0.5,0.6948099727462024,0.25083042339043005,0.45189058728881737,0.5067264573991032,446,0.003714199135127769,0.6951813926597151
POWER_OBP__RATE100,S_MEAN,TAIL,LOGISTIC_ENET,0.003,0.5,0.6948108818434058,0.2508308803397125,0.45189058728881737,0.5067264573991032,446,0.0037065509954206967,0.6951815369429478
LW_STANDARD__RATE100,S_MEAN,MEAN,LOGISTIC_L2,0.03,,0.6934363902952054,0.25015972135531106,0.5299879324215607,0.5112107623318386,446,0.01745211369934388,0.6951816016651399
TOTAL_BASE_PLUS__RATE100,S_K5,MEAN,LOGISTIC_ENET,0.003,0.5,0.6948103482911289,0.25083061056429173,0.45189058728881737,0.5067264573991032,446,0.00371502360459195,0.6951818506515881
POWER_OBP__RATE100,S_K10,MEAN,LOGISTIC_ENET,0.003,0.5,0.6948105635902955,0.25083071856735517,0.45189058728881737,0.5067264573991032,446,0.00371428870047776,0.6951819924603433
POWER_OBP__RATE100,PREV_K10,MEAN,LOGISTIC_ENET,0.003,0.5,0.6948105635902955,0.25083071856735517,0.45189058728881737,0.5067264573991032,446,0.00371428870047776,0.6951819924603433
TOTAL_BASE_PLUS__RATE075,S_MEAN,SLOTS,LOGISTIC_ENET,0.003,0.5,0.6948121987774575,0.25083155341584557,0.45189058728881737,0.5067264573991032,446,0.0037009730682639936,0.6951822960842838
POWER_OBP__RATE075,S_MEAN,TAIL,LOGISTIC_ENET,0.1,0.5,0.6939446980057301,0.25041325211598675,0.5296661303298471,0.5179372197309418,446,0.012377680265997065,0.6951824660323298
RIDGE_EVENT_A0.1__RATE075,S_MEAN,SLOTS,LOGISTIC_ENET,0.003,0.5,0.6948127691922621,0.25083183876339743,0.45189058728881737,0.5067264573991032,446,0.003702347833177261,0.6951830039755799
RIDGE_EVENT_A0.01__RATE075,S_MEAN,SLOTS,LOGISTIC_ENET,0.003,0.5,0.6948128249556791,0.25083186657365325,0.45189058728881737,0.5067264573991032,446,0.0037024191803148913,0.6951830668737106
LW_STANDARD__RATE100,S_MEAN,SLOTS,LOGISTIC_ENET,0.003,0.5,0.6948134341137492,0.2508321673065394,0.45189058728881737,0.5067264573991032,446,0.0037064506720674013,0.6951840791809559
POWER_OBP__RATE100,S_K5,ORDER,LOGISTIC_ENET,0.003,0.75,0.6948130659110539,0.2508319702526455,0.45189058728881737,0.5067264573991032,446,0.003710678563709034,0.6951841337674247
POWER_OBP__RATE100,S_MEAN,SLOTS,LOGISTIC_ENET,0.003,0.75,0.6948148067430142,0.2508328610464383,0.45189058728881737,0.5067264573991032,446,0.0036980463915861094,0.6951846113821728
TOTAL_BASE_PLUS__RATE100,S_K5,ORDER,LOGISTIC_ENET,0.003,0.75,0.6948142210307379,0.2508325459421353,0.45189058728881737,0.5067264573991032,446,0.0037133380134183767,0.6951855548320797
TOTAL_BASE_PLUS__RATE100,S_K5,FULL,LOGISTIC_ENET,0.003,0.75,0.6948152838807096,0.25083308266210746,0.45189058728881737,0.5067264573991032,446,0.0037028221470978635,0.6951855660954194
LW_STANDARD__RATE075,S_MEAN,SLOTS,LOGISTIC_ENET,0.003,0.5,0.6948164896227987,0.25083369061661204,0.45189058728881737,0.5067264573991032,446,0.0037046418682153692,0.6951869538096203
TOTAL_BASE_PLUS__RATE050,S_MEAN,SLOTS,LOGISTIC_ENET,0.003,0.5,0.6948194485020728,0.25083516964730496,0.45189058728881737,0.5067264573991032,446,0.003700166301207919,0.6951894651321936
TOTAL_BASE_PLUS__RATE100,S_MEAN,SLOTS,LOGISTIC_ENET,0.003,0.75,0.6948193723966392,0.2508351396210345,0.45189058728881737,0.5067264573991032,446,0.0037018508824242543,0.6951895574848815
RIDGE_EVENT_A0.1__RATE100,S_MEAN,TAIL,LOGISTIC_ENET,0.003,0.5,0.6948199078113255,0.25083539977391506,0.45189058728881737,0.5067264573991032,446,0.003702424044702794,0.6951901502157958
RIDGE_EVENT_A0.01__RATE100,S_MEAN,TAIL,LOGISTIC_ENET,0.003,0.5,0.6948199243777488,0.2508354080254725,0.45189058728881737,0.5067264573991032,446,0.003702425056592613,0.6951901668834081
POWER_OBP__RATE100,S_K5,SLOTS,LOGISTIC_ENET,0.003,0.75,0.694818201210922,0.25083452927371724,0.45189058728881737,0.5067264573991032,446,0.003722669769465226,0.6951904681878684
POWER_OBP__RATE100,S_K10,SLOTS,LOGISTIC_ENET,0.003,0.75,0.6948191419420127,0.25083499904407935,0.45189058728881737,0.5067264573991032,446,0.0037231695578590278,0.6951914588977985
POWER_OBP__RATE100,PREV_K10,SLOTS,LOGISTIC_ENET,0.003,0.75,0.6948191419420127,0.25083499904407935,0.45189058728881737,0.5067264573991032,446,0.0037231695578590278,0.6951914588977985
POWER_OBP__RATE100,S_K5,TAIL,LOGISTIC_ENET,0.003,0.75,0.694820028760339,0.2508354446159879,0.45189058728881737,0.5067264573991032,446,0.0037186609016958195,0.6951918948505086
TOTAL_BASE_PLUS__RATE100,S_MEAN,TAIL,LOGISTIC_ENET,0.003,0.5,0.6948224884585014,0.2508366841308607,0.45189058728881737,0.5067264573991032,446,0.003697271144468567,0.6951922155729482
TOTAL_BASE_PLUS__RATE100,S_K5,SLOTS,LOGISTIC_ENET,0.003,0.75,0.6948198511659606,0.25083535289121606,0.45189058728881737,0.5067264573991032,446,0.0037240189913981914,0.6951922530651004
TOTAL_BASE_PLUS__RATE100,S_K5,TAIL,LOGISTIC_ENET,0.003,0.75,0.6948215789423152,0.2508362185095004,0.45189058728881737,0.5067264573991032,446,0.0037198005923605323,0.6951935590015512
RIDGE_EVENT_A0.1__RATE100,S_MEAN,SLOTS,LOGISTIC_ENET,0.003,0.5,0.6948232587210321,0.2508370682170046,0.45189058728881737,0.5067264573991032,446,0.003706882126087765,0.6951939469336409
RIDGE_EVENT_A0.01__RATE100,S_MEAN,SLOTS,LOGISTIC_ENET,0.003,0.5,0.6948232732248298,0.25083707544976674,0.45189058728881737,0.5067264573991032,446,0.0037068771687544045,0.6951939609417053
LW_STANDARD__RATE075,S_MEAN,TAIL,LOGISTIC_ENET,0.1,0.5,0.6941446601897162,0.25051960951422614,0.5268905872888173,0.5224215246636771,446,0.010500065627899251,0.6951946667525062
POWER_OBP__RATE075,S_MEAN,SLOTS,LOGISTIC_ENET,0.003,0.75,0.694824567598736,0.25083772943791416,0.45189058728881737,0.5067264573991032,446,0.003708255318505841,0.6951953931305866
RIDGE_EVENT_A0.1__RATE075,S_MEAN,SLOTS,LOGISTIC_ENET,0.003,0.75,0.6948261430826351,0.2508385184711846,0.45189058728881737,0.5067264573991032,446,0.003705306306790418,0.6951966737133142
RIDGE_EVENT_A0.01__RATE075,S_MEAN,SLOTS,LOGISTIC_ENET,0.003,0.75,0.6948262006319914,0.25083854717348414,0.45189058728881737,0.5067264573991032,446,0.0037053771794863253,0.69519673834994
TOTAL_BASE_PLUS__RATE075,S_MEAN,SLOTS,LOGISTIC_ENET,0.003,0.75,0.6948261594289225,0.25083852473823537,0.45189058728881737,0.5067264573991032,446,0.003707100855714951,0.695196869514494
LW_STANDARD__RATE100,S_MEAN,SLOTS,LOGISTIC_ENET,0.003,0.75,0.6948268230263647,0.2508388537235944,0.45189058728881737,0.5067264573991032,446,0.0037108664250155446,0.6951979096688662
LW_STANDARD__RATE075,S_MEAN,SLOTS,LOGISTIC_ENET,0.003,0.75,0.6948309785193084,0.2508409263691988,0.45189058728881737,0.5067264573991032,446,0.003709226154431231,0.6952019011347516
TOTAL_BASE_PLUS__RATE050,S_MEAN,SLOTS,LOGISTIC_ENET,0.003,0.75,0.6948335391804917,0.25084220553399555,0.45189058728881737,0.5067264573991032,446,0.003706637215127001,0.6952042029020045
RIDGE_EVENT_A0.1__RATE100,S_MEAN,SLOTS,LOGISTIC_ENET,0.003,0.75,0.6948371767779579,0.25084401949422674,0.45189058728881737,0.5067264573991032,446,0.0037097707871825837,0.6952081538566761
RIDGE_EVENT_A0.01__RATE100,S_MEAN,SLOTS,LOGISTIC_ENET,0.003,0.75,0.6948371933175957,0.2508440277440945,0.45189058728881737,0.5067264573991032,446,0.003709765200815758,0.6952081698376773
LW_STANDARD__RATE100,S_MEAN,TAIL,LOGISTIC_L2,0.03,,0.6939699129095757,0.25044821029580955,0.5250603378921963,0.5134529147982063,446,0.012495604299542327,0.6952194733395299
POWER_OBP__RATE100,S_MEAN,MEAN,LOGISTIC_ENET,0.003,0.25,0.6948421840080754,0.25084646399640753,0.45189058728881737,0.5067264573991032,446,0.0038111580030957817,0.6952232998083849
TOTAL_BASE_PLUS__RATE075,S_MEAN,DISTRIBUTION,LOGISTIC_ENET,0.003,0.75,0.6948565848443036,0.2508537275383538,0.45189058728881737,0.5067264573991032,446,0.0036727321671107508,0.6952238580610146
LW_STANDARD__RATE100,S_MEAN,MEAN,LOGISTIC_ENET,0.003,0.25,0.6948429145160431,0.25084682915373696,0.45189058728881737,0.5067264573991032,446,0.0038108845032396484,0.695224002966367
TOTAL_BASE_PLUS__RATE100,S_MEAN,ORDER,LOGISTIC_ENET,0.003,0.75,0.6948574640637031,0.25085416935394717,0.45189058728881737,0.5067264573991032,446,0.003669153037708764,0.6952243793674739
TOTAL_BASE_PLUS__RATE075,S_MEAN,ORDER,LOGISTIC_ENET,0.003,0.75,0.6948589040015062,0.25085488786133897,0.45189058728881737,0.5067264573991032,446,0.003670786345803623,0.6952259826360866
POWER_OBP__RATE075,S_MEAN,DISTRIBUTION,LOGISTIC_ENET,0.003,0.75,0.6948588332660296,0.2508548489668832,0.45189058728881737,0.5067264573991032,446,0.0036761973452802393,0.6952264530005576
POWER_OBP__RATE100,S_MEAN,DISTRIBUTION,LOGISTIC_ENET,0.003,0.75,0.694859267525247,0.25085506479335185,0.45189058728881737,0.5067264573991032,446,0.00367832964942785,0.6952271004901898
LW_STANDARD__RATE100,S_MEAN,DISTRIBUTION,LOGISTIC_ENET,0.003,0.75,0.694859550161474,0.25085520568997377,0.45189058728881737,0.5067264573991032,446,0.003679346669131819,0.6952274848283873
LW_STANDARD__RATE075,S_MEAN,DISTRIBUTION,LOGISTIC_ENET,0.003,0.75,0.694860323061729,0.2508555934891231,0.45189058728881737,0.5067264573991032,446,0.003676222984984792,0.6952279453602275
TOTAL_BASE_PLUS__RATE050,S_MEAN,DISTRIBUTION,LOGISTIC_ENET,0.003,0.75,0.6948609291841281,0.2508558961188694,0.45189058728881737,0.5067264573991032,446,0.0036766517152690475,0.695228594355655
RIDGE_EVENT_A0.01__RATE075,S_MEAN,DISTRIBUTION,LOGISTIC_ENET,0.003,0.75,0.69486123078199,0.2508560463976182,0.45189058728881737,0.5067264573991032,446,0.0036776198056016943,0.6952289927625502
RIDGE_EVENT_A0.1__RATE075,S_MEAN,DISTRIBUTION,LOGISTIC_ENET,0.003,0.75,0.6948612418622736,0.2508560519357637,0.45189058728881737,0.5067264573991032,446,0.0036776153168798257,0.6952290033939615
POWER_OBP__RATE100,S_MEAN,ORDER,LOGISTIC_ENET,0.003,0.75,0.6948626306224778,0.25085675262226265,0.45189058728881737,0.5067264573991032,446,0.0036653197162852228,0.6952291625941063
TOTAL_BASE_PLUS__RATE050,S_MEAN,ORDER,LOGISTIC_ENET,0.003,0.75,0.6948641772486802,0.2508575220558498,0.45189058728881737,0.5067264573991032,446,0.0036714152665199336,0.6952313187753322
TOTAL_BASE_PLUS__RATE075,S_MEAN,TAIL,LOGISTIC_ENET,0.003,0.75,0.6948640621330714,0.25085746249269236,0.45189058728881737,0.5067264573991032,446,0.0036742445280724587,0.6952314865858786
LW_STANDARD__RATE075,S_MEAN,TAIL,LOGISTIC_ENET,0.003,0.75,0.6948643320738336,0.25085759691508025,0.45189058728881737,0.5067264573991032,446,0.0036755696902774733,0.6952318890428614
POWER_OBP__RATE075,S_MEAN,TAIL,LOGISTIC_ENET,0.003,0.75,0.6948648253649637,0.25085784357840396,0.45189058728881737,0.5067264573991032,446,0.0036746752458572747,0.6952322928895495
RIDGE_EVENT_A0.1__RATE075,S_MEAN,ORDER,LOGISTIC_ENET,0.003,0.75,0.6948665643676799,0.25085873348501925,0.45189058728881737,0.5067264573991032,446,0.003658161825205791,0.6952323805502005
RIDGE_EVENT_A0.01__RATE075,S_MEAN,ORDER,LOGISTIC_ENET,0.003,0.75,0.6948665816415948,0.2508587420922242,0.45189058728881737,0.5067264573991032,446,0.0036581643136088084,0.6952323980729557
TOTAL_BASE_PLUS__RATE100,S_MEAN,DISTRIBUTION,LOGISTIC_ENET,0.003,0.75,0.6948654840670238,0.2508581751004376,0.45189058728881737,0.5067264573991032,446,0.003669956492963305,0.6952324797163201
POWER_OBP__RATE100,S_K10,ORDER,LOGISTIC_ENET,0.003,0.75,0.6948667361733356,0.2508588029641204,0.45189058728881737,0.5067264573991032,446,0.003667826136805575,0.6952335187870161
POWER_OBP__RATE100,PREV_K10,ORDER,LOGISTIC_ENET,0.003,0.75,0.6948667361733356,0.2508588029641204,0.45189058728881737,0.5067264573991032,446,0.003667826136805575,0.6952335187870161
TOTAL_BASE_PLUS__RATE050,S_MEAN,TAIL,LOGISTIC_ENET,0.003,0.75,0.6948667363554137,0.25085879795473315,0.45189058728881737,0.5067264573991032,446,0.0036757596670966416,0.6952343123221234
POWER_OBP__RATE075,S_MEAN,ORDER,LOGISTIC_ENET,0.003,0.75,0.6948705478939973,0.25086070952161094,0.45189058728881737,0.5067264573991032,446,0.0036626492851719703,0.6952368128225145
TOTAL_BASE_PLUS__RATE100,S_K5,DISTRIBUTION,LOGISTIC_ENET,0.003,0.75,0.6948709977677954,0.25086092828139855,0.45189058728881737,0.5067264573991032,446,0.0036746063416626847,0.6952384584019616
RIDGE_EVENT_A0.1__RATE100,S_MEAN,ORDER,LOGISTIC_ENET,0.003,0.75,0.6948728164741049,0.2508618504183052,0.45189058728881737,0.5067264573991032,446,0.003656765623776751,0.6952384930364826
RIDGE_EVENT_A0.01__RATE100,S_MEAN,ORDER,LOGISTIC_ENET,0.003,0.75,0.6948728376802169,0.2508618609857825,0.45189058728881737,0.5067264573991032,446,0.0036567680179566053,0.6952385144820126
POWER_OBP__RATE100,S_K5,DISTRIBUTION,LOGISTIC_ENET,0.003,0.75,0.6948710187384392,0.2508609381747671,0.45189058728881737,0.5067264573991032,446,0.003675692495148215,0.695238587987954
LW_STANDARD__RATE100,S_MEAN,ORDER,LOGISTIC_ENET,0.003,0.75,0.6948729370277341,0.250861905168997,0.45189058728881737,0.5067264573991032,446,0.0036588788538009327,0.6952388249131142
POWER_OBP__RATE075,S_MEAN,MEAN,LOGISTIC_ENET,0.003,0.75,0.6948720097613283,0.25086143096117847,0.45189058728881737,0.5067264573991032,446,0.0036798253212979052,0.6952399922934581
POWER_OBP__RATE100,S_MEAN,MEAN,LOGISTIC_ENET,0.003,0.75,0.6948721014613072,0.25086147689701177,0.45189058728881737,0.5067264573991032,446,0.0036796025918662038,0.6952400617204938
TOTAL_BASE_PLUS__RATE100,S_MEAN,MEAN,LOGISTIC_ENET,0.003,0.75,0.6948724440645873,0.2508616480641963,0.45189058728881737,0.5067264573991032,446,0.0036795876864352656,0.6952404028332307
TOTAL_BASE_PLUS__RATE075,S_MEAN,MEAN,LOGISTIC_ENET,0.003,0.75,0.694872452420962,0.25086165208931416,0.45189058728881737,0.5067264573991032,446,0.0036798552573677184,0.6952404379466988
LW_STANDARD__RATE075,S_MEAN,MEAN,LOGISTIC_ENET,0.003,0.75,0.6948725861330468,0.250861719122863,0.45189058728881737,0.5067264573991032,446,0.003679446636625011,0.6952405307967093
POWER_OBP__RATE100,S_K10,TAIL,LOGISTIC_ENET,0.003,0.75,0.6948728570591632,0.25086185584580917,0.45189058728881737,0.5067264573991032,446,0.0036771824932279795,0.695240575308486
POWER_OBP__RATE100,PREV_K10,TAIL,LOGISTIC_ENET,0.003,0.75,0.6948728570591632,0.25086185584580917,0.45189058728881737,0.5067264573991032,446,0.0036771824932279795,0.695240575308486
LW_STANDARD__RATE100,S_MEAN,MEAN,LOGISTIC_ENET,0.003,0.75,0.6948726700993216,0.2508617611648526,0.45189058728881737,0.5067264573991032,446,0.003679279758681341,0.6952405980751898
RIDGE_EVENT_A0.01__RATE075,S_MEAN,MEAN,LOGISTIC_ENET,0.003,0.75,0.6948726883493361,0.2508617702377294,0.45189058728881737,0.5067264573991032,446,0.003679374287487442,0.6952406257780849
RIDGE_EVENT_A0.1__RATE075,S_MEAN,MEAN,LOGISTIC_ENET,0.003,0.75,0.6948726900658541,0.250861771095875,0.45189058728881737,0.5067264573991032,446,0.0036793732175914597,0.6952406273876132
RIDGE_EVENT_A0.01__RATE100,S_MEAN,MEAN,LOGISTIC_ENET,0.003,0.75,0.6948728613373178,0.25086185675008305,0.45189058728881737,0.5067264573991032,446,0.003679222459170624,0.6952407835832349
RIDGE_EVENT_A0.1__RATE100,S_MEAN,MEAN,LOGISTIC_ENET,0.003,0.75,0.6948728626160852,0.25086185738962913,0.45189058728881737,0.5067264573991032,446,0.003679221190108977,0.6952407847350961
POWER_OBP__RATE100,S_K10,DISTRIBUTION,LOGISTIC_ENET,0.003,0.75,0.6948731141363476,0.2508619837168398,0.45189058728881737,0.5067264573991032,446,0.0036782368341712174,0.6952409378197647
POWER_OBP__RATE100,PREV_K10,DISTRIBUTION,LOGISTIC_ENET,0.003,0.75,0.6948731141363476,0.2508619837168398,0.45189058728881737,0.5067264573991032,446,0.0036782368341712174,0.6952409378197647
TOTAL_BASE_PLUS__RATE050,S_MEAN,MEAN,LOGISTIC_ENET,0.003,0.75,0.6948728978593551,0.25086187427147816,0.45189058728881737,0.5067264573991032,446,0.003680538560877668,0.6952409517154429
LW_STANDARD__RATE075,S_MEAN,ORDER,LOGISTIC_ENET,0.003,0.75,0.694875371252135,0.2508631248249168,0.45189058728881737,0.5067264573991032,446,0.0036576140684113257,0.6952411326589761
RIDGE_EVENT_A0.01__RATE075,S_MEAN,TAIL,LOGISTIC_ENET,0.003,0.75,0.6948746839679018,0.2508627716235339,0.45189058728881737,0.5067264573991032,446,0.0036702548740812618,0.6952417094553098
RIDGE_EVENT_A0.1__RATE075,S_MEAN,TAIL,LOGISTIC_ENET,0.003,0.75,0.694874725391698,0.25086279233213243,0.45189058728881737,0.5067264573991032,446,0.0036702302646555076,0.6952417484181636
POWER_OBP__RATE100,S_K5,MEAN,LOGISTIC_ENET,0.003,0.75,0.6948740005109819,0.250862426259923,0.45189058728881737,0.5067264573991032,446,0.003678640564322553,0.6952418645674142
TOTAL_BASE_PLUS__RATE100,S_K5,MEAN,LOGISTIC_ENET,0.003,0.75,0.6948741698136636,0.25086251061845954,0.45189058728881737,0.5067264573991032,446,0.003679059702027907,0.6952420757838663
POWER_OBP__RATE100,S_K10,MEAN,LOGISTIC_ENET,0.003,0.75,0.6948743084836382,0.25086258015313584,0.45189058728881737,0.5067264573991032,446,0.0036786249748834614,0.6952421709811265
POWER_OBP__RATE100,PREV_K10,MEAN,LOGISTIC_ENET,0.003,0.75,0.6948743084836382,0.25086258015313584,0.45189058728881737,0.5067264573991032,446,0.0036786249748834614,0.6952421709811265
LW_STANDARD__RATE100,S_MEAN,TAIL,LOGISTIC_ENET,0.003,0.75,0.6948780046180485,0.250864430203315,0.45189058728881737,0.5067264573991032,446,0.0036706976109410756,0.6952450743791426
RIDGE_EVENT_A0.01__RATE100,S_MEAN,DISTRIBUTION,LOGISTIC_ENET,0.003,0.75,0.6948780814119316,0.2508644683037692,0.45189058728881737,0.5067264573991032,446,0.0036711736852092667,0.6952451987804525
RIDGE_EVENT_A0.1__RATE100,S_MEAN,DISTRIBUTION,LOGISTIC_ENET,0.003,0.75,0.69487811797451,0.2508644865805623,0.45189058728881737,0.5067264573991032,446,0.0036711545897330534,0.6952452334334833
POWER_OBP__RATE100,S_MEAN,TAIL,LOGISTIC_ENET,0.003,0.75,0.6948784253696969,0.2508646412911019,0.45189058728881737,0.5067264573991032,446,0.0036686458080141633,0.6952452899504983
RIDGE_EVENT_A0.1__RATE100,S_MEAN,TAIL,LOGISTIC_ENET,0.003,0.75,0.6948865093044139,0.25086869014231084,0.45189058728881737,0.5067264573991032,446,0.003664081971678058,0.6952529175015817
RIDGE_EVENT_A0.01__RATE100,S_MEAN,TAIL,LOGISTIC_ENET,0.003,0.75,0.6948865240900303,0.2508686975045299,0.45189058728881737,0.5067264573991032,446,0.0036640809713424944,0.6952529321871646
TOTAL_BASE_PLUS__RATE100,S_MEAN,TAIL,LOGISTIC_ENET,0.003,0.75,0.694888279692225,0.2508695689262521,0.45189058728881737,0.5067264573991032,446,0.0036607682973637434,0.6952543565219613
TOTAL_BASE_PLUS__RATE075,S_MEAN,DISTRIBUTION,LOGISTIC_L2,0.1,,0.6936450439626192,0.25018551554073426,0.539521319388576,0.5201793721973094,446,0.016518663818859098,0.695296910344505
LW_STANDARD__RATE100,S_MEAN,FULL,LOGISTIC_L2,0.01,,0.6939108769911508,0.2503380585124196,0.5361423974255832,0.5291479820627802,446,0.013909408460166956,0.6953018178371675
TOTAL_BASE_PLUS__RATE100,S_K5,TAIL,LOGISTIC_ENET,0.1,0.75,0.6937715630965673,0.25031877819905113,0.5282783588093324,0.5089686098654709,446,0.015323781282591367,0.6953039412248264
POWER_OBP__RATE100,S_K5,SLOTS,LOGISTIC_ENET,0.1,0.75,0.6940409264945395,0.25046364728753506,0.522385358004827,0.515695067264574,446,0.012802020406119158,0.6953211285351515
RIDGE_EVENT_A0.01__RATE075,S_MEAN,ORDER,LOGISTIC_L2,0.03,,0.6937732252620674,0.2503232673853201,0.5305309734513274,0.5134529147982063,446,0.015542860882422332,0.6953275113503097
RIDGE_EVENT_A0.1__RATE075,S_MEAN,ORDER,LOGISTIC_L2,0.03,,0.6937734420377967,0.25032338812125465,0.5304907481898633,0.5134529147982063,446,0.015541665532739028,0.6953276085910706
TOTAL_BASE_PLUS__RATE100,S_MEAN,TAIL,LOGISTIC_L2,0.03,,0.6940386809180493,0.25048215735673696,0.5235317779565568,0.515695067264574,446,0.012994384177292843,0.6953381193357786
LW_STANDARD__RATE100,S_MEAN,MEAN,LOGISTIC_ENET,0.1,0.25,0.6934511310377643,0.2501513464315241,0.5375100563153661,0.5179372197309418,446,0.018973654045366085,0.6953484964423009
RIDGE_EVENT_A0.1__RATE075,S_MEAN,DISTRIBUTION,LOGISTIC_L2,0.1,,0.6937643122144224,0.2502588774662136,0.5423169750603378,0.5224215246636771,446,0.015911338257964217,0.6953554460402188
RIDGE_EVENT_A0.01__RATE075,S_MEAN,DISTRIBUTION,LOGISTIC_L2,0.1,,0.6937674408612009,0.2502604230882881,0.54233708769107,0.5224215246636771,446,0.015910810753268372,0.6953585219365277
TOTAL_BASE_PLUS__RATE050,S_MEAN,TAIL,LOGISTIC_ENET,0.1,0.5,0.6940566830602326,0.2504586775001095,0.5305711987127917,0.5246636771300448,446,0.01348085939787163,0.6954047690000198
RIDGE_EVENT_A0.1__RATE100,S_MEAN,FULL,LOGISTIC_ENET,0.1,0.75,0.6942681507249329,0.2505216280669038,0.5274738535800483,0.5134529147982063,446,0.0116253065084193,0.6954306813757748
RIDGE_EVENT_A0.01__RATE100,S_MEAN,FULL,LOGISTIC_ENET,0.1,0.75,0.6942699681317147,0.25052258356907,0.5273934030571199,0.5134529147982063,446,0.01162410631098289,0.695432378762813
POWER_OBP__RATE075,S_MEAN,MEAN,LOGISTIC_L2,0.03,,0.6937569124553981,0.25031106549718724,0.5298270313757039,0.5179372197309418,446,0.016900350097340318,0.6954469474651321
TOTAL_BASE_PLUS__RATE100,S_K5,TAIL,LOGISTIC_L2,0.01,,0.6939952979035198,0.25041858618603174,0.526025744167337,0.515695067264574,446,0.014762573323982276,0.695471555235918
LW_STANDARD__RATE100,S_MEAN,SLOTS,LOGISTIC_ENET,0.1,0.75,0.6941845621276604,0.2505130082744021,0.5302091713596139,0.5246636771300448,446,0.012972568753104239,0.6954818190029709
POWER_OBP__RATE075,S_MEAN,FULL,LOGISTIC_ENET,0.03,0.25,0.6942636486319856,0.25053689055460737,0.5223451327433628,0.531390134529148,446,0.012232983576303359,0.695486946989616
POWER_OBP__RATE100,PREV_K10,ORDER,LOGISTIC_ENET,0.1,0.75,0.6944394571155352,0.25066157944258183,0.5162208366854385,0.5201793721973094,446,0.010511792474262874,0.6954906363629615
POWER_OBP__RATE100,S_K10,ORDER,LOGISTIC_ENET,0.1,0.75,0.6944394571155352,0.25066157944258183,0.5162208366854385,0.5201793721973094,446,0.010511792474262874,0.6954906363629615
POWER_OBP__RATE075,S_MEAN,ORDER,LOGISTIC_L2,0.03,,0.6939590584153584,0.2504115982931445,0.5293644408688656,0.515695067264574,446,0.015332488771889424,0.6954923072925474
RIDGE_EVENT_A0.01__RATE075,S_MEAN,MEAN,LOGISTIC_ENET,0.1,0.25,0.6936248658250627,0.2502317797326869,0.5376709573612228,0.531390134529148,446,0.01885037307725435,0.6955099031327882
RIDGE_EVENT_A0.01__RATE075,S_MEAN,MEAN,LOGISTIC_L2,0.03,,0.6937713649435875,0.250320112147645,0.5285599356395817,0.5246636771300448,446,0.017391061490329845,0.6955104710926204
RIDGE_EVENT_A0.1__RATE075,S_MEAN,MEAN,LOGISTIC_ENET,0.1,0.25,0.6936258573489847,0.2502322749068823,0.5376910699919549,0.531390134529148,446,0.018849955737987943,0.6955108529227836
RIDGE_EVENT_A0.1__RATE075,S_MEAN,MEAN,LOGISTIC_L2,0.03,,0.6937720635757819,0.25032046024127513,0.5285599356395817,0.5246636771300448,446,0.017390787454324323,0.6955111423212144
RIDGE_EVENT_A0.01__RATE075,S_MEAN,TAIL,LOGISTIC_ENET,0.1,0.5,0.6944537687387418,0.250670174730855,0.5276749798873693,0.5201793721973094,446,0.01071337369050033,0.6955251061077918
RIDGE_EVENT_A0.1__RATE075,S_MEAN,TAIL,LOGISTIC_ENET,0.1,0.5,0.6944554150713657,0.2506709661816308,0.5276950925181014,0.5201793721973094,446,0.010713424129522479,0.6955267574843179
LW_STANDARD__RATE075,S_MEAN,ORDER,LOGISTIC_L2,0.03,,0.6939724671951643,0.2504249086509036,0.5281576830249397,0.5112107623318386,446,0.015787234372343764,0.6955511906323987
POWER_OBP__RATE075,S_MEAN,MEAN,LOGISTIC_ENET,0.1,0.25,0.6936997725059156,0.2502648730289858,0.5390185036202735,0.5291479820627802,446,0.01854258319959002,0.6955540308258746
TOTAL_BASE_PLUS__RATE100,S_K5,MEAN,LOGISTIC_ENET,0.1,0.5,0.6939480373696647,0.25041197018952943,0.5280571198712791,0.5134529147982063,446,0.016649083468709303,0.6956129457165356
TOTAL_BASE_PLUS__RATE100,S_MEAN,SLOTS,LOGISTIC_ENET,0.1,0.75,0.694339999609165,0.25059177173030006,0.5309533386967016,0.5134529147982063,446,0.012798594753887402,0.6956198590845538
POWER_OBP__RATE100,S_K5,MEAN,LOGISTIC_ENET,0.1,0.5,0.6939581084014046,0.2504156912343804,0.5285599356395817,0.5112107623318386,446,0.016792383253384714,0.695637346726743
TOTAL_BASE_PLUS__RATE050,S_MEAN,MEAN,LOGISTIC_ENET,0.1,0.25,0.6938215279955883,0.250318181333725,0.5401649235720032,0.5403587443946188,446,0.018204933074737712,0.6956420213030621
TOTAL_BASE_PLUS__RATE100,S_MEAN,ORDER,LOGISTIC_ENET,0.1,0.25,0.6939228753752568,0.25038171757561245,0.5365848753016894,0.5246636771300448,446,0.017198232118279633,0.6956426985870847
TOTAL_BASE_PLUS__RATE050,S_MEAN,MEAN,LOGISTIC_L2,0.03,,0.6939939741818332,0.2504229193477828,0.5298672566371682,0.5291479820627802,446,0.016765640525730204,0.6956705382344062
LW_STANDARD__RATE075,S_MEAN,MEAN,LOGISTIC_L2,0.03,,0.693942710385822,0.2504065853888835,0.5279766693483507,0.5179372197309418,446,0.017342393927721807,0.6956769497785942
RIDGE_EVENT_A0.1__RATE100,S_MEAN,SLOTS,LOGISTIC_ENET,0.1,0.75,0.6943941198302581,0.2506151574126271,0.5297063555913114,0.5089686098654709,446,0.013014222843580212,0.6956955421146162
RIDGE_EVENT_A0.01__RATE100,S_MEAN,SLOTS,LOGISTIC_ENET,0.1,0.75,0.6943944219620456,0.2506153008135399,0.5297666934835076,0.5089686098654709,446,0.01301474842311499,0.6956958968043571
POWER_OBP__RATE100,S_K5,SLOTS,LOGISTIC_L2,0.01,,0.6941143938163873,0.2505048412792384,0.5203942075623492,0.5179372197309418,446,0.01593782083861417,0.6957081759002487
TOTAL_BASE_PLUS__RATE050,S_MEAN,ORDER,LOGISTIC_L2,0.03,,0.6941959625526926,0.25051419657215596,0.531838294448914,0.5134529147982063,446,0.015340682199151873,0.6957300307726078
POWER_OBP__RATE100,S_K5,TAIL,LOGISTIC_ENET,0.1,0.75,0.6942244002595449,0.25053750610084624,0.5261866452131939,0.515695067264574,446,0.015199804871085082,0.6957443807466535
TOTAL_BASE_PLUS__RATE075,S_MEAN,TAIL,LOGISTIC_L2,0.03,,0.6943951268083102,0.25065973567062594,0.5226065969428801,0.5224215246636771,446,0.013595383442412784,0.6957546651525515
LW_STANDARD__RATE075,S_MEAN,SLOTS,LOGISTIC_ENET,0.1,0.75,0.6944870629756569,0.2506537187515821,0.530631536604988,0.515695067264574,446,0.012777494786594122,0.6957648124543163
LW_STANDARD__RATE075,S_MEAN,TAIL,LOGISTIC_L2,0.03,,0.6944602012703277,0.2506947674265927,0.5245172968624296,0.5201793721973094,446,0.013101294380277266,0.6957703307083555
LW_STANDARD__RATE075,S_MEAN,MEAN,LOGISTIC_ENET,0.1,0.25,0.6939186557332726,0.25037840634761954,0.5359211584875302,0.531390134529148,446,0.01883243099109432,0.6958018988323821
POWER_OBP__RATE100,S_MEAN,SLOTS,LOGISTIC_ENET,0.1,0.75,0.6945753451515249,0.2507128532075988,0.5259050683829445,0.5089686098654709,446,0.012408202488490658,0.6958161654003739
RIDGE_EVENT_A0.01__RATE075,S_MEAN,TAIL,LOGISTIC_L2,0.03,,0.6944459715034853,0.25068554763087125,0.5244770716009655,0.5224215246636771,446,0.013768161858981744,0.6958227876893834
RIDGE_EVENT_A0.1__RATE075,S_MEAN,TAIL,LOGISTIC_L2,0.03,,0.6944477173960915,0.25068635727879957,0.5244368463395012,0.5224215246636771,446,0.013768338501221864,0.6958245512462137
POWER_OBP__RATE100,PREV_K10,SLOTS,LOGISTIC_L2,0.01,,0.6941102405284606,0.2505119937954654,0.5184835076427996,0.515695067264574,446,0.017166081368125332,0.6958268486652731
POWER_OBP__RATE100,S_K10,SLOTS,LOGISTIC_L2,0.01,,0.6941102405284606,0.2505119937954654,0.5184835076427996,0.515695067264574,446,0.017166081368125332,0.6958268486652731
TOTAL_BASE_PLUS__RATE075,S_MEAN,ORDER,LOGISTIC_ENET,0.1,0.25,0.694154572248847,0.25048978141458533,0.5353781174577634,0.5224215246636771,446,0.01691557143099384,0.6958461293919465
TOTAL_BASE_PLUS__RATE100,S_K5,MEAN,LOGISTIC_L2,0.03,,0.6939520784431753,0.25040629638144063,0.5273732904263877,0.5089686098654709,446,0.01915386255340145,0.6958674646985155
POWER_OBP__RATE100,S_MEAN,TAIL,LOGISTIC_L2,0.03,,0.694583175644688,0.25074250674357873,0.5224658085277554,0.5201793721973094,446,0.013086452027747828,0.6958918208474627
POWER_OBP__RATE075,S_MEAN,DISTRIBUTION,LOGISTIC_L2,0.3,,0.6941362727745406,0.2503799691398851,0.5442477876106194,0.5358744394618834,446,0.0181240239726971,0.6959486751718104
POWER_OBP__RATE100,S_K5,MEAN,LOGISTIC_L2,0.03,,0.6940347008046871,0.2504476240268704,0.5267296862429606,0.5134529147982063,446,0.0192565067490318,0.6959603514795902
POWER_OBP__RATE100,S_K5,ORDER,LOGISTIC_L2,0.03,,0.6943798368081994,0.2506461496464177,0.5221641190667738,0.5179372197309418,446,0.015816532167949315,0.6959614900249943
TOTAL_BASE_PLUS__RATE075,S_MEAN,SLOTS,LOGISTIC_ENET,0.1,0.75,0.6946951347860376,0.2507584684292292,0.5304102976669349,0.5224215246636771,446,0.012923370552340482,0.6959874718412716
POWER_OBP__RATE100,S_K10,MEAN,LOGISTIC_ENET,0.1,0.5,0.6943428558337554,0.2506083740172255,0.5210981496379727,0.5022421524663677,446,0.016886431684275904,0.696031499002183
POWER_OBP__RATE100,PREV_K10,MEAN,LOGISTIC_ENET,0.1,0.5,0.6943428558337554,0.2506083740172255,0.5210981496379727,0.5022421524663677,446,0.016886431684275904,0.696031499002183
LW_STANDARD__RATE075,S_MEAN,FULL,LOGISTIC_L2,0.01,,0.6945691288527746,0.2506456985229778,0.5356194690265487,0.5336322869955157,446,0.014760083740095062,0.6960451372267841
TOTAL_BASE_PLUS__RATE100,S_K5,ORDER,LOGISTIC_L2,0.03,,0.6944799802809695,0.2506911704242897,0.5225462590506839,0.515695067264574,446,0.015812668497303898,0.6960612471306998
TOTAL_BASE_PLUS__RATE100,S_MEAN,DISTRIBUTION,LOGISTIC_L2,0.3,,0.6943706955877893,0.2504692381938328,0.5445092518101368,0.515695067264574,446,0.01697433936837236,0.6960681295246265
RIDGE_EVENT_A0.1__RATE075,S_MEAN,SLOTS,LOGISTIC_ENET,0.1,0.75,0.6948050417069268,0.25081092679734523,0.5282180209171359,0.5112107623318386,446,0.01274842139653873,0.6960798838465807
RIDGE_EVENT_A0.01__RATE075,S_MEAN,SLOTS,LOGISTIC_ENET,0.1,0.75,0.6948050288107248,0.25081091600215755,0.528218020917136,0.5112107623318386,446,0.0127492972156127,0.6960799585322861
POWER_OBP__RATE100,S_K5,TAIL,LOGISTIC_L2,0.01,,0.6946692209889264,0.25075085632361216,0.5235720032180209,0.515695067264574,446,0.014472254512124133,0.6961164464401388
RIDGE_EVENT_A0.01__RATE100,S_MEAN,ORDER,LOGISTIC_ENET,0.1,0.25,0.694402876112833,0.2506260035378271,0.5323411102172164,0.5201793721973094,446,0.017524777948331884,0.6961553539076663
RIDGE_EVENT_A0.1__RATE100,S_MEAN,ORDER,LOGISTIC_ENET,0.1,0.25,0.6944037141154495,0.25062642714934613,0.5323411102172164,0.5201793721973094,446,0.01752405473474736,0.6961561195889243
POWER_OBP__RATE100,S_K10,TAIL,LOGISTIC_ENET,0.1,0.75,0.6945036811235116,0.2506685979725355,0.5293845534995978,0.5134529147982063,446,0.016540265900558352,0.6961577077135674
POWER_OBP__RATE100,PREV_K10,TAIL,LOGISTIC_ENET,0.1,0.75,0.6945036811235116,0.2506685979725355,0.5293845534995978,0.5134529147982063,446,0.016540265900558352,0.6961577077135674
POWER_OBP__RATE075,S_MEAN,SLOTS,LOGISTIC_ENET,0.1,0.75,0.6949353972941661,0.25088213711049684,0.5261263073209976,0.5112107623318386,446,0.012329024568004212,0.6961682997509665
RIDGE_EVENT_A0.1__RATE075,S_MEAN,FULL,LOGISTIC_L2,0.01,,0.6947566140145999,0.2507477804979027,0.5337087691069993,0.5246636771300448,446,0.014168513399840108,0.6961734653545839
RIDGE_EVENT_A0.01__RATE075,S_MEAN,FULL,LOGISTIC_L2,0.01,,0.6947579646787007,0.2507484645866577,0.5337489943684633,0.5246636771300448,446,0.014168537553620707,0.6961748184340627
POWER_OBP__RATE075,S_MEAN,TAIL,LOGISTIC_L2,0.03,,0.6948190670666731,0.2508616646761722,0.521761866452132,0.5201793721973094,446,0.013668349566223922,0.6961859020232954
TOTAL_BASE_PLUS__RATE100,S_MEAN,FULL,LOGISTIC_ENET,0.03,0.25,0.6950747714392292,0.250946754210207,0.5201930812550282,0.5269058295964125,446,0.011663362547207616,0.69624110769395
RIDGE_EVENT_A0.01__RATE075,S_MEAN,ORDER,LOGISTIC_ENET,0.1,0.25,0.6945582489844553,0.2506996845518649,0.5328238133547868,0.5381165919282511,446,0.01704451291325896,0.6962627002757812
RIDGE_EVENT_A0.1__RATE075,S_MEAN,ORDER,LOGISTIC_ENET,0.1,0.25,0.6945589787093686,0.250700056450288,0.5328037007240547,0.5381165919282511,446,0.017043594021832073,0.6962633381115517
TOTAL_BASE_PLUS__RATE100,S_MEAN,TAIL,LOGISTIC_ENET,0.1,0.25,0.6948124037639039,0.2508577940297795,0.5261061946902654,0.5246636771300448,446,0.014645525305764734,0.6962769562944803
LW_STANDARD__RATE100,S_MEAN,TAIL,LOGISTIC_ENET,0.1,0.25,0.6950640104432575,0.2509846616225962,0.5249195494770716,0.5224215246636771,446,0.012177934629052164,0.6962818039061627
TOTAL_BASE_PLUS__RATE075,S_MEAN,TAIL,LOGISTIC_ENET,0.1,0.25,0.6948459520626697,0.25086276589250617,0.5281979082864039,0.531390134529148,446,0.01519181781830854,0.6963651338445006
TOTAL_BASE_PLUS__RATE100,S_K5,SLOTS,LOGISTIC_L2,0.01,,0.6947483536095906,0.2508239193724372,0.5147827835880933,0.5134529147982063,446,0.016184162253379104,0.6963667698349285
RIDGE_EVENT_A0.01__RATE100,S_MEAN,TAIL,LOGISTIC_ENET,0.1,0.25,0.69504706037393,0.2509763225146573,0.5265687851971038,0.531390134529148,446,0.01344847956006811,0.6963919083299368
RIDGE_EVENT_A0.1__RATE100,S_MEAN,TAIL,LOGISTIC_ENET,0.1,0.25,0.6950490232411325,0.2509772522540012,0.5265888978278359,0.531390134529148,446,0.013451480318025488,0.696394171272935
TOTAL_BASE_PLUS__RATE075,S_MEAN,FULL,LOGISTIC_ENET,0.03,0.25,0.6951459988284538,0.25097731751433705,0.5191874497184231,0.5224215246636771,446,0.012504172645846441,0.6963964160930385
POWER_OBP__RATE100,S_MEAN,ORDER,LOGISTIC_ENET,0.1,0.25,0.694681114688044,0.25075761322424167,0.532240547063556,0.531390134529148,446,0.0173480564198813,0.6964159203300322
TOTAL_BASE_PLUS__RATE050,S_MEAN,ORDER,LOGISTIC_ENET,0.1,0.25,0.6947521670399246,0.2507790391943586,0.5333467417538215,0.5403587443946188,446,0.016697315189159415,0.6964218985588405
POWER_OBP__RATE100,PREV_K10,MEAN,LOGISTIC_L2,0.03,,0.6944312226243455,0.2506469468486468,0.5234915526950925,0.5089686098654709,446,0.020048847138484243,0.6964361073381939
POWER_OBP__RATE100,S_K10,MEAN,LOGISTIC_L2,0.03,,0.6944312226243455,0.2506469468486468,0.5234915526950925,0.5089686098654709,446,0.020048847138484243,0.6964361073381939
TOTAL_BASE_PLUS__RATE100,S_K5,DISTRIBUTION,LOGISTIC_ENET,0.1,0.25,0.6943796953670505,0.25043085079478744,0.5509050683829445,0.5515695067264574,446,0.020864056283650928,0.6964661009954155
LW_STANDARD__RATE100,S_MEAN,ORDER,LOGISTIC_ENET,0.1,0.25,0.6947162260154423,0.2507827444367573,0.5303499597747385,0.5201793721973094,446,0.017762435303756412,0.6964924695458179
POWER_OBP__RATE100,S_K5,ORDER,LOGISTIC_ENET,0.1,0.5,0.695057710691114,0.2509631930607622,0.51934835076428,0.515695067264574,446,0.01465069887354521,0.6965227805784685
POWER_OBP__RATE075,S_MEAN,ORDER,LOGISTIC_ENET,0.1,0.25,0.6948606845001427,0.25084366124899676,0.5315567176186645,0.531390134529148,446,0.016963576593685956,0.6965570421595113
LW_STANDARD__RATE075,S_MEAN,ORDER,LOGISTIC_ENET,0.1,0.25,0.6948502115606443,0.25084669205116444,0.5307320997586484,0.5246636771300448,446,0.017224753535863006,0.6965726869142306
POWER_OBP__RATE100,S_MEAN,FULL,LOGISTIC_L2,0.01,,0.6950835016270228,0.25093303572826026,0.5296259050683829,0.5224215246636771,446,0.014930928964274523,0.6965765945234502
TOTAL_BASE_PLUS__RATE100,S_K5,ORDER,LOGISTIC_ENET,0.1,0.5,0.6950797287794626,0.25097436486876434,0.5193282381335479,0.5201793721973094,446,0.015043330174647365,0.6965840617969273
TOTAL_BASE_PLUS__RATE050,S_MEAN,SLOTS,LOGISTIC_ENET,0.1,0.75,0.6953111625294476,0.25105773559715805,0.5280168946098149,0.5134529147982063,446,0.012830018214140336,0.6965941643508616
LW_STANDARD__RATE100,S_MEAN,FULL,LOGISTIC_ENET,0.1,0.5,0.6952958664062229,0.2509250540287757,0.5386564762670958,0.5336322869955157,446,0.013171789866723176,0.6966130453928951
LW_STANDARD__RATE075,S_MEAN,FULL,LOGISTIC_ENET,0.1,0.75,0.6952774770764525,0.25101146096399707,0.5255430410297668,0.5224215246636771,446,0.013756900125302899,0.6966531670889827
POWER_OBP__RATE100,S_K5,FULL,LOGISTIC_ENET,0.1,0.75,0.6949415113374672,0.25077935411514946,0.5364440868865648,0.5246636771300448,446,0.01726613300695032,0.6966681246381622
TOTAL_BASE_PLUS__RATE050,S_MEAN,DISTRIBUTION,LOGISTIC_L2,0.1,,0.6947902626239759,0.2507301292922278,0.5375100563153661,0.5269058295964125,446,0.019059512639504207,0.6966962138879264
POWER_OBP__RATE100,S_K10,TAIL,LOGISTIC_L2,0.01,,0.6951152295322431,0.2509703039727459,0.5230088495575221,0.5112107623318386,446,0.015830402053753145,0.6966982697376185
POWER_OBP__RATE100,PREV_K10,TAIL,LOGISTIC_L2,0.01,,0.6951152295322431,0.2509703039727459,0.5230088495575221,0.5112107623318386,446,0.015830402053753145,0.6966982697376185
POWER_OBP__RATE100,S_MEAN,TAIL,LOGISTIC_ENET,0.1,0.25,0.6952732951992355,0.2510788921449939,0.5239541432019308,0.5224215246636771,446,0.014556887689658257,0.6967289839682014
POWER_OBP__RATE100,PREV_K10,ORDER,LOGISTIC_L2,0.03,,0.6950974318879974,0.25101016766525547,0.5166130329847144,0.5,446,0.016779659460586634,0.6967753978340561
POWER_OBP__RATE100,S_K10,ORDER,LOGISTIC_L2,0.03,,0.6950974318879974,0.25101016766525547,0.5166130329847144,0.5,446,0.016779659460586634,0.6967753978340561
TOTAL_BASE_PLUS__RATE050,S_MEAN,TAIL,LOGISTIC_L2,0.03,,0.6953050445443597,0.2510948115002888,0.5203137570394207,0.5269058295964125,446,0.01488050522759742,0.6967930950671194
POWER_OBP__RATE100,PREV_K10,FULL,LOGISTIC_ENET,0.1,0.75,0.6949173575656642,0.250780851249931,0.5392196299275944,0.531390134529148,446,0.019087711764917116,0.6968261287421559
POWER_OBP__RATE100,S_K10,FULL,LOGISTIC_ENET,0.1,0.75,0.6949173575656642,0.250780851249931,0.5392196299275944,0.531390134529148,446,0.019087711764917116,0.6968261287421559
POWER_OBP__RATE100,S_MEAN,FULL,LOGISTIC_ENET,0.1,0.75,0.6954809149666438,0.2510874954750132,0.5270514883346742,0.5269058295964125,446,0.013512896784019613,0.6968322046450457
LW_STANDARD__RATE100,S_MEAN,SLOTS,LOGISTIC_ENET,0.1,0.5,0.6951919458465817,0.2510016081979678,0.5311745776347546,0.515695067264574,446,0.01674825750980605,0.6968667715975624
LW_STANDARD__RATE075,S_MEAN,TAIL,LOGISTIC_ENET,0.1,0.25,0.6955441928186451,0.2512198080676102,0.5251005631536605,0.5269058295964125,446,0.013369917766613311,0.6968811845953065
POWER_OBP__RATE075,S_MEAN,TAIL,LOGISTIC_ENET,0.1,0.25,0.6953639779784634,0.2511150826471127,0.5266693483507643,0.531390134529148,446,0.015274664744385876,0.696891444452902
TOTAL_BASE_PLUS__RATE100,S_MEAN,MEAN,LOGISTIC_L2,0.1,,0.6947771605232337,0.2507732742413696,0.5331053901850361,0.5179372197309418,446,0.021867980151227488,0.6969639585383565
RIDGE_EVENT_A0.1__RATE100,S_MEAN,FULL,LOGISTIC_ENET,0.1,0.5,0.6957260566179869,0.2511784993091623,0.5346339501206758,0.5269058295964125,446,0.012519424301198021,0.6969779990481068
POWER_OBP__RATE075,S_MEAN,FULL,LOGISTIC_L2,0.01,,0.6954170875717695,0.25107727058127277,0.5311745776347546,0.5269058295964125,446,0.015623237681197574,0.6969794113398892
RIDGE_EVENT_A0.01__RATE100,S_MEAN,FULL,LOGISTIC_ENET,0.1,0.5,0.6957280499835623,0.25117958285461023,0.5345736122284794,0.5269058295964125,446,0.012518108949454316,0.6969798608785077
TOTAL_BASE_PLUS__RATE100,S_K5,MEAN,LOGISTIC_ENET,0.1,0.25,0.6949003317661337,0.2508578623801281,0.5269106999195495,0.515695067264574,446,0.021337267590136464,0.6970340585251474
TOTAL_BASE_PLUS__RATE050,S_MEAN,TAIL,LOGISTIC_ENET,0.1,0.25,0.6954324008352152,0.2511315540837565,0.5283185840707965,0.5269058295964125,446,0.01642396016171082,0.6970747968513863
TOTAL_BASE_PLUS__RATE100,S_K5,SLOTS,LOGISTIC_ENET,0.1,0.75,0.6956784983465595,0.25127025186376434,0.5131536604987933,0.5179372197309418,446,0.014260523221093412,0.6971045506686688
TOTAL_BASE_PLUS__RATE100,S_K5,DISTRIBUTION,LOGISTIC_L2,0.03,,0.694966732339024,0.2507283233730606,0.5457964601769911,0.5291479820627802,446,0.0217016624486511,0.697136898583889
TOTAL_BASE_PLUS__RATE100,S_MEAN,FULL,LOGISTIC_L2,0.01,,0.6956222217048204,0.2511994448318263,0.5296057924376508,0.5246636771300448,446,0.015238658062790915,0.6971460875110994
POWER_OBP__RATE100,S_K5,MEAN,LOGISTIC_ENET,0.1,0.25,0.6950200612376479,0.25091568611397425,0.5254223652453741,0.5179372197309418,446,0.021571638637643317,0.6971772251014122
RIDGE_EVENT_A0.01__RATE075,S_MEAN,TAIL,LOGISTIC_ENET,0.1,0.25,0.6958403580273647,0.25135923077513034,0.5257240547063555,0.5224215246636771,446,0.013821584721313139,0.697222516499496
RIDGE_EVENT_A0.1__RATE075,S_MEAN,TAIL,LOGISTIC_ENET,0.1,0.25,0.6958419056416786,0.2513599645956151,0.5257039420756235,0.5224215246636771,446,0.01382200277719287,0.6972241059193979
RIDGE_EVENT_A0.1__RATE075,S_MEAN,SLOTS,LOGISTIC_ENET,0.1,0.5,0.6955438690971467,0.2511631052179624,0.5319790828640387,0.5224215246636771,446,0.016860091490523237,0.6972298782461991
RIDGE_EVENT_A0.01__RATE075,S_MEAN,SLOTS,LOGISTIC_ENET,0.1,0.5,0.6955444128795948,0.25116335826719544,0.5319790828640385,0.5224215246636771,446,0.016861161578265078,0.6972305290374213
POWER_OBP__RATE100,S_MEAN,SLOTS,LOGISTIC_ENET,0.1,0.5,0.6956130493573559,0.25121596123382134,0.5287811745776347,0.5067264573991032,446,0.016348201163550888,0.697247869473711
LW_STANDARD__RATE075,S_MEAN,SLOTS,LOGISTIC_ENET,0.1,0.5,0.6955873758898369,0.25118684919271206,0.5288415124698311,0.5134529147982063,446,0.0166821243074751,0.6972555883205844
LW_STANDARD__RATE075,S_MEAN,DISTRIBUTION,LOGISTIC_L2,0.3,,0.695612982112665,0.25105171725326814,0.5449115044247788,0.5269058295964125,446,0.016609788762347484,0.6972739609888997
POWER_OBP__RATE100,PREV_K10,ORDER,LOGISTIC_ENET,0.1,0.5,0.6959190810788286,0.25139768355653147,0.5141794046661303,0.5067264573991032,446,0.013814620939322082,0.6973005431727608
POWER_OBP__RATE100,S_K10,ORDER,LOGISTIC_ENET,0.1,0.5,0.6959190810788286,0.25139768355653147,0.5141794046661303,0.5067264573991032,446,0.013814620939322082,0.6973005431727608
POWER_OBP__RATE100,PREV_K10,DISTRIBUTION,LOGISTIC_ENET,0.1,0.25,0.6950133662671356,0.2506782810965416,0.5503218020917137,0.5358744394618834,446,0.023339230087091663,0.6973472892758448
POWER_OBP__RATE100,S_K10,DISTRIBUTION,LOGISTIC_ENET,0.1,0.25,0.6950133662671356,0.2506782810965416,0.5503218020917137,0.5358744394618834,446,0.023339230087091663,0.6973472892758448
TOTAL_BASE_PLUS__RATE075,S_MEAN,DISTRIBUTION,LOGISTIC_L2,0.3,,0.6955622034726148,0.2510591148800983,0.5402252614641996,0.5134529147982063,446,0.017879667971887298,0.6973501702698035
RIDGE_EVENT_A0.01__RATE100,S_MEAN,SLOTS,LOGISTIC_ENET,0.1,0.5,0.6957380523451363,0.25127198073132345,0.5279364440868866,0.5134529147982063,446,0.01699449095155104,0.6974375014402914
RIDGE_EVENT_A0.1__RATE100,S_MEAN,SLOTS,LOGISTIC_ENET,0.1,0.5,0.6957382598647122,0.2512720995676903,0.5279163314561545,0.5134529147982063,446,0.016993782125675278,0.6974376380772797
TOTAL_BASE_PLUS__RATE075,S_MEAN,MEAN,LOGISTIC_L2,0.1,,0.6952381105878233,0.2509899779118411,0.5318181818181819,0.5201793721973094,446,0.022105353188229586,0.6974486459066462
TOTAL_BASE_PLUS__RATE100,S_MEAN,SLOTS,LOGISTIC_ENET,0.1,0.5,0.695891735258132,0.25135003039343445,0.5293041029766694,0.5179372197309418,446,0.016732662911943485,0.6975650015493263
TOTAL_BASE_PLUS__RATE075,S_MEAN,SLOTS,LOGISTIC_ENET,0.1,0.5,0.6958849876710848,0.25133142499022937,0.5311142397425583,0.5224215246636771,446,0.016970837127926908,0.6975820713838774
TOTAL_BASE_PLUS__RATE100,S_K5,FULL,LOGISTIC_ENET,0.03,0.25,0.6961966302677282,0.25148147707559,0.5139380530973452,0.48878923766816146,446,0.0139900846727264,0.6975956387350007
TOTAL_BASE_PLUS__RATE100,S_MEAN,DISTRIBUTION,LOGISTIC_L2,1.0,,0.6958185218496112,0.2510439650108989,0.5474658085277555,0.5269058295964125,446,0.017945668728827004,0.697613088722494
RIDGE_EVENT_A0.1__RATE075,S_MEAN,SLOTS,LOGISTIC_L2,0.03,,0.6955615151435747,0.2511575801137386,0.531053901850362,0.5246636771300448,446,0.020598364863210067,0.6976213516298957
RIDGE_EVENT_A0.01__RATE075,S_MEAN,SLOTS,LOGISTIC_L2,0.03,,0.6955621880815275,0.25115787508778054,0.531053901850362,0.5246636771300448,446,0.020600568667706057,0.697622244948298
TOTAL_BASE_PLUS__RATE075,S_MEAN,FULL,LOGISTIC_L2,0.01,,0.6960772402599543,0.2514051525050381,0.5292638777152052,0.5179372197309418,446,0.015708366603708366,0.6976480769203252
POWER_OBP__RATE075,S_MEAN,SLOTS,LOGISTIC_ENET,0.1,0.5,0.6960183879287285,0.25140548811625896,0.5269509251810136,0.5112107623318386,446,0.016374651423608208,0.6976558530710893
LW_STANDARD__RATE075,S_MEAN,SLOTS,LOGISTIC_L2,0.03,,0.6955236440571227,0.2511231213281712,0.5321802091713597,0.5291479820627802,446,0.021515468164373164,0.6976751908735601
TOTAL_BASE_PLUS__RATE100,S_K5,TAIL,LOGISTIC_ENET,0.1,0.5,0.6958730218515932,0.25132688218540195,0.527996781979083,0.515695067264574,446,0.019200402918532256,0.6977930621434464
POWER_OBP__RATE100,S_K10,DISTRIBUTION,LOGISTIC_L2,0.03,,0.6955059012739203,0.2509742780146394,0.5454746580852776,0.5269058295964125,446,0.022914532511900877,0.6977973545251104
POWER_OBP__RATE100,PREV_K10,DISTRIBUTION,LOGISTIC_L2,0.03,,0.6955059012739203,0.2509742780146394,0.5454746580852776,0.5269058295964125,446,0.022914532511900877,0.6977973545251104
RIDGE_EVENT_A0.01__RATE100,S_MEAN,MEAN,LOGISTIC_L2,0.1,,0.6955593569115706,0.25116588070011936,0.5299074818986325,0.5044843049327354,446,0.02277523084312535,0.6978368799958831
RIDGE_EVENT_A0.1__RATE100,S_MEAN,MEAN,LOGISTIC_L2,0.1,,0.6955602704937057,0.25116640979202126,0.5298672566371682,0.5044843049327354,446,0.022774961771657932,0.6978377666708715
POWER_OBP__RATE100,S_MEAN,MEAN,LOGISTIC_L2,0.1,,0.6956347241005398,0.2511971563271088,0.529424778761062,0.5067264573991032,446,0.022088071763453083,0.6978435312768851
POWER_OBP__RATE100,PREV_K10,MEAN,LOGISTIC_ENET,0.1,0.25,0.695708003414289,0.25125872265759824,0.5191673370876911,0.5089686098654709,446,0.022091280636422534,0.6979171314779312
POWER_OBP__RATE100,S_K10,MEAN,LOGISTIC_ENET,0.1,0.25,0.695708003414289,0.25125872265759824,0.5191673370876911,0.5089686098654709,446,0.022091280636422534,0.6979171314779312
RIDGE_EVENT_A0.1__RATE100,S_MEAN,SLOTS,LOGISTIC_L2,0.03,,0.6958072765706392,0.2512782827121236,0.5315366049879324,0.531390134529148,446,0.0211544938697547,0.6979227259576147
RIDGE_EVENT_A0.01__RATE100,S_MEAN,SLOTS,LOGISTIC_L2,0.03,,0.6958081682254681,0.2512786870888706,0.5315768302493966,0.531390134529148,446,0.021156538654713626,0.6979238220909395
TOTAL_BASE_PLUS__RATE050,S_MEAN,FULL,LOGISTIC_ENET,0.03,0.25,0.6966362895928317,0.2517073275552383,0.5097747385358005,0.5067264573991032,446,0.013213474296858036,0.6979576370225176
LW_STANDARD__RATE100,S_MEAN,SLOTS,LOGISTIC_L2,0.03,,0.6958008718176452,0.25125942338374363,0.5317578439259855,0.5291479820627802,446,0.021988990296032365,0.6979997708472484
POWER_OBP__RATE100,S_K10,SLOTS,LOGISTIC_ENET,0.1,0.5,0.6962271972915065,0.25153727804511455,0.5237127916331457,0.5134529147982063,446,0.01834299082165386,0.6980614963736719
POWER_OBP__RATE100,PREV_K10,SLOTS,LOGISTIC_ENET,0.1,0.5,0.6962271972915065,0.25153727804511455,0.5237127916331457,0.5134529147982063,446,0.01834299082165386,0.6980614963736719
POWER_OBP__RATE100,S_K5,TAIL,LOGISTIC_ENET,0.1,0.5,0.6962294629580545,0.25150500677972093,0.5257240547063555,0.515695067264574,446,0.018586028344730953,0.6980880657925277
RIDGE_EVENT_A0.1__RATE075,S_MEAN,FULL,LOGISTIC_ENET,0.1,0.75,0.6968380673039648,0.25180230533667386,0.5170555108608206,0.515695067264574,446,0.013022294137361577,0.698140296717701
RIDGE_EVENT_A0.01__RATE075,S_MEAN,FULL,LOGISTIC_ENET,0.1,0.75,0.6968406373254289,0.25180357289908767,0.5170555108608206,0.515695067264574,446,0.013022034517659096,0.6981428407771948
LW_STANDARD__RATE100,S_MEAN,MEAN,LOGISTIC_L2,0.1,,0.6958817013707844,0.2513280322198248,0.5276950925181014,0.5112107623318386,446,0.022745214446138317,0.6981562228153982
POWER_OBP__RATE075,S_MEAN,MEAN,LOGISTIC_L2,0.1,,0.6959663335041131,0.2513518992830059,0.5274939662107805,0.515695067264574,446,0.022240724558708264,0.6981904059599839
TOTAL_BASE_PLUS__RATE050,S_MEAN,SLOTS,LOGISTIC_ENET,0.1,0.5,0.6965726539493942,0.25165702610763546,0.5271118262268705,0.5246636771300448,446,0.0171008811815573,0.6982827420675499
POWER_OBP__RATE075,S_MEAN,FULL,LOGISTIC_ENET,0.1,0.75,0.6967306853999278,0.2517130734945138,0.521761866452132,0.5201793721973094,446,0.015637411464333655,0.6982944265463611
RIDGE_EVENT_A0.01__RATE075,S_MEAN,MEAN,LOGISTIC_L2,0.1,,0.6960242011522668,0.25138528348551126,0.5285398230088495,0.5112107623318386,446,0.02279865601946289,0.6983040667542131
RIDGE_EVENT_A0.1__RATE075,S_MEAN,MEAN,LOGISTIC_L2,0.1,,0.6960250766014515,0.25138572496687545,0.5285599356395816,0.5112107623318386,446,0.02279828791885274,0.6983049053933368
TOTAL_BASE_PLUS__RATE050,S_MEAN,MEAN,LOGISTIC_L2,0.1,,0.6961467714323067,0.2514270046896812,0.5301890587288818,0.5246636771300448,446,0.022159235612563492,0.6983626949935631
TOTAL_BASE_PLUS__RATE050,S_MEAN,FULL,LOGISTIC_L2,0.01,,0.6966687774127869,0.2516638191095245,0.5297063555913114,0.5224215246636771,446,0.016995607427380027,0.6983683381555249
POWER_OBP__RATE075,S_MEAN,DISTRIBUTION,LOGISTIC_L2,1.0,,0.6964777811702648,0.25143018105070825,0.5452131938857603,0.5358744394618834,446,0.01922319528802813,0.6984001006990677
RIDGE_EVENT_A0.1__RATE075,S_MEAN,DISTRIBUTION,LOGISTIC_L2,0.3,,0.6966594980015206,0.25159668904355575,0.5417538213998391,0.5134529147982063,446,0.017681025127125247,0.6984276005142331
RIDGE_EVENT_A0.01__RATE075,S_MEAN,DISTRIBUTION,LOGISTIC_L2,0.3,,0.696664223707817,0.2515989380235495,0.541733708769107,0.515695067264574,446,0.017680911789196854,0.6984323148867367
POWER_OBP__RATE100,S_K5,SLOTS,LOGISTIC_ENET,0.1,0.5,0.6967429918706366,0.251787091914842,0.5194891391794046,0.5179372197309418,446,0.017174282081049493,0.6984604200787415
LW_STANDARD__RATE075,S_MEAN,MEAN,LOGISTIC_L2,0.1,,0.6962877512177134,0.25151920511601517,0.5255631536604988,0.5067264573991032,446,0.022741581044220596,0.6985619093221355
TOTAL_BASE_PLUS__RATE050,S_MEAN,DISTRIBUTION,LOGISTIC_L2,0.3,,0.69646651965843,0.25148526122548415,0.5377514078841513,0.515695067264574,446,0.02118195989803029,0.698584715648233
TOTAL_BASE_PLUS__RATE100,S_MEAN,ORDER,LOGISTIC_L2,0.1,,0.6966543263655355,0.25171326973555663,0.5248994368463394,0.5134529147982063,446,0.01992112142125776,0.6986464385076613
TOTAL_BASE_PLUS__RATE100,S_K5,ORDER,LOGISTIC_ENET,0.1,0.25,0.6968950426370639,0.2518659702198155,0.5161705551086082,0.5089686098654709,446,0.0176992108312079,0.6986649637201847
TOTAL_BASE_PLUS__RATE100,S_MEAN,MEAN,LOGISTIC_L2,0.3,,0.6962223514705332,0.2514452998844572,0.5330852775543041,0.5089686098654709,446,0.02457448502768521,0.6986797999733018
LW_STANDARD__RATE075,S_MEAN,FULL,LOGISTIC_ENET,0.1,0.5,0.6971889117398954,0.25187879157907245,0.5316975060337893,0.531390134529148,446,0.015262218228134712,0.6987151335627089
POWER_OBP__RATE100,S_K5,DISTRIBUTION,LOGISTIC_L2,0.1,,0.6963241276683423,0.2512635601558031,0.5507441673370876,0.5605381165919282,446,0.024114609941199332,0.6987355886624622
POWER_OBP__RATE100,S_K5,ORDER,LOGISTIC_ENET,0.1,0.25,0.6969582947752214,0.25189533333653846,0.5158889782783588,0.5022421524663677,446,0.01791424635288921,0.6987497194105103
POWER_OBP__RATE075,S_MEAN,SLOTS,LOGISTIC_L2,0.03,,0.696724271506981,0.2517094002121318,0.5289823008849557,0.515695067264574,446,0.020968364285581107,0.6988211079355391
TOTAL_BASE_PLUS__RATE075,S_MEAN,ORDER,LOGISTIC_L2,0.1,,0.6968551760534926,0.251792215856696,0.5260056315366048,0.5134529147982063,446,0.020030884682396208,0.6988582645217322
RIDGE_EVENT_A0.01__RATE100,S_MEAN,ORDER,LOGISTIC_L2,0.1,,0.6969040287351073,0.25185316961299037,0.5219629927594529,0.5201793721973094,446,0.020226953848726085,0.6989267241199799
RIDGE_EVENT_A0.1__RATE100,S_MEAN,ORDER,LOGISTIC_L2,0.1,,0.696904450865698,0.25185339899455694,0.5219629927594529,0.5201793721973094,446,0.020225869025684483,0.6989270377682664
TOTAL_BASE_PLUS__RATE100,S_K5,MEAN,LOGISTIC_L2,0.1,,0.696471684991191,0.25158266382461714,0.527815768302494,0.5044843049327354,446,0.025456136532172102,0.6990172986444083
TOTAL_BASE_PLUS__RATE075,S_MEAN,SLOTS,LOGISTIC_L2,0.03,,0.6969077803384506,0.2517956211627322,0.5290024135156879,0.5269058295964125,446,0.02120752658977937,0.6990285329974285
TOTAL_BASE_PLUS__RATE075,S_MEAN,MEAN,LOGISTIC_L2,0.3,,0.6965566774723316,0.25159436893076825,0.5320394207562349,0.5089686098654709,446,0.02485781256938585,0.6990424587292702
RIDGE_EVENT_A0.1__RATE075,S_MEAN,SLOTS,LOGISTIC_ENET,0.1,0.25,0.6968255325075917,0.25176602047995,0.5294851166532583,0.5246636771300448,446,0.022634511586338002,0.6990889836662255
RIDGE_EVENT_A0.01__RATE075,S_MEAN,SLOTS,LOGISTIC_ENET,0.1,0.25,0.696827287309782,0.25176682861380295,0.5294448913917941,0.5246636771300448,446,0.022637689097319374,0.699091056219514
TOTAL_BASE_PLUS__RATE075,S_MEAN,DISTRIBUTION,LOGISTIC_L2,1.0,,0.6972355315323873,0.2517952810586013,0.5403861625100563,0.5201793721973094,446,0.018597964908115765,0.6990953280231988
TOTAL_BASE_PLUS__RATE100,S_MEAN,TAIL,LOGISTIC_L2,0.1,,0.6973974608601572,0.25212813610744766,0.5187047465808527,0.515695067264574,446,0.01709648393513765,0.6991071092536709
RIDGE_EVENT_A0.1__RATE075,S_MEAN,ORDER,LOGISTIC_L2,0.1,,0.6970957120378704,0.25193384142541475,0.5223652453740949,0.5246636771300448,446,0.020133218800186516,0.699109033917889
RIDGE_EVENT_A0.01__RATE075,S_MEAN,ORDER,LOGISTIC_L2,0.1,,0.6970959189020648,0.2519339051203274,0.5222847948511665,0.5246636771300448,446,0.02013516215439818,0.6991094351175046
POWER_OBP__RATE100,S_MEAN,SLOTS,LOGISTIC_L2,0.03,,0.6970046098239311,0.25184759162798437,0.5281777956556717,0.5269058295964125,446,0.021300072780168537,0.6991346171019479
POWER_OBP__RATE100,S_K5,MEAN,LOGISTIC_L2,0.1,,0.6965771220547573,0.25163762146111196,0.5279163314561545,0.49551569506726456,446,0.025604092031303108,0.6991375312578876
TOTAL_BASE_PLUS__RATE050,S_MEAN,SLOTS,LOGISTIC_L2,0.03,,0.6970894820209328,0.2518737597415199,0.5295655671761866,0.5201793721973094,446,0.020823513695340336,0.6991718333904668
POWER_OBP__RATE100,S_K10,TAIL,LOGISTIC_ENET,0.1,0.5,0.6970711972855699,0.2518906171862422,0.5277554304102977,0.5179372197309418,446,0.021032676755370443,0.6991744649611069
POWER_OBP__RATE100,PREV_K10,TAIL,LOGISTIC_ENET,0.1,0.5,0.6970711972855699,0.2518906171862422,0.5277554304102977,0.5179372197309418,446,0.021032676755370443,0.6991744649611069
POWER_OBP__RATE100,S_MEAN,FULL,LOGISTIC_ENET,0.1,0.5,0.697705050702802,0.2521355873285703,0.5280370072405471,0.5246636771300448,446,0.01519563653617784,0.6992246143564198
TOTAL_BASE_PLUS__RATE100,S_MEAN,SLOTS,LOGISTIC_L2,0.03,,0.6971050179259348,0.2519005777424547,0.5283185840707965,0.5403587443946188,446,0.0212262424975008,0.6992276421756849
LW_STANDARD__RATE100,S_MEAN,SLOTS,LOGISTIC_ENET,0.1,0.25,0.6968975650278296,0.25179088274594574,0.5307522123893806,0.5426008968609866,446,0.02349762474761694,0.6992473275025913
RIDGE_EVENT_A0.01__RATE100,S_MEAN,TAIL,LOGISTIC_L2,0.1,,0.6976205097955347,0.2522545739895415,0.5192477876106194,0.5179372197309418,446,0.017016324476838516,0.6993221422432185
RIDGE_EVENT_A0.1__RATE100,S_MEAN,TAIL,LOGISTIC_L2,0.1,,0.6976225063213639,0.25225549446749,0.5192679002413516,0.5179372197309418,446,0.017018049414114843,0.6993243112627754
LW_STANDARD__RATE100,S_MEAN,ORDER,LOGISTIC_L2,0.1,,0.6973129498455382,0.2520569219630744,0.5186645213193886,0.5246636771300448,446,0.020521136354542294,0.6993650634809924
LW_STANDARD__RATE100,S_MEAN,TAIL,LOGISTIC_L2,0.1,,0.6978140863703044,0.25234956555728544,0.5171761866452133,0.515695067264574,446,0.015620857656284284,0.6993761721359328
LW_STANDARD__RATE075,S_MEAN,SLOTS,LOGISTIC_ENET,0.1,0.25,0.6970693914698304,0.25187622786780944,0.5271118262268706,0.5336322869955157,446,0.023500854326248308,0.6994194769024552
POWER_OBP__RATE100,S_K10,ORDER,LOGISTIC_ENET,0.1,0.25,0.6976021947388422,0.25221992295040974,0.5127916331456155,0.49327354260089684,446,0.018234259726879233,0.6994256207115301
POWER_OBP__RATE100,PREV_K10,ORDER,LOGISTIC_ENET,0.1,0.25,0.6976021947388422,0.25221992295040974,0.5127916331456155,0.49327354260089684,446,0.018234259726879233,0.6994256207115301
LW_STANDARD__RATE075,S_MEAN,ORDER,LOGISTIC_L2,0.1,,0.6974189124171905,0.2520974084649454,0.5194891391794046,0.5269058295964125,446,0.020290777707752092,0.6994479901879657
POWER_OBP__RATE100,S_MEAN,ORDER,LOGISTIC_L2,0.1,,0.6974563257911787,0.2521102490515882,0.5204344328238134,0.5246636771300448,446,0.020235230658105997,0.6994798488569892
RIDGE_EVENT_A0.1__RATE100,S_MEAN,SLOTS,LOGISTIC_ENET,0.1,0.25,0.6971837604006088,0.25193552517246565,0.5304102976669348,0.531390134529148,446,0.023020375920588396,0.6994857979926676
RIDGE_EVENT_A0.01__RATE100,S_MEAN,SLOTS,LOGISTIC_ENET,0.1,0.25,0.6971849216079623,0.2519360465552508,0.5304102976669348,0.531390134529148,446,0.023022896369398346,0.6994872112449021
TOTAL_BASE_PLUS__RATE075,S_MEAN,TAIL,LOGISTIC_L2,0.1,,0.697756978572983,0.2522944655378288,0.5180812550281577,0.5179372197309418,446,0.017797932384739666,0.699536771811457
POWER_OBP__RATE075,S_MEAN,ORDER,LOGISTIC_L2,0.1,,0.697533028594963,0.25213540181606353,0.521399839098954,0.5179372197309418,446,0.02014247368275831,0.6995472759632388
TOTAL_BASE_PLUS__RATE050,S_MEAN,ORDER,LOGISTIC_L2,0.1,,0.6975694588340509,0.2521218704185185,0.5243563958165729,0.5179372197309418,446,0.020277251672733747,0.6995971840013242
POWER_OBP__RATE100,S_MEAN,MEAN,LOGISTIC_L2,0.3,,0.6971684269539055,0.2519107485903095,0.5291029766693484,0.4977578475336323,446,0.02487515791168944,0.6996559427450744
RIDGE_EVENT_A0.01__RATE100,S_MEAN,MEAN,LOGISTIC_L2,0.3,,0.6971391699853565,0.2519054733334971,0.5295856798069187,0.49327354260089684,446,0.025614608079248428,0.6997006307932814
RIDGE_EVENT_A0.1__RATE100,S_MEAN,MEAN,LOGISTIC_L2,0.3,,0.6971402786296573,0.25190603099127623,0.5295454545454545,0.49327354260089684,446,0.025614306374895188,0.6997017092671468
POWER_OBP__RATE100,S_MEAN,TAIL,LOGISTIC_L2,0.1,,0.6980045093749561,0.2524169505532137,0.5170756234915528,0.5179372197309418,446,0.016984959670048816,0.699703005341961
TOTAL_BASE_PLUS__RATE050,S_MEAN,DISTRIBUTION,LOGISTIC_L2,1.0,,0.697509877722015,0.2519480298088504,0.5379726468222044,0.5269058295964125,446,0.02213692378394717,0.6997235701004098
TOTAL_BASE_PLUS__RATE100,S_MEAN,MEAN,LOGISTIC_L2,1.0,,0.6971486115999156,0.25187431071718197,0.5324818986323411,0.5134529147982063,446,0.025974490972104455,0.6997460606971261
RIDGE_EVENT_A0.1__RATE100,S_MEAN,FULL,LOGISTIC_ENET,0.1,0.25,0.6983355053208475,0.2523509045697502,0.5398028962188254,0.5246636771300448,446,0.014335943159918122,0.6997690996368393
TOTAL_BASE_PLUS__RATE100,S_MEAN,FULL,LOGISTIC_ENET,0.1,0.75,0.6983866666566748,0.25254741873324293,0.5146822204344329,0.5179372197309418,446,0.013857653331155845,0.6997724319897904
RIDGE_EVENT_A0.01__RATE100,S_MEAN,FULL,LOGISTIC_ENET,0.1,0.25,0.6983415022236861,0.25235391644183625,0.5397626709573613,0.5246636771300448,446,0.014334639004327642,0.6997749661241188
LW_STANDARD__RATE075,S_MEAN,TAIL,LOGISTIC_L2,0.1,,0.698140272710695,0.2525048925157257,0.5197707160096541,0.5224215246636771,446,0.01661169909425822,0.6998014426201208
TOTAL_BASE_PLUS__RATE075,S_MEAN,FULL,LOGISTIC_ENET,0.1,0.75,0.6982377689931959,0.2524601768592397,0.5162711182622687,0.5291479820627802,446,0.016185348240998952,0.6998563038172958
POWER_OBP__RATE075,S_MEAN,TAIL,LOGISTIC_L2,0.1,,0.6980925813161285,0.2524542614564283,0.517558326629123,0.5179372197309418,446,0.01770464547076023,0.6998630458632046
TOTAL_BASE_PLUS__RATE100,S_K5,TAIL,LOGISTIC_L2,0.03,,0.6977835280670603,0.2522269049133224,0.5229283990345938,0.5358744394618834,446,0.020843920552242576,0.6998679201222846
POWER_OBP__RATE075,S_MEAN,MEAN,LOGISTIC_L2,0.3,,0.697377020195199,0.2520010943870159,0.5273732904263877,0.5089686098654709,446,0.0250470451110891,0.6998817247063079
TOTAL_BASE_PLUS__RATE050,S_MEAN,MEAN,LOGISTIC_L2,0.3,,0.6974096974122955,0.2519971960389572,0.5292236524537409,0.5224215246636771,446,0.02501260162255407,0.6999109575745509
TOTAL_BASE_PLUS__RATE075,S_MEAN,MEAN,LOGISTIC_L2,1.0,,0.6973352329138085,0.2519502950670807,0.5328037007240547,0.5067264573991032,446,0.02618583209578037,0.6999538161233866
LW_STANDARD__RATE075,S_MEAN,DISTRIBUTION,LOGISTIC_L2,1.0,,0.6982005583001271,0.25217154851960927,0.5475261464199517,0.5246636771300448,446,0.017906425606332436,0.6999912008607603
RIDGE_EVENT_A0.01__RATE075,S_MEAN,MEAN,LOGISTIC_L2,0.3,,0.6974540365812691,0.2520463250583801,0.5281174577634755,0.4977578475336323,446,0.025693593350920325,0.7000233959163612
RIDGE_EVENT_A0.1__RATE075,S_MEAN,MEAN,LOGISTIC_L2,0.3,,0.6974550064413516,0.25204681899675613,0.5280973451327433,0.4977578475336323,446,0.025693148292741934,0.7000243212706257
LW_STANDARD__RATE100,S_MEAN,MEAN,LOGISTIC_L2,0.3,,0.6975246050029233,0.2520984087112839,0.5266894609814964,0.49327354260089684,446,0.025590018238631385,0.7000836068267865
POWER_OBP__RATE100,S_K5,FULL,LOGISTIC_L2,0.01,,0.6982617561002886,0.2524812718791955,0.524778761061947,0.5022421524663677,446,0.01859919923943811,0.7001216760242325
RIDGE_EVENT_A0.1__RATE075,S_MEAN,FULL,LOGISTIC_ENET,0.1,0.5,0.6987619420232112,0.2526652368504109,0.5260257441673372,0.5112107623318386,446,0.013994626683702167,0.7001614046915814
RIDGE_EVENT_A0.01__RATE075,S_MEAN,FULL,LOGISTIC_ENET,0.1,0.5,0.6987647008330954,0.2526665694338917,0.5260659694288013,0.5112107623318386,446,0.013995177478430019,0.7001642185809384
POWER_OBP__RATE100,PREV_K10,MEAN,LOGISTIC_L2,0.1,,0.6974725543781158,0.2520744943118532,0.523994368463395,0.5044843049327354,446,0.02702180840543871,0.7001747352186597
POWER_OBP__RATE100,S_K10,MEAN,LOGISTIC_L2,0.1,,0.6974725543781158,0.2520744943118532,0.523994368463395,0.5044843049327354,446,0.02702180840543871,0.7001747352186597
TOTAL_BASE_PLUS__RATE100,S_K5,SLOTS,LOGISTIC_ENET,0.1,0.5,0.6983362193531432,0.2525757090539731,0.5097747385358005,0.5179372197309418,446,0.018577119038541423,0.7001939312569974
POWER_OBP__RATE100,S_K5,ORDER,LOGISTIC_L2,0.1,,0.6982027140307431,0.2525002555027158,0.5187650844730491,0.5089686098654709,446,0.020138134254664063,0.7002165274562094
TOTAL_BASE_PLUS__RATE075,S_MEAN,SLOTS,LOGISTIC_ENET,0.1,0.25,0.6979663632154186,0.2523036621010213,0.5275341914722446,0.5246636771300448,446,0.022994389524843433,0.7002658021679029
TOTAL_BASE_PLUS__RATE100,S_K5,ORDER,LOGISTIC_L2,0.1,,0.6983064690318003,0.2525385537460677,0.5201327433628319,0.5089686098654709,446,0.020120283808588213,0.7003184974126591
RIDGE_EVENT_A0.01__RATE075,S_MEAN,TAIL,LOGISTIC_L2,0.1,,0.6985658009064222,0.252698224934278,0.5203740949316171,0.5179372197309418,446,0.01769688742301291,0.7003354896487235
LW_STANDARD__RATE075,S_MEAN,MEAN,LOGISTIC_L2,0.3,,0.6977762264151586,0.25221112708459653,0.5252614641995174,0.49551569506726456,446,0.0256017418727015,0.7003364006024287
RIDGE_EVENT_A0.1__RATE075,S_MEAN,TAIL,LOGISTIC_L2,0.1,,0.6985676000608176,0.2526990181324739,0.5203740949316171,0.5179372197309418,446,0.0176968874265877,0.7003372888034765
TOTAL_BASE_PLUS__RATE100,S_MEAN,SLOTS,LOGISTIC_ENET,0.1,0.25,0.6980719424333539,0.2523651219139708,0.527835880933226,0.5246636771300448,446,0.023034623151794057,0.7003754047485333
POWER_OBP__RATE075,S_MEAN,SLOTS,LOGISTIC_ENET,0.1,0.25,0.698125159451786,0.25238979466330713,0.5248390989541433,0.5269058295964125,446,0.023003675935424708,0.7004255270453285
POWER_OBP__RATE100,S_MEAN,SLOTS,LOGISTIC_ENET,0.1,0.25,0.6981207751491249,0.25238558382674603,0.5267900241351569,0.547085201793722,446,0.023239800200214197,0.7004447551691463
POWER_OBP__RATE100,S_K5,TAIL,LOGISTIC_L2,0.03,,0.6985445824542034,0.25260270911529287,0.5201126307320998,0.5291479820627802,446,0.020205254937356372,0.700565107947939
TOTAL_BASE_PLUS__RATE050,S_MEAN,TAIL,LOGISTIC_L2,0.1,,0.698767470479311,0.25275640899646856,0.5170555108608206,0.5246636771300448,446,0.01952074507996726,0.7007195449873077
LW_STANDARD__RATE100,S_MEAN,FULL,LOGISTIC_ENET,0.1,0.25,0.6993006341642763,0.2527262327556011,0.5400643604183427,0.5269058295964125,446,0.014210476658709883,0.7007216818301474
POWER_OBP__RATE075,S_MEAN,FULL,LOGISTIC_ENET,0.1,0.5,0.6989961090424197,0.25276980185222025,0.5246983105390185,0.5201793721973094,446,0.017372958699615946,0.7007334049123813
TOTAL_BASE_PLUS__RATE050,S_MEAN,MEAN,LOGISTIC_L2,1.0,,0.698136336140793,0.2523234601762878,0.5298672566371682,0.5112107623318386,446,0.026375715322340055,0.7007739076730269
POWER_OBP__RATE100,S_MEAN,MEAN,LOGISTIC_L2,1.0,,0.6981531983742976,0.2523667190363195,0.528439259855189,0.5022421524663677,446,0.026327301654857457,0.7007859285397833
POWER_OBP__RATE075,S_MEAN,MEAN,LOGISTIC_L2,1.0,,0.6981730985975023,0.25236523220631457,0.5285599356395817,0.4977578475336323,446,0.02643397916663333,0.7008164965141657
RIDGE_EVENT_A0.01__RATE100,S_MEAN,MEAN,LOGISTIC_L2,1.0,,0.6981197301092308,0.25236055196731993,0.5294046661303299,0.49551569506726456,446,0.027129503395522343,0.700832680448783
RIDGE_EVENT_A0.1__RATE100,S_MEAN,MEAN,LOGISTIC_L2,1.0,,0.6981209593147842,0.2523611695154348,0.5294046661303299,0.49551569506726456,446,0.027129120130172553,0.7008338713278015
TOTAL_BASE_PLUS__RATE050,S_MEAN,SLOTS,LOGISTIC_ENET,0.1,0.25,0.6986477892955985,0.2526212730908973,0.5246178600160901,0.5201793721973094,446,0.022840679400998685,0.7009318572356983
TOTAL_BASE_PLUS__RATE100,S_K5,FULL,LOGISTIC_ENET,0.1,0.75,0.6992609286645943,0.2529286223390575,0.5141592920353983,0.5,446,0.017589659090133797,0.7010198945736077
RIDGE_EVENT_A0.01__RATE075,S_MEAN,MEAN,LOGISTIC_L2,1.0,,0.6983396705151825,0.2524530685397053,0.5284995977473854,0.4977578475336323,446,0.027197559159669073,0.7010594264311495
RIDGE_EVENT_A0.1__RATE075,S_MEAN,MEAN,LOGISTIC_L2,1.0,,0.6983402408614502,0.2524533835732321,0.5285197103781175,0.4977578475336323,446,0.027196551820092164,0.7010598960434594
TOTAL_BASE_PLUS__RATE075,S_MEAN,ORDER,LOGISTIC_L2,0.3,,0.6987956721164492,0.25270129891042387,0.524215607401448,0.5179372197309418,446,0.023095160645609528,0.7011051881810102
TOTAL_BASE_PLUS__RATE100,S_K5,MEAN,LOGISTIC_L2,0.3,,0.6982262828641921,0.25238044926892234,0.5286403861625101,0.4910313901345291,446,0.028916375670562905,0.7011179204312483
TOTAL_BASE_PLUS__RATE100,S_MEAN,ORDER,LOGISTIC_L2,0.3,,0.6988539388135582,0.2527541129073651,0.5231697506033789,0.515695067264574,446,0.023014308667443143,0.7011553696803025
TOTAL_BASE_PLUS__RATE100,S_K5,TAIL,LOGISTIC_ENET,0.1,0.25,0.698796744745294,0.2526825685842573,0.5275140788415125,0.5336322869955157,446,0.023605258485534145,0.7011572705938474
POWER_OBP__RATE100,S_K5,MEAN,LOGISTIC_L2,0.3,,0.6983115338916964,0.2524276520110548,0.5283386967015286,0.49327354260089684,446,0.029084721197991832,0.7012200060114956
LW_STANDARD__RATE100,S_MEAN,MEAN,LOGISTIC_L2,1.0,,0.6985547538544215,0.25257838013289485,0.5268503620273532,0.5,446,0.027132901698480226,0.7012680440242695
RIDGE_EVENT_A0.1__RATE075,S_MEAN,ORDER,LOGISTIC_L2,0.3,,0.6990203194059151,0.2528434932861911,0.5205551086082059,0.5134529147982063,446,0.0230569017460555,0.7013260095805207
RIDGE_EVENT_A0.01__RATE075,S_MEAN,ORDER,LOGISTIC_L2,0.3,,0.6990208364321333,0.25284368740883073,0.520555108608206,0.5134529147982063,446,0.023059466114831537,0.7013267830436165
LW_STANDARD__RATE075,S_MEAN,MEAN,LOGISTIC_L2,1.0,,0.6986647178377052,0.25262099405622246,0.5258246178600161,0.49327354260089684,446,0.027064649256545836,0.7013711827633599
TOTAL_BASE_PLUS__RATE100,S_K5,FULL,LOGISTIC_L2,0.01,,0.6994507202122417,0.2530579510695297,0.5199115044247788,0.5134529147982063,446,0.01943655090217694,0.7013943753024594
RIDGE_EVENT_A0.1__RATE100,S_MEAN,ORDER,LOGISTIC_L2,0.3,,0.69908777140272,0.2528934436342381,0.5191271118262268,0.5134529147982063,446,0.02321677114516694,0.7014094485172367
RIDGE_EVENT_A0.01__RATE100,S_MEAN,ORDER,LOGISTIC_L2,0.3,,0.6990914406879534,0.2528950373946329,0.519167337087691,0.5134529147982063,446,0.023222446641138903,0.7014136853520673
POWER_OBP__RATE100,S_K5,TAIL,LOGISTIC_ENET,0.1,0.25,0.6991578784094128,0.2528729019741512,0.5255832662912309,0.5201793721973094,446,0.022666611594045507,0.7014245395688173
POWER_OBP__RATE100,S_K5,DISTRIBUTION,LOGISTIC_L2,0.3,,0.698930505247918,0.2523923637084663,0.5515486725663716,0.5650224215246636,446,0.025831385329060957,0.7015136437808241
POWER_OBP__RATE100,S_K5,SLOTS,LOGISTIC_L2,0.03,,0.6991265980768853,0.25295511850644686,0.5176588897827836,0.5112107623318386,446,0.024244959064250803,0.7015510939833104
POWER_OBP__RATE100,S_K10,FULL,LOGISTIC_L2,0.01,,0.6995868141710473,0.25312776551290644,0.5234714400643604,0.4977578475336323,446,0.020723394154529003,0.7016591535865002
POWER_OBP__RATE100,PREV_K10,FULL,LOGISTIC_L2,0.01,,0.6995868141710473,0.25312776551290644,0.5234714400643604,0.4977578475336323,446,0.020723394154529003,0.7016591535865002
TOTAL_BASE_PLUS__RATE050,S_MEAN,ORDER,LOGISTIC_L2,0.3,,0.6993300191380919,0.25293327217249323,0.5234915526950926,0.5112107623318386,446,0.02338557031692037,0.701668576169784
POWER_OBP__RATE100,PREV_K10,ORDER,LOGISTIC_L2,0.1,,0.6995235392341089,0.25314954911795323,0.515526950925181,0.5022421524663677,446,0.021784707071174435,0.7017020099412263
POWER_OBP__RATE100,S_K10,ORDER,LOGISTIC_L2,0.1,,0.6995235392341089,0.25314954911795323,0.515526950925181,0.5022421524663677,446,0.021784707071174435,0.7017020099412263
RIDGE_EVENT_A0.01__RATE075,S_MEAN,DISTRIBUTION,LOGISTIC_L2,1.0,,0.6997907740385791,0.25298448662074335,0.543342719227675,0.5269058295964125,446,0.019138422993552062,0.7017046163379344
TOTAL_BASE_PLUS__RATE100,S_MEAN,TAIL,LOGISTIC_L2,0.3,,0.6997008053594115,0.25322597343835523,0.5161705551086082,0.5067264573991032,446,0.02008562176419091,0.7017093675358306
RIDGE_EVENT_A0.1__RATE075,S_MEAN,DISTRIBUTION,LOGISTIC_L2,1.0,,0.699797454887625,0.25298753268764657,0.5433024939662108,0.5269058295964125,446,0.01912584970161346,0.7017100398577863
LW_STANDARD__RATE075,S_MEAN,ORDER,LOGISTIC_L2,0.3,,0.6994276292197903,0.25304855813644567,0.5178399034593726,0.5179372197309418,446,0.02320781240452761,0.701748410460243
POWER_OBP__RATE075,S_MEAN,ORDER,LOGISTIC_L2,0.3,,0.6995865674698607,0.25309940726568575,0.5195897023330651,0.5134529147982063,446,0.02322407148111475,0.7019089746179722
LW_STANDARD__RATE100,S_MEAN,ORDER,LOGISTIC_L2,0.3,,0.6995758183515778,0.2531342107803557,0.517739340305712,0.515695067264574,446,0.023502745122015216,0.7019260928637793
TOTAL_BASE_PLUS__RATE050,S_MEAN,FULL,LOGISTIC_ENET,0.1,0.75,0.7001826401442478,0.25339928805986073,0.510679806918745,0.5112107623318386,446,0.018170682081787366,0.7019997083524265
TOTAL_BASE_PLUS__RATE075,S_MEAN,TAIL,LOGISTIC_L2,0.3,,0.699963112184172,0.25332943633859056,0.5184231697506034,0.5179372197309418,446,0.02075805003492786,0.7020389171876648
POWER_OBP__RATE100,S_MEAN,ORDER,LOGISTIC_L2,0.3,,0.6997950814006801,0.25321572778398826,0.5182421560740145,0.5179372197309418,446,0.02336359783198902,0.702131441183879
POWER_OBP__RATE100,S_K10,TAIL,LOGISTIC_L2,0.03,,0.6999055171352239,0.2532458539331398,0.5206757843925987,0.5044843049327354,446,0.022551379811820663,0.7021606551164059
POWER_OBP__RATE100,PREV_K10,TAIL,LOGISTIC_L2,0.03,,0.6999055171352239,0.2532458539331398,0.5206757843925987,0.5044843049327354,446,0.022551379811820663,0.7021606551164059
TOTAL_BASE_PLUS__RATE075,S_MEAN,ORDER,LOGISTIC_L2,1.0,,0.6996543892578311,0.2530885032370709,0.5245172968624296,0.5044843049327354,446,0.025157627506634174,0.7021701520084945
TOTAL_BASE_PLUS__RATE100,S_K5,DISTRIBUTION,LOGISTIC_L2,0.1,,0.6995324597907007,0.25272100249766893,0.5433024939662108,0.5426008968609866,446,0.027264605164795768,0.7022589203071803
POWER_OBP__RATE075,S_MEAN,TAIL,LOGISTIC_L2,0.3,,0.7001996637511628,0.25344533126351787,0.516331456154465,0.5134529147982063,446,0.020619147489466992,0.7022615785001095
TOTAL_BASE_PLUS__RATE100,S_K5,MEAN,LOGISTIC_L2,1.0,,0.6992341271302063,0.25283237666389047,0.5293242156074014,0.49327354260089684,446,0.030688244836045188,0.7023029516138108
POWER_OBP__RATE100,S_MEAN,TAIL,LOGISTIC_L2,0.3,,0.70034138981679,0.25353025989633754,0.5157280772325019,0.5134529147982063,446,0.019862368223665283,0.7023276266391565
POWER_OBP__RATE100,S_K10,SLOTS,LOGISTIC_L2,0.03,,0.6997241553080542,0.25327253297431634,0.5179806918744972,0.5134529147982063,446,0.026219818610015207,0.7023461371690557
POWER_OBP__RATE100,PREV_K10,SLOTS,LOGISTIC_L2,0.03,,0.6997241553080542,0.25327253297431634,0.5179806918744972,0.5134529147982063,446,0.026219818610015207,0.7023461371690557
LW_STANDARD__RATE100,S_MEAN,TAIL,LOGISTIC_L2,0.3,,0.7005552968299026,0.25367107026866054,0.5157884151246983,0.5224215246636771,446,0.0180740367419948,0.7023627005041021
RIDGE_EVENT_A0.1__RATE100,S_MEAN,FULL,LOGISTIC_L2,0.03,,0.7007630739557975,0.2535753768554989,0.5316371681415929,0.5201793721973094,446,0.01604949053969327,0.7023680230097669
RIDGE_EVENT_A0.01__RATE100,S_MEAN,FULL,LOGISTIC_L2,0.03,,0.7007693921086298,0.25357849612166866,0.5316975060337892,0.5201793721973094,446,0.016048603155761444,0.7023742524242059
RIDGE_EVENT_A0.01__RATE075,S_MEAN,ORDER,LOGISTIC_L2,1.0,,0.6999039954065617,0.2532475021582839,0.5219026548672566,0.5179372197309418,446,0.024942239127270047,0.7023982193192887
RIDGE_EVENT_A0.1__RATE075,S_MEAN,ORDER,LOGISTIC_L2,1.0,,0.6999062084670006,0.25324846160919684,0.5219026548672566,0.5179372197309418,446,0.024943004426123645,0.7024005089096129
RIDGE_EVENT_A0.1__RATE075,S_MEAN,SLOTS,LOGISTIC_L2,0.1,,0.69963866969794,0.2529905907390812,0.5325221238938054,0.515695067264574,446,0.028061148493241164,0.7024447845472641
RIDGE_EVENT_A0.01__RATE075,S_MEAN,SLOTS,LOGISTIC_L2,0.1,,0.6996407084324153,0.2529914696150643,0.5324416733708769,0.515695067264574,446,0.028065135546255414,0.7024472219870409
TOTAL_BASE_PLUS__RATE100,S_MEAN,ORDER,LOGISTIC_L2,1.0,,0.6999479663173911,0.2532573892029463,0.5230490748189862,0.5067264573991032,446,0.025057430230366235,0.7024537093404277
POWER_OBP__RATE100,S_K5,MEAN,LOGISTIC_L2,1.0,,0.699396176973401,0.2529174367353729,0.5295253419147224,0.49327354260089684,446,0.030872317353090185,0.70248340870871
TOTAL_BASE_PLUS__RATE050,S_MEAN,ORDER,LOGISTIC_L2,1.0,,0.6999743237399956,0.2532134196338626,0.5245575221238938,0.5134529147982063,446,0.025343954775859257,0.7025087192175815
POWER_OBP__RATE100,S_K5,FULL,LOGISTIC_ENET,0.1,0.5,0.7004662088848844,0.2534006133037295,0.5290426387771521,0.5179372197309418,446,0.02054288436250105,0.7025204973211345
LW_STANDARD__RATE075,S_MEAN,TAIL,LOGISTIC_L2,0.3,,0.7006339624790134,0.25369325665557885,0.5177996781979084,0.5201793721973094,446,0.019300181627885504,0.702563980641802
TOTAL_BASE_PLUS__RATE100,S_K5,ORDER,LOGISTIC_L2,0.3,,0.7003047836556945,0.2534719346196124,0.5211786001609011,0.5089686098654709,446,0.023264366970333284,0.7026312203527278
POWER_OBP__RATE100,S_K5,ORDER,LOGISTIC_L2,0.3,,0.7003128693618911,0.25349177602131084,0.519529364440869,0.5201793721973094,446,0.023366509481073234,0.7026495203099984
RIDGE_EVENT_A0.01__RATE100,S_MEAN,TAIL,LOGISTIC_L2,0.3,,0.7006730807269548,0.2537161057731047,0.5175583266291232,0.5246636771300448,446,0.01985922849256923,0.7026590035762117
RIDGE_EVENT_A0.1__RATE100,S_MEAN,TAIL,LOGISTIC_L2,0.3,,0.7006744766321156,0.25371675766690843,0.5175382139983911,0.5246636771300448,446,0.01986018350161897,0.7026604949822775
TOTAL_BASE_PLUS__RATE100,S_K5,SLOTS,LOGISTIC_L2,0.03,,0.7002107576497583,0.2535017255308591,0.5133346741753821,0.515695067264574,446,0.024662323570110986,0.7026769900067693
POWER_OBP__RATE100,PREV_K10,MEAN,LOGISTIC_L2,0.3,,0.6995794648571366,0.25303325809825206,0.5246178600160901,0.5,446,0.031003612327755583,0.7026798260899122
POWER_OBP__RATE100,S_K10,MEAN,LOGISTIC_L2,0.3,,0.6995794648571366,0.25303325809825206,0.5246178600160901,0.5,446,0.031003612327755583,0.7026798260899122
POWER_OBP__RATE100,S_K5,SLOTS,LOGISTIC_ENET,0.1,0.25,0.7001874694659422,0.2534415515782861,0.5189662107803701,0.5134529147982063,446,0.025074744204287215,0.702694943886371
RIDGE_EVENT_A0.1__RATE100,S_MEAN,ORDER,LOGISTIC_L2,1.0,,0.7002064244851168,0.2534135508433693,0.5197103781174577,0.5179372197309418,446,0.02510575120136214,0.702716999605253
RIDGE_EVENT_A0.01__RATE100,S_MEAN,ORDER,LOGISTIC_L2,1.0,,0.7002113606470779,0.2534157545703676,0.5196902654867257,0.5179372197309418,446,0.025113572404243674,0.7027227178875023
TOTAL_BASE_PLUS__RATE100,S_MEAN,FULL,LOGISTIC_ENET,0.1,0.5,0.7011121547575732,0.25381218330861705,0.5185840707964602,0.5201793721973094,446,0.016200544934693917,0.7027322092510425
LW_STANDARD__RATE075,S_MEAN,FULL,LOGISTIC_ENET,0.1,0.25,0.7010996589194106,0.25361177966328524,0.5375502815768303,0.5291479820627802,446,0.016822040204746667,0.7027818629398853
TOTAL_BASE_PLUS__RATE075,S_MEAN,FULL,LOGISTIC_ENET,0.1,0.5,0.7009589016459131,0.25373012843321346,0.5193684633950122,0.5134529147982063,446,0.018352709467834714,0.7027941725926966
LW_STANDARD__RATE075,S_MEAN,ORDER,LOGISTIC_L2,1.0,,0.7003041983825246,0.25344815844732854,0.5194086886564763,0.5269058295964125,446,0.025098276595362057,0.7028140260420608
LW_STANDARD__RATE075,S_MEAN,SLOTS,LOGISTIC_L2,0.1,,0.7000543586385815,0.2531509752100655,0.5335277554304103,0.5269058295964125,446,0.02921402154835648,0.7029757607934171
POWER_OBP__RATE100,S_K10,TAIL,LOGISTIC_ENET,0.1,0.25,0.7004590156290182,0.25345289184206304,0.5265888978278359,0.5224215246636771,446,0.02549287915381673,0.7030083035443999
POWER_OBP__RATE100,PREV_K10,TAIL,LOGISTIC_ENET,0.1,0.25,0.7004590156290182,0.25345289184206304,0.5265888978278359,0.5224215246636771,446,0.02549287915381673,0.7030083035443999
POWER_OBP__RATE075,S_MEAN,ORDER,LOGISTIC_L2,1.0,,0.7005122750673197,0.2535166577297752,0.5215406275140788,0.515695067264574,446,0.02523634003339626,0.7030359090706594
LW_STANDARD__RATE100,S_MEAN,FULL,LOGISTIC_L2,0.03,,0.7015553355009524,0.2538797249613552,0.5329847144006437,0.5067264573991032,446,0.016144316304840475,0.7031697671314364
TOTAL_BASE_PLUS__RATE100,S_K5,ORDER,LOGISTIC_L2,1.0,,0.700581408729538,0.2535782162672401,0.524798873692679,0.5201793721973094,446,0.025928982309355402,0.7031743069604736
POWER_OBP__RATE100,S_MEAN,FULL,LOGISTIC_ENET,0.1,0.25,0.7014467737748811,0.2538576086903717,0.5303901850362027,0.5179372197309418,446,0.017850754755491992,0.7032318492504303
LW_STANDARD__RATE100,S_MEAN,ORDER,LOGISTIC_L2,1.0,,0.7007130760736715,0.2536616998816721,0.5183024939662108,0.5269058295964125,446,0.025379123254086294,0.7032509883990802
POWER_OBP__RATE100,S_K5,ORDER,LOGISTIC_L2,1.0,,0.7006968059404608,0.2536471069970556,0.5236122284794851,0.5224215246636771,446,0.026008698428868746,0.7032976757833477
TOTAL_BASE_PLUS__RATE100,S_MEAN,TAIL,LOGISTIC_L2,1.0,,0.7011584711021476,0.2539029815203392,0.5169750603378922,0.5089686098654709,446,0.021824034667028005,0.7033408745688504
TOTAL_BASE_PLUS__RATE050,S_MEAN,TAIL,LOGISTIC_L2,0.3,,0.7010724182620306,0.25382268573391586,0.5170152855993564,0.515695067264574,446,0.022761669155574028,0.703348585177588
POWER_OBP__RATE100,PREV_K10,SLOTS,LOGISTIC_ENET,0.1,0.25,0.7007424936561099,0.2537091347405395,0.5213395012067579,0.5224215246636771,446,0.027245367554397142,0.7034670304115496
POWER_OBP__RATE100,S_K10,SLOTS,LOGISTIC_ENET,0.1,0.25,0.7007424936561099,0.2537091347405395,0.5213395012067579,0.5224215246636771,446,0.027245367554397142,0.7034670304115496
TOTAL_BASE_PLUS__RATE075,S_MEAN,TAIL,LOGISTIC_L2,1.0,,0.7012800184599014,0.2539293999487501,0.5187449718423169,0.5112107623318386,446,0.022406556561751858,0.7035206741160765
POWER_OBP__RATE100,S_MEAN,ORDER,LOGISTIC_L2,1.0,,0.7010037298110912,0.2537697247569672,0.5195897023330652,0.5134529147982063,446,0.025443338039728276,0.703548063615064
POWER_OBP__RATE100,S_K10,DISTRIBUTION,LOGISTIC_L2,0.1,,0.7007644619175818,0.25327096487183975,0.5453338696701528,0.5381165919282511,446,0.02811929033477815,0.7035763909510596
POWER_OBP__RATE100,PREV_K10,DISTRIBUTION,LOGISTIC_L2,0.1,,0.7007644619175818,0.25327096487183975,0.5453338696701528,0.5381165919282511,446,0.02811929033477815,0.7035763909510596
RIDGE_EVENT_A0.1__RATE100,S_MEAN,SLOTS,LOGISTIC_L2,0.1,,0.7006232518202972,0.2534433510602878,0.5326830249396621,0.5224215246636771,446,0.029538185666581222,0.7035770703869553
RIDGE_EVENT_A0.01__RATE100,S_MEAN,SLOTS,LOGISTIC_L2,0.1,,0.700625726858613,0.25344443156943497,0.5326830249396621,0.5224215246636771,446,0.029542195512848573,0.7035799464098978
POWER_OBP__RATE075,S_MEAN,TAIL,LOGISTIC_L2,1.0,,0.7014318382117187,0.25400564503032824,0.5167940466613034,0.5044843049327354,446,0.02236084565380555,0.7036679227770993
RIDGE_EVENT_A0.01__RATE075,S_MEAN,TAIL,LOGISTIC_L2,0.3,,0.7016367126850197,0.25413915617309557,0.5187851971037811,0.5246636771300448,446,0.020800420381594673,0.7037167547231792
RIDGE_EVENT_A0.1__RATE075,S_MEAN,TAIL,LOGISTIC_L2,0.3,,0.7016381522442589,0.2541397098780048,0.5188053097345133,0.5246636771300448,446,0.02080050666336973,0.7037182029105958
RIDGE_EVENT_A0.1__RATE075,S_MEAN,FULL,LOGISTIC_ENET,0.1,0.25,0.702348722400539,0.25424262780296586,0.5320997586484312,0.5224215246636771,446,0.0162756404948988,0.7039762864500289
RIDGE_EVENT_A0.01__RATE075,S_MEAN,FULL,LOGISTIC_ENET,0.1,0.25,0.7023533385356943,0.2542447851058585,0.5321600965406275,0.5224215246636771,446,0.016275344519981142,0.7039808729876924
TOTAL_BASE_PLUS__RATE050,S_MEAN,FULL,LOGISTIC_ENET,0.1,0.5,0.70181486334366,0.25411288041410696,0.5195897023330651,0.5201793721973094,446,0.02171717920255058,0.703986581263915
LW_STANDARD__RATE100,S_MEAN,SLOTS,LOGISTIC_L2,0.1,,0.7010657649975386,0.25361469095278577,0.5326830249396621,0.5201793721973094,446,0.030555840797644625,0.7041213490773031
POWER_OBP__RATE100,S_MEAN,TAIL,LOGISTIC_L2,1.0,,0.7019514373817417,0.2542738126000031,0.5157280772325019,0.5067264573991032,446,0.02173430463088385,0.7041248678448301
POWER_OBP__RATE100,S_K10,MEAN,LOGISTIC_L2,1.0,,0.7008789522820882,0.25361783771303137,0.5252212389380532,0.49327354260089684,446,0.03306260847467305,0.7041852131295555
POWER_OBP__RATE100,PREV_K10,MEAN,LOGISTIC_L2,1.0,,0.7008789522820882,0.25361783771303137,0.5252212389380532,0.49327354260089684,446,0.03306260847467305,0.7041852131295555
LW_STANDARD__RATE075,S_MEAN,TAIL,LOGISTIC_L2,1.0,,0.7021089743733439,0.2543741777452185,0.5170555108608206,0.5246636771300448,446,0.020999151708022083,0.7042088895441461
TOTAL_BASE_PLUS__RATE100,S_K5,SLOTS,LOGISTIC_ENET,0.1,0.25,0.701691252674094,0.25418656031290743,0.5132139983909896,0.5134529147982063,446,0.02576981511392252,0.7042682341854863
LW_STANDARD__RATE100,S_MEAN,TAIL,LOGISTIC_L2,1.0,,0.7024015330414636,0.2545297201104384,0.5168543845534996,0.5179372197309418,446,0.019795207305426703,0.7043810537720062
POWER_OBP__RATE100,S_K5,DISTRIBUTION,LOGISTIC_L2,1.0,,0.7016613376510136,0.2535436085484723,0.5508447304907482,0.5650224215246636,446,0.027244689790439928,0.7043858066300576
POWER_OBP__RATE100,S_K10,FULL,LOGISTIC_ENET,0.1,0.5,0.7021545732873532,0.254193682623973,0.5312148028962189,0.515695067264574,446,0.023008718924209186,0.7044554451797741
POWER_OBP__RATE100,PREV_K10,FULL,LOGISTIC_ENET,0.1,0.5,0.7021545732873532,0.254193682623973,0.5312148028962189,0.515695067264574,446,0.023008718924209186,0.7044554451797741
POWER_OBP__RATE100,S_K10,ORDER,LOGISTIC_L2,0.3,,0.7019513782321123,0.2542828242483209,0.5169951729686243,0.5089686098654709,446,0.025509160985627107,0.704502294330675
POWER_OBP__RATE100,PREV_K10,ORDER,LOGISTIC_L2,0.3,,0.7019513782321123,0.2542828242483209,0.5169951729686243,0.5089686098654709,446,0.025509160985627107,0.704502294330675
POWER_OBP__RATE075,S_MEAN,FULL,LOGISTIC_ENET,0.1,0.25,0.702680865496078,0.25442475313048907,0.528238133547868,0.5134529147982063,446,0.018833809032900366,0.704564246399368
TOTAL_BASE_PLUS__RATE100,S_K5,TAIL,LOGISTIC_L2,0.1,,0.7018919743399806,0.2540888311903684,0.5240345937248592,0.5201793721973094,446,0.027432642346550285,0.7046352385746356
LW_STANDARD__RATE075,S_MEAN,FULL,LOGISTIC_L2,0.03,,0.7029350419205544,0.2545103451146809,0.5312751407884151,0.5224215246636771,446,0.018362877941051844,0.7047713297146596
POWER_OBP__RATE075,S_MEAN,SLOTS,LOGISTIC_L2,0.1,,0.7018711150064244,0.2540157390663058,0.5299275945293644,0.5269058295964125,446,0.029131534648244764,0.7047842684712489
TOTAL_BASE_PLUS__RATE050,S_MEAN,TAIL,LOGISTIC_L2,1.0,,0.702406749106969,0.25442644917172885,0.5175382139983911,0.5112107623318386,446,0.024657804201986884,0.7048725295271677
TOTAL_BASE_PLUS__RATE050,S_MEAN,SLOTS,LOGISTIC_L2,0.1,,0.7021124016553872,0.25410134980591814,0.5305913113435238,0.5269058295964125,446,0.02882110632993341,0.7049945122883806
POWER_OBP__RATE100,S_K5,TAIL,LOGISTIC_L2,0.1,,0.7024030546891703,0.25436088267362494,0.5210176991150443,0.531390134529148,446,0.026197273743525856,0.7050227820635229
POWER_OBP__RATE100,S_K10,ORDER,LOGISTIC_L2,1.0,,0.7023381075350777,0.254433579561246,0.5216210780370073,0.5089686098654709,446,0.028670722056075286,0.7052051797406853
POWER_OBP__RATE100,PREV_K10,ORDER,LOGISTIC_L2,1.0,,0.7023381075350777,0.254433579561246,0.5216210780370073,0.5089686098654709,446,0.028670722056075286,0.7052051797406853
RIDGE_EVENT_A0.1__RATE100,S_MEAN,TAIL,LOGISTIC_L2,1.0,,0.7030031595394682,0.2547849637362236,0.5176387771520515,0.5179372197309418,446,0.02202689631527554,0.7052058491709958
RIDGE_EVENT_A0.01__RATE100,S_MEAN,TAIL,LOGISTIC_L2,1.0,,0.7030046062207455,0.2547856770113787,0.5176790024135157,0.5179372197309418,446,0.022025600230377675,0.7052071662437832
TOTAL_BASE_PLUS__RATE075,S_MEAN,SLOTS,LOGISTIC_L2,0.1,,0.7022980299391922,0.2541961133425545,0.5298471440064361,0.5448430493273543,446,0.029749760448035883,0.7052730059839958
RIDGE_EVENT_A0.1__RATE075,S_MEAN,FULL,LOGISTIC_L2,0.03,,0.7034940808429472,0.2548194782463018,0.5292236524537409,0.5291479820627802,446,0.01804064342848093,0.7052981451857953
RIDGE_EVENT_A0.01__RATE075,S_MEAN,FULL,LOGISTIC_L2,0.03,,0.7034982170596952,0.2548214867277501,0.5291834271922767,0.5291479820627802,446,0.018041410903970052,0.7053023581500922
POWER_OBP__RATE100,S_MEAN,FULL,LOGISTIC_L2,0.03,,0.7037314516656518,0.2550074825562932,0.5246580852775543,0.5089686098654709,446,0.019598639600467867,0.7056913156256985
TOTAL_BASE_PLUS__RATE100,S_K5,DISTRIBUTION,LOGISTIC_L2,0.3,,0.7027786728096601,0.25407066159466535,0.5442477876106195,0.5403587443946188,446,0.030861930602800833,0.7058648658699402
POWER_OBP__RATE100,S_MEAN,SLOTS,LOGISTIC_L2,0.1,,0.7028485849172392,0.25446193526373306,0.5289420756234915,0.5224215246636771,446,0.030304929044744834,0.7058790778217137
RIDGE_EVENT_A0.1__RATE075,S_MEAN,SLOTS,LOGISTIC_L2,0.3,,0.7026668513369206,0.25426809727767713,0.5363636363636364,0.5246636771300448,446,0.03245332184927259,0.7059121835218479
RIDGE_EVENT_A0.01__RATE075,S_MEAN,SLOTS,LOGISTIC_L2,0.3,,0.7026699374436676,0.2542693911729615,0.5363837489943685,0.5246636771300448,446,0.03245870169735328,0.7059158076134029
RIDGE_EVENT_A0.01__RATE075,S_MEAN,TAIL,LOGISTIC_L2,1.0,,0.7036752889266442,0.25505581388237636,0.518543845534996,0.5269058295964125,446,0.022942190915465323,0.7059695080181907
RIDGE_EVENT_A0.1__RATE075,S_MEAN,TAIL,LOGISTIC_L2,1.0,,0.7036790785331795,0.2550574143939134,0.518543845534996,0.5269058295964125,446,0.02294242794485731,0.7059733213276652
TOTAL_BASE_PLUS__RATE100,S_MEAN,SLOTS,LOGISTIC_L2,0.1,,0.7030753385458085,0.2545672672628642,0.5283990345937248,0.5336322869955157,446,0.030388021927039575,0.7061141407385124
POWER_OBP__RATE075,S_MEAN,FULL,LOGISTIC_L2,0.03,,0.7043936719900288,0.255271658869043,0.5247385358004827,0.5112107623318386,446,0.020900349190349835,0.7064837069090638
TOTAL_BASE_PLUS__RATE100,S_K5,FULL,LOGISTIC_ENET,0.1,0.5,0.7046689900886255,0.25547988676562,0.5143604183427193,0.515695067264574,446,0.021457238453163597,0.7068147139339418
LW_STANDARD__RATE075,S_MEAN,SLOTS,LOGISTIC_L2,0.3,,0.703521176261446,0.25461135273156665,0.5362630732099759,0.5291479820627802,446,0.033777732705030004,0.706898949531949
TOTAL_BASE_PLUS__RATE100,S_MEAN,FULL,LOGISTIC_ENET,0.1,0.25,0.7050873544089756,0.25560746812046914,0.5227473853580048,0.5201793721973094,446,0.019137344154691666,0.7070010888244448
TOTAL_BASE_PLUS__RATE075,S_MEAN,FULL,LOGISTIC_ENET,0.1,0.25,0.7052511659216062,0.25565510913336026,0.5233708769107,0.5067264573991032,446,0.020258849273071557,0.7072770508489133
TOTAL_BASE_PLUS__RATE100,S_MEAN,FULL,LOGISTIC_L2,0.03,,0.7054983901115924,0.25583808905233946,0.5207361222847948,0.5179372197309418,446,0.02121871769884306,0.7076202618814768
RIDGE_EVENT_A0.1__RATE100,S_MEAN,SLOTS,LOGISTIC_L2,0.3,,0.704476100877293,0.25507589774747547,0.533246178600161,0.5134529147982063,446,0.03502941148025736,0.7079790420253187
RIDGE_EVENT_A0.01__RATE100,S_MEAN,SLOTS,LOGISTIC_L2,0.3,,0.7044797582430018,0.2550774304633506,0.5332260659694288,0.5134529147982063,446,0.03503501977188191,0.70798326022019
POWER_OBP__RATE100,S_K5,TAIL,LOGISTIC_L2,0.3,,0.7050271887703107,0.25554032088945067,0.5208567980691874,0.5134529147982063,446,0.0296061206745351,0.7079878008377641
RIDGE_EVENT_A0.1__RATE075,S_MEAN,SLOTS,LOGISTIC_L2,1.0,,0.7045711968333317,0.2550383533018847,0.5377916331456154,0.5246636771300448,446,0.03470958826509042,0.7080421556598407
RIDGE_EVENT_A0.01__RATE075,S_MEAN,SLOTS,LOGISTIC_L2,1.0,,0.7045748609773607,0.2550398633856812,0.5378318584070796,0.5246636771300448,446,0.03471579376871403,0.708046440354232
TOTAL_BASE_PLUS__RATE100,S_K5,TAIL,LOGISTIC_L2,0.3,,0.7049070055596915,0.25542790689892686,0.5251810136765889,0.5089686098654709,446,0.03139738184021297,0.7080467437437128
TOTAL_BASE_PLUS__RATE075,S_MEAN,FULL,LOGISTIC_L2,0.03,,0.7062220091205132,0.25613360273296604,0.522184231697506,0.5201793721973094,446,0.021970219175049703,0.7084190310380182
POWER_OBP__RATE100,PREV_K10,DISTRIBUTION,LOGISTIC_L2,0.3,,0.7052792657296394,0.2551793873599899,0.5454746580852776,0.5426008968609866,446,0.03140561738789679,0.708419827468429
POWER_OBP__RATE100,S_K10,DISTRIBUTION,LOGISTIC_L2,0.3,,0.7052792657296394,0.2551793873599899,0.5454746580852776,0.5426008968609866,446,0.03140561738789679,0.708419827468429
POWER_OBP__RATE100,S_K10,TAIL,LOGISTIC_L2,0.1,,0.7055607967142304,0.25578898005958833,0.5209975864843122,0.5089686098654709,446,0.030421884475195195,0.7086029851617499
POWER_OBP__RATE100,PREV_K10,TAIL,LOGISTIC_L2,0.1,,0.7055607967142304,0.25578898005958833,0.5209975864843122,0.5089686098654709,446,0.030421884475195195,0.7086029851617499
TOTAL_BASE_PLUS__RATE050,S_MEAN,FULL,LOGISTIC_ENET,0.1,0.25,0.7062628895956321,0.25610569344072703,0.5216411906677393,0.5067264573991032,446,0.024536469868884688,0.7087165365825205
TOTAL_BASE_PLUS__RATE050,S_MEAN,SLOTS,LOGISTIC_L2,0.3,,0.705455481758799,0.25547586758161417,0.5332059533386968,0.5291479820627802,446,0.03332962712079487,0.7087884444708785
TOTAL_BASE_PLUS__RATE050,S_MEAN,FULL,LOGISTIC_L2,0.03,,0.7064596061847476,0.2561687301868306,0.5235116653258246,0.5224215246636771,446,0.024232157559118832,0.7088828219406594
LW_STANDARD__RATE100,S_MEAN,SLOTS,LOGISTIC_L2,0.3,,0.7053455871937298,0.2554191133597235,0.5337288817377313,0.5246636771300448,446,0.036210398618007913,0.7089666270555306
TOTAL_BASE_PLUS__RATE100,S_K5,DISTRIBUTION,LOGISTIC_L2,1.0,,0.7056029849542894,0.2551674702322911,0.546158487530169,0.5493273542600897,446,0.03402399819638914,0.7090053847739284
POWER_OBP__RATE075,S_MEAN,SLOTS,LOGISTIC_L2,0.3,,0.7057174802946856,0.2556338665482902,0.5319991954947708,0.5358744394618834,446,0.03417777142018768,0.7091352574367044
LW_STANDARD__RATE075,S_MEAN,SLOTS,LOGISTIC_L2,1.0,,0.7057417382194922,0.25551011796626844,0.5369469026548672,0.5336322869955157,446,0.03629901534925702,0.7093716397544179
POWER_OBP__RATE100,S_K5,SLOTS,LOGISTIC_L2,0.1,,0.7060906562936486,0.2561660510660339,0.5201729686242961,0.515695067264574,446,0.03323284915764092,0.7094139412094127
TOTAL_BASE_PLUS__RATE075,S_MEAN,SLOTS,LOGISTIC_L2,0.3,,0.7061575571061838,0.2557974304303155,0.5319388576025744,0.5403587443946188,446,0.03501742006158338,0.7096592991123422
POWER_OBP__RATE100,S_K5,TAIL,LOGISTIC_L2,1.0,,0.706743288628792,0.25631777114019333,0.5218825422365245,0.5089686098654709,446,0.031319815154530244,0.709875270144245
TOTAL_BASE_PLUS__RATE100,S_K5,TAIL,LOGISTIC_L2,1.0,,0.7069332159394067,0.25632793698415823,0.524597747385358,0.5067264573991032,446,0.033609239778138005,0.7102941399172206
RIDGE_EVENT_A0.1__RATE100,S_MEAN,SLOTS,LOGISTIC_L2,1.0,,0.7069728366386204,0.25609371688948634,0.5350563153660499,0.5291479820627802,446,0.038098018469279876,0.7107826384855485
TOTAL_BASE_PLUS__RATE100,S_K5,SLOTS,LOGISTIC_L2,0.1,,0.7074184340811469,0.25684155699087513,0.5154666130329847,0.5134529147982063,446,0.03366226294992218,0.7107846603761391
RIDGE_EVENT_A0.01__RATE100,S_MEAN,SLOTS,LOGISTIC_L2,1.0,,0.7069770125592755,0.25609541830947896,0.5350160901045857,0.5291479820627802,446,0.03810444578299104,0.7107874571375746
POWER_OBP__RATE100,S_K5,FULL,LOGISTIC_ENET,0.1,0.25,0.7083213714405321,0.25698956941106504,0.527815768302494,0.515695067264574,446,0.025553917750100002,0.710876763215542
TOTAL_BASE_PLUS__RATE050,S_MEAN,SLOTS,LOGISTIC_L2,1.0,,0.7073828788952794,0.2562292961847736,0.5346540627514078,0.5269058295964125,446,0.0355931103416612,0.7109421899294455
POWER_OBP__RATE100,S_MEAN,SLOTS,LOGISTIC_L2,0.3,,0.7075378114054021,0.2564343562884848,0.529424778761062,0.5201793721973094,446,0.03641976487958403,0.7111797878933604
TOTAL_BASE_PLUS__RATE100,S_MEAN,SLOTS,LOGISTIC_L2,0.3,,0.7076956073624997,0.2565013094294591,0.5298672566371682,0.5291479820627802,446,0.0364937455222939,0.7113449819147291
POWER_OBP__RATE100,S_K10,SLOTS,LOGISTIC_L2,0.1,,0.7077963079356473,0.25700729489865887,0.519951729686243,0.5224215246636771,446,0.03616653935996395,0.7114129618716437
POWER_OBP__RATE100,PREV_K10,SLOTS,LOGISTIC_L2,0.1,,0.7077963079356473,0.25700729489865887,0.519951729686243,0.5224215246636771,446,0.03616653935996395,0.7114129618716437
POWER_OBP__RATE100,S_K5,FULL,LOGISTIC_L2,0.03,,0.7091203627740782,0.25747531077592756,0.5239943684633951,0.5022421524663677,446,0.02449112163545772,0.711569474937624
RIDGE_EVENT_A0.1__RATE100,S_MEAN,FULL,LOGISTIC_L2,0.1,,0.7099978631905238,0.25756322849550123,0.5351769911504425,0.5224215246636771,446,0.015784896899978553,0.7115763528805217
RIDGE_EVENT_A0.01__RATE100,S_MEAN,FULL,LOGISTIC_L2,0.1,,0.7100112048169768,0.25756949304049503,0.5351367658889783,0.5224215246636771,446,0.015785881486690554,0.7115897929656458
POWER_OBP__RATE075,S_MEAN,SLOTS,LOGISTIC_L2,1.0,,0.7082128422999097,0.25664271485624784,0.5336283185840708,0.5381165919282511,446,0.03699250920453985,0.7119120932203636
LW_STANDARD__RATE100,S_MEAN,SLOTS,LOGISTIC_L2,1.0,,0.7081315165013757,0.25654804751714455,0.5347546259050684,0.531390134529148,446,0.039467749276001635,0.7120782914289759
TOTAL_BASE_PLUS__RATE075,S_MEAN,SLOTS,LOGISTIC_L2,1.0,,0.7085580105229877,0.2567553366322244,0.5330249396621078,0.5336322869955157,446,0.03781173524512764,0.7123391840475005
LW_STANDARD__RATE100,S_MEAN,FULL,LOGISTIC_L2,0.1,,0.7112332985796463,0.2579257575709376,0.5366251005631537,0.5381165919282511,446,0.015558509323075285,0.7127891495119538
POWER_OBP__RATE100,PREV_K10,DISTRIBUTION,LOGISTIC_L2,1.0,,0.7101085664444284,0.25713145720011,0.5449316170555109,0.5448430493273543,446,0.03462232374437211,0.7135707988188656
POWER_OBP__RATE100,S_K10,DISTRIBUTION,LOGISTIC_L2,1.0,,0.7101085664444284,0.25713145720011,0.5449316170555109,0.5448430493273543,446,0.03462232374437211,0.7135707988188656
POWER_OBP__RATE100,S_K10,TAIL,LOGISTIC_L2,0.3,,0.7100086452220673,0.25774399085385297,0.5205148833467418,0.5,446,0.03563634387683136,0.7135722796097504
POWER_OBP__RATE100,PREV_K10,TAIL,LOGISTIC_L2,0.3,,0.7100086452220673,0.25774399085385297,0.5205148833467418,0.5,446,0.03563634387683136,0.7135722796097504
TOTAL_BASE_PLUS__RATE100,S_K5,FULL,LOGISTIC_L2,0.03,,0.7117061179584746,0.2586877609710276,0.517940466613033,0.5179372197309418,446,0.02688123101670851,0.7143942410601455
TOTAL_BASE_PLUS__RATE100,S_MEAN,SLOTS,LOGISTIC_L2,1.0,,0.7105830178515606,0.2576602603220968,0.5302493966210781,0.5269058295964125,446,0.039956324268965775,0.7145786502784572
POWER_OBP__RATE100,S_MEAN,SLOTS,LOGISTIC_L2,1.0,,0.7105950005490405,0.25766962806641747,0.5299477071600965,0.5224215246636771,446,0.0399878630789055,0.714593786856931
TOTAL_BASE_PLUS__RATE100,S_K5,FULL,LOGISTIC_ENET,0.1,0.25,0.7123494843982675,0.25892255633218403,0.5166733708769107,0.5044843049327354,446,0.028440444902198207,0.7151935288884873
POWER_OBP__RATE100,S_K10,FULL,LOGISTIC_ENET,0.1,0.25,0.712384501420995,0.2588068865809992,0.5268101367658891,0.5134529147982063,446,0.029031487686754648,0.7152876501896704
POWER_OBP__RATE100,PREV_K10,FULL,LOGISTIC_ENET,0.1,0.25,0.712384501420995,0.2588068865809992,0.5268101367658891,0.5134529147982063,446,0.029031487686754648,0.7152876501896704
POWER_OBP__RATE100,S_K5,SLOTS,LOGISTIC_L2,0.3,,0.7114637321615234,0.25849821423560354,0.5241150442477875,0.5246636771300448,446,0.039134078626257666,0.7153771400241491
POWER_OBP__RATE100,S_K10,FULL,LOGISTIC_L2,0.03,,0.7128886231624729,0.25916281454169593,0.5218222043443282,0.5067264573991032,446,0.028113636001799815,0.7156999867626529
POWER_OBP__RATE100,PREV_K10,FULL,LOGISTIC_L2,0.03,,0.7128886231624729,0.25916281454169593,0.5218222043443282,0.5067264573991032,446,0.028113636001799815,0.7156999867626529
LW_STANDARD__RATE075,S_MEAN,FULL,LOGISTIC_L2,0.1,,0.7141416190658548,0.2592566055207112,0.5328841512469831,0.5179372197309418,446,0.02017266224584372,0.7161588852904393
TOTAL_BASE_PLUS__RATE100,S_K5,SLOTS,LOGISTIC_L2,0.3,,0.7126939361743219,0.2591495755052733,0.5181214802896218,0.5201793721973094,446,0.039416512446206954,0.7166355874189425
POWER_OBP__RATE100,S_MEAN,FULL,LOGISTIC_L2,0.1,,0.7145227045355564,0.2597036080179107,0.5270716009654063,0.5089686098654709,446,0.02235808332544275,0.7167585128681007
POWER_OBP__RATE100,PREV_K10,TAIL,LOGISTIC_L2,1.0,,0.7130645547466379,0.25907963998470057,0.5205953338696702,0.4977578475336323,446,0.03863984610782075,0.71692853935742
POWER_OBP__RATE100,S_K10,TAIL,LOGISTIC_L2,1.0,,0.7130645547466379,0.25907963998470057,0.5205953338696702,0.4977578475336323,446,0.03863984610782075,0.71692853935742
RIDGE_EVENT_A0.1__RATE075,S_MEAN,FULL,LOGISTIC_L2,0.1,,0.7153194699220955,0.2599280554979101,0.5286403861625101,0.531390134529148,446,0.020747972380440027,0.7173942671601395
RIDGE_EVENT_A0.01__RATE075,S_MEAN,FULL,LOGISTIC_L2,0.1,,0.7153266974348558,0.25993145275576207,0.5285800482703138,0.531390134529148,446,0.020749667389297233,0.7174016641737855
POWER_OBP__RATE100,PREV_K10,SLOTS,LOGISTIC_L2,0.3,,0.7139870192836391,0.25969183665601603,0.5230289621882541,0.5201793721973094,446,0.0428202767464074,0.7182690469582798
POWER_OBP__RATE100,S_K10,SLOTS,LOGISTIC_L2,0.3,,0.7139870192836391,0.25969183665601603,0.5230289621882541,0.5201793721973094,446,0.0428202767464074,0.7182690469582798
POWER_OBP__RATE075,S_MEAN,FULL,LOGISTIC_L2,0.1,,0.7160127961038363,0.2603212768675626,0.5262268704746582,0.5022421524663677,446,0.02432964531926731,0.718445760635763
RIDGE_EVENT_A0.1__RATE100,S_MEAN,FULL,LOGISTIC_L2,0.3,,0.7173947175794542,0.2603114160578421,0.5422365245374094,0.5179372197309418,446,0.013219409210020412,0.7187166585004562
RIDGE_EVENT_A0.01__RATE100,S_MEAN,FULL,LOGISTIC_L2,0.3,,0.7174123382135785,0.26031919422216804,0.5422566371681417,0.5179372197309418,446,0.013224255334972266,0.7187347637470758
POWER_OBP__RATE100,S_K5,SLOTS,LOGISTIC_L2,1.0,,0.714881620412623,0.25992363858018636,0.5254424778761062,0.5269058295964125,446,0.042554194197745775,0.7191370398323976
LW_STANDARD__RATE100,S_MEAN,FULL,LOGISTIC_L2,0.3,,0.7188516314364041,0.26058008053017023,0.5438656476267096,0.5336322869955157,446,0.01325696358166714,0.7201773277945708
TOTAL_BASE_PLUS__RATE100,S_K5,SLOTS,LOGISTIC_L2,1.0,,0.7160415064714953,0.2605619790586379,0.5198511665325825,0.5246636771300448,446,0.04276642162345138,0.7203181486338405
TOTAL_BASE_PLUS__RATE100,S_MEAN,FULL,LOGISTIC_L2,0.1,,0.7177595632580215,0.2611432269225725,0.5211584875301689,0.5224215246636771,446,0.026078065870131506,0.7203673698450346
TOTAL_BASE_PLUS__RATE050,S_MEAN,FULL,LOGISTIC_L2,0.1,,0.7178594073608057,0.26106154704763335,0.5239943684633951,0.515695067264574,446,0.030086289155354055,0.7208680362763411
TOTAL_BASE_PLUS__RATE075,S_MEAN,FULL,LOGISTIC_L2,0.1,,0.7187822400195437,0.2615645664502542,0.5213797264682221,0.515695067264574,446,0.027065460553402008,0.7214887860748839
POWER_OBP__RATE100,S_K10,SLOTS,LOGISTIC_L2,1.0,,0.7179430926123731,0.26133725041034916,0.5241954947707161,0.5201793721973094,446,0.04667229263963788,0.7226103218763369
POWER_OBP__RATE100,PREV_K10,SLOTS,LOGISTIC_L2,1.0,,0.7179430926123731,0.26133725041034916,0.5241954947707161,0.5201793721973094,446,0.04667229263963788,0.7226103218763369
POWER_OBP__RATE100,S_K5,FULL,LOGISTIC_L2,0.1,,0.7219098831499748,0.2628539454600201,0.5262469831053902,0.5134529147982063,446,0.02791276687741491,0.7247011598377163
POWER_OBP__RATE100,S_MEAN,FULL,LOGISTIC_L2,0.3,,0.7226869446566695,0.2627925814043861,0.5322807723250201,0.5269058295964125,446,0.02284175635933871,0.7249711202926034
LW_STANDARD__RATE075,S_MEAN,FULL,LOGISTIC_L2,0.3,,0.7231338832939349,0.2626484974889359,0.5379525341914723,0.5291479820627802,446,0.020704050358421287,0.725204288329777
RIDGE_EVENT_A0.1__RATE100,S_MEAN,FULL,LOGISTIC_L2,1.0,,0.7242208556858308,0.26245420956613535,0.5498793242156075,0.5246636771300448,446,0.00996062295968926,0.7252169179817998
RIDGE_EVENT_A0.01__RATE100,S_MEAN,FULL,LOGISTIC_L2,1.0,,0.724263583380202,0.2624726750058527,0.5498390989541431,0.5246636771300448,446,0.009967844661883036,0.7252603678463904
LW_STANDARD__RATE100,S_MEAN,FULL,LOGISTIC_L2,1.0,,0.7253065622692584,0.2623358104061511,0.5529565567176187,0.5381165919282511,446,0.01137467662723333,0.7264440299319818
RIDGE_EVENT_A0.1__RATE075,S_MEAN,FULL,LOGISTIC_L2,0.3,,0.72488353446996,0.2636767154226759,0.5329444891391795,0.531390134529148,446,0.021728765419107787,0.7270564110118708
RIDGE_EVENT_A0.01__RATE075,S_MEAN,FULL,LOGISTIC_L2,0.3,,0.724898493206709,0.26368378626420147,0.5328640386162511,0.531390134529148,446,0.021735222890763822,0.7270720154957854
POWER_OBP__RATE075,S_MEAN,FULL,LOGISTIC_L2,0.3,,0.7250587174385207,0.2638941583766253,0.5295655671761866,0.515695067264574,446,0.02535305874076802,0.7275940233125975
TOTAL_BASE_PLUS__RATE050,S_MEAN,FULL,LOGISTIC_L2,0.3,,0.7255155638439801,0.2641387520412856,0.5244368463395012,0.5224215246636771,446,0.032873245189809476,0.728802888362961
TOTAL_BASE_PLUS__RATE100,S_MEAN,FULL,LOGISTIC_L2,0.3,,0.7265621853410494,0.264508415656447,0.5255430410297668,0.5201793721973094,446,0.027675128792449266,0.7293296982202944
TOTAL_BASE_PLUS__RATE100,S_K5,FULL,LOGISTIC_L2,0.1,,0.7261622932445404,0.264717668893211,0.5201126307320998,0.5112107623318386,446,0.03357338728121362,0.7295196319726618
TOTAL_BASE_PLUS__RATE075,S_MEAN,FULL,LOGISTIC_L2,0.3,,0.7277108870178056,0.2651153024453136,0.5226870474658085,0.5089686098654709,446,0.029198444277207816,0.7306307314455264
POWER_OBP__RATE100,S_MEAN,FULL,LOGISTIC_L2,1.0,,0.7287325649083136,0.26466080010668913,0.5383950120675784,0.5291479820627802,446,0.023271956423428785,0.7310597605506565
LW_STANDARD__RATE075,S_MEAN,FULL,LOGISTIC_L2,1.0,,0.7302225757210659,0.2650660909785551,0.5423773129525342,0.531390134529148,446,0.02125961265331209,0.732348536986397
POWER_OBP__RATE100,PREV_K10,FULL,LOGISTIC_L2,0.1,,0.7294361036712084,0.2659338852432065,0.5238938053097345,0.515695067264574,446,0.03396561672373961,0.7328326653435824
POWER_OBP__RATE100,S_K10,FULL,LOGISTIC_L2,0.1,,0.7294361036712084,0.2659338852432065,0.5238938053097345,0.515695067264574,446,0.03396561672373961,0.7328326653435824
TOTAL_BASE_PLUS__RATE050,S_MEAN,FULL,LOGISTIC_L2,1.0,,0.7300154330320645,0.26587478112659896,0.5256234915526952,0.5044843049327354,446,0.034238852599908345,0.7334393182920553
RIDGE_EVENT_A0.01__RATE075,S_MEAN,FULL,LOGISTIC_L2,1.0,,0.7324626079289863,0.2664088455677206,0.5365647626709573,0.5291479820627802,446,0.021868719453015356,0.7346494798742879
RIDGE_EVENT_A0.1__RATE075,S_MEAN,FULL,LOGISTIC_L2,1.0,,0.7324808397267227,0.26641476906764705,0.5364239742558328,0.5291479820627802,446,0.02189006008594104,0.7346698457353168
POWER_OBP__RATE075,S_MEAN,FULL,LOGISTIC_L2,1.0,,0.732124412948964,0.26646872909786895,0.5332059533386968,0.515695067264574,446,0.02612625709911952,0.734737038658876
POWER_OBP__RATE100,S_K5,FULL,LOGISTIC_L2,0.3,,0.7323857743385107,0.26683662413486414,0.5300281576830249,0.5179372197309418,446,0.028712721396767935,0.7352570464781875
TOTAL_BASE_PLUS__RATE100,S_MEAN,FULL,LOGISTIC_L2,1.0,,0.732578180936842,0.26646505699085044,0.529827031375704,0.5134529147982063,446,0.02807026975914423,0.7353852079127564
TOTAL_BASE_PLUS__RATE075,S_MEAN,FULL,LOGISTIC_L2,1.0,,0.7336884428149523,0.267357502764333,0.5248793242156073,0.5067264573991032,446,0.02974994217868738,0.736663437032821
TOTAL_BASE_PLUS__RATE100,S_K5,FULL,LOGISTIC_L2,0.3,,0.7373456713877672,0.2688891322163971,0.5231697506033789,0.5179372197309418,446,0.03797711804533182,0.7411433831923003
POWER_OBP__RATE100,S_K5,FULL,LOGISTIC_L2,1.0,,0.7405477176986249,0.26967501122951215,0.5337288817377314,0.5224215246636771,446,0.029298241116521174,0.743477541810277
POWER_OBP__RATE100,PREV_K10,FULL,LOGISTIC_L2,0.3,,0.7435450486599378,0.27114173437494826,0.5259654062751408,0.5112107623318386,446,0.037454611305022874,0.7472905097904401
POWER_OBP__RATE100,S_K10,FULL,LOGISTIC_L2,0.3,,0.7435450486599378,0.27114173437494826,0.5259654062751408,0.5112107623318386,446,0.037454611305022874,0.7472905097904401
TOTAL_BASE_PLUS__RATE100,S_K5,FULL,LOGISTIC_L2,1.0,,0.7455248262079297,0.27167824796526957,0.5243161705551086,0.5201793721973094,446,0.04145032870449386,0.7496698590783791
POWER_OBP__RATE100,S_K10,FULL,LOGISTIC_L2,1.0,,0.7548707550013497,0.2749256001432696,0.5266291230893001,0.5246636771300448,446,0.04108355298805183,0.7589791103001549
POWER_OBP__RATE100,PREV_K10,FULL,LOGISTIC_L2,1.0,,0.7548707550013497,0.2749256001432696,0.5266291230893001,0.5246636771300448,446,0.04108355298805183,0.7589791103001549
