season,game_date,game_id,home_win,period,architecture,prob_home_win
2025,20250322,20250322HHKT0,0.0,2025_HOLDOUT,V9_STYLE,0.7163781381641123
2025,20250322,20250322LTLG0,1.0,2025_HOLDOUT,V9_STYLE,0.6432856300682842
2025,20250322,20250322NCHT0,1.0,2025_HOLDOUT,V9_STYLE,0.7465744805416734
2025,20250322,20250322OBSK0,1.0,2025_HOLDOUT,V9_STYLE,0.6960911866671172
2025,20250322,20250322WOSS0,1.0,2025_HOLDOUT,V9_STYLE,0.7614032779431654
2025,20250323,20250323HHKT0,1.0,2025_HOLDOUT,V9_STYLE,0.4252419437049568
2025,20250323,20250323LTLG0,1.0,2025_HOLDOUT,V9_STYLE,0.5996006094453213
2025,20250323,20250323NCHT0,0.0,2025_HOLDOUT,V9_STYLE,0.6861806362403694
2025,20250323,20250323OBSK0,1.0,2025_HOLDOUT,V9_STYLE,0.5568756133095673
2025,20250323,20250323WOSS0,1.0,2025_HOLDOUT,V9_STYLE,0.5335497057071332
2025,20250325,20250325HHLG0,1.0,2025_HOLDOUT,V9_STYLE,0.4993859843714578
2025,20250325,20250325LTSK0,0.0,2025_HOLDOUT,V9_STYLE,0.6195848716339574
2025,20250325,20250325NCSS0,1.0,2025_HOLDOUT,V9_STYLE,0.5817302179356963
2025,20250325,20250325OBKT0,1.0,2025_HOLDOUT,V9_STYLE,0.64425485691742
2025,20250325,20250325WOHT0,1.0,2025_HOLDOUT,V9_STYLE,0.5727739474808193
2025,20250326,20250326HHLG0,1.0,2025_HOLDOUT,V9_STYLE,0.5984776434116763
2025,20250326,20250326LTSK0,1.0,2025_HOLDOUT,V9_STYLE,0.5705894587145052
2025,20250326,20250326NCSS0,0.0,2025_HOLDOUT,V9_STYLE,0.5905023702494098
2025,20250326,20250326OBKT0,0.0,2025_HOLDOUT,V9_STYLE,0.6346309952494438
2025,20250326,20250326WOHT0,0.0,2025_HOLDOUT,V9_STYLE,0.5879632928983796
2025,20250327,20250327HHLG0,1.0,2025_HOLDOUT,V9_STYLE,0.5658744774858923
2025,20250327,20250327LTSK0,1.0,2025_HOLDOUT,V9_STYLE,0.5734473623149565
2025,20250327,20250327NCSS0,0.0,2025_HOLDOUT,V9_STYLE,0.5921414444347413
2025,20250327,20250327OBKT0,1.0,2025_HOLDOUT,V9_STYLE,0.5918269306042307
2025,20250327,20250327WOHT0,0.0,2025_HOLDOUT,V9_STYLE,0.5031490429385667
2025,20250328,20250328HTHH0,1.0,2025_HOLDOUT,V9_STYLE,0.402131283797381
2025,20250328,20250328KTLT0,0.0,2025_HOLDOUT,V9_STYLE,0.39017375886724387
2025,20250328,20250328LGNC0,0.0,2025_HOLDOUT,V9_STYLE,0.41744897451726504
2025,20250328,20250328SKWO0,1.0,2025_HOLDOUT,V9_STYLE,0.42179342373469164
2025,20250328,20250328SSOB0,1.0,2025_HOLDOUT,V9_STYLE,0.38915257465905606
2025,20250329,20250329HTHH0,1.0,2025_HOLDOUT,V9_STYLE,0.5433838942248086
2025,20250329,20250329KTLT0,1.0,2025_HOLDOUT,V9_STYLE,0.39146630726800424
2025,20250329,20250329LGNC0,0.0,2025_HOLDOUT,V9_STYLE,0.4157612545390731
2025,20250329,20250329SKWO0,1.0,2025_HOLDOUT,V9_STYLE,0.4499141236612668
2025,20250329,20250329SSOB0,0.0,2025_HOLDOUT,V9_STYLE,0.496843715663775
2025,20250330,20250330HTHH0,0.0,2025_HOLDOUT,V9_STYLE,0.5860418772683683
2025,20250330,20250330SKWO0,0.0,2025_HOLDOUT,V9_STYLE,0.41080689629586997
2025,20250330,20250330SSOB0,0.0,2025_HOLDOUT,V9_STYLE,0.39645840572203694
2025,20250402,20250402LGKT0,1.0,2025_HOLDOUT,V9_STYLE,0.39189113163222056
2025,20250402,20250402LTHH0,0.0,2025_HOLDOUT,V9_STYLE,0.5443381893667399
2025,20250402,20250402SSHT0,0.0,2025_HOLDOUT,V9_STYLE,0.42498278467606887
2025,20250402,20250402WOOB0,1.0,2025_HOLDOUT,V9_STYLE,0.3940524080032506
2025,20250403,20250403LGKT0,0.0,2025_HOLDOUT,V9_STYLE,0.4672190037753063
2025,20250403,20250403LTHH0,0.0,2025_HOLDOUT,V9_STYLE,0.5747889961625702
2025,20250403,20250403SSHT0,1.0,2025_HOLDOUT,V9_STYLE,0.37937417075592533
2025,20250403,20250403WOOB0,1.0,2025_HOLDOUT,V9_STYLE,0.496957047105092
2025,20250404,20250404HHSS0,1.0,2025_HOLDOUT,V9_STYLE,0.5362667647383222
2025,20250404,20250404HTLG0,1.0,2025_HOLDOUT,V9_STYLE,0.5625770158325498
2025,20250404,20250404KTSK0,1.0,2025_HOLDOUT,V9_STYLE,0.47451458421878673
2025,20250404,20250404NCWO0,1.0,2025_HOLDOUT,V9_STYLE,0.48866995426819093
2025,20250404,20250404OBLT0,0.0,2025_HOLDOUT,V9_STYLE,0.514325191126614
2025,20250405,20250405HHSS0,0.0,2025_HOLDOUT,V9_STYLE,0.39157043416415593
2025,20250405,20250405NCWO0,0.0,2025_HOLDOUT,V9_STYLE,0.4678661576488539
2025,20250405,20250405OBLT0,1.0,2025_HOLDOUT,V9_STYLE,0.5559968880739717
2025,20250406,20250406HHSS0,1.0,2025_HOLDOUT,V9_STYLE,0.5817593618768252
2025,20250406,20250406HTLG0,1.0,2025_HOLDOUT,V9_STYLE,0.5743709375558524
2025,20250406,20250406KTSK0,1.0,2025_HOLDOUT,V9_STYLE,0.5245520931279618
2025,20250406,20250406NCWO0,0.0,2025_HOLDOUT,V9_STYLE,0.4292846521743689
2025,20250406,20250406OBLT0,0.0,2025_HOLDOUT,V9_STYLE,0.6188410012437389
2025,20250408,20250408HHOB0,1.0,2025_HOLDOUT,V9_STYLE,0.48787197525897785
2025,20250408,20250408HTLT0,0.0,2025_HOLDOUT,V9_STYLE,0.4928686592956116
2025,20250408,20250408LGWO0,0.0,2025_HOLDOUT,V9_STYLE,0.3528831337130512
2025,20250408,20250408NCKT0,1.0,2025_HOLDOUT,V9_STYLE,0.6766068462052827
2025,20250408,20250408SKSS0,1.0,2025_HOLDOUT,V9_STYLE,0.4962907413394356
2025,20250409,20250409HHOB0,0.0,2025_HOLDOUT,V9_STYLE,0.5110560140184429
2025,20250409,20250409HTLT0,0.0,2025_HOLDOUT,V9_STYLE,0.34893979249001217
2025,20250409,20250409LGWO0,1.0,2025_HOLDOUT,V9_STYLE,0.43996228486307914
2025,20250409,20250409NCKT0,1.0,2025_HOLDOUT,V9_STYLE,0.5552509127165377
2025,20250409,20250409SKSS0,0.0,2025_HOLDOUT,V9_STYLE,0.5906546351350118
2025,20250410,20250410HHOB0,0.0,2025_HOLDOUT,V9_STYLE,0.5246324485259616
2025,20250410,20250410HTLT0,1.0,2025_HOLDOUT,V9_STYLE,0.5790822925383026
2025,20250410,20250410LGWO0,0.0,2025_HOLDOUT,V9_STYLE,0.38904426299930617
2025,20250410,20250410NCKT0,0.0,2025_HOLDOUT,V9_STYLE,0.4806664787019784
2025,20250410,20250410SKSS0,1.0,2025_HOLDOUT,V9_STYLE,0.5296371624876295
2025,20250411,20250411LTNC0,0.0,2025_HOLDOUT,V9_STYLE,0.4616362097515882
2025,20250411,20250411OBLG0,1.0,2025_HOLDOUT,V9_STYLE,0.5901823592100216
2025,20250411,20250411SKHT0,0.0,2025_HOLDOUT,V9_STYLE,0.5747694390740676
2025,20250411,20250411SSKT0,1.0,2025_HOLDOUT,V9_STYLE,0.552828297094745
2025,20250411,20250411WOHH0,1.0,2025_HOLDOUT,V9_STYLE,0.6266206181902695
2025,20250412,20250412LTNC0,0.0,2025_HOLDOUT,V9_STYLE,0.515095000751543
2025,20250412,20250412OBLG0,1.0,2025_HOLDOUT,V9_STYLE,0.6753767247548093
2025,20250412,20250412WOHH0,0.0,2025_HOLDOUT,V9_STYLE,0.528698072891149
2025,20250413,20250413LTNC0,1.0,2025_HOLDOUT,V9_STYLE,0.4991943478475857
2025,20250413,20250413OBLG0,0.0,2025_HOLDOUT,V9_STYLE,0.6231656433056715
2025,20250413,20250413SKHT0,1.0,2025_HOLDOUT,V9_STYLE,0.4536865457901648
2025,20250413,20250413SSKT0,1.0,2025_HOLDOUT,V9_STYLE,0.4497904260967848
2025,20250413,20250413WOHH0,1.0,2025_HOLDOUT,V9_STYLE,0.6347990034105898
2025,20250415,20250415HHSK0,0.0,2025_HOLDOUT,V9_STYLE,0.4613546933287239
2025,20250415,20250415KTHT0,1.0,2025_HOLDOUT,V9_STYLE,0.4708147531128385
2025,20250415,20250415SSLG0,1.0,2025_HOLDOUT,V9_STYLE,0.4074162706907695
2025,20250415,20250415WOLT0,1.0,2025_HOLDOUT,V9_STYLE,0.4408292139390293
2025,20250416,20250416HHSK0,0.0,2025_HOLDOUT,V9_STYLE,0.4843903781833048
2025,20250416,20250416KTHT0,0.0,2025_HOLDOUT,V9_STYLE,0.5066341349040514
2025,20250416,20250416SSLG0,1.0,2025_HOLDOUT,V9_STYLE,0.6043310812740377
2025,20250416,20250416WOLT0,1.0,2025_HOLDOUT,V9_STYLE,0.5245760618133815
2025,20250417,20250417HHSK0,0.0,2025_HOLDOUT,V9_STYLE,0.43535398618092375
2025,20250417,20250417KTHT0,1.0,2025_HOLDOUT,V9_STYLE,0.4303103244171674
2025,20250417,20250417SSLG0,0.0,2025_HOLDOUT,V9_STYLE,0.4828724932475526
2025,20250417,20250417WOLT0,1.0,2025_HOLDOUT,V9_STYLE,0.6273870331493715
2025,20250418,20250418HTOB0,1.0,2025_HOLDOUT,V9_STYLE,0.58911374267953
2025,20250418,20250418KTWO0,1.0,2025_HOLDOUT,V9_STYLE,0.27819201060099774
2025,20250418,20250418LGSK0,0.0,2025_HOLDOUT,V9_STYLE,0.27778085391804025
2025,20250418,20250418LTSS0,0.0,2025_HOLDOUT,V9_STYLE,0.44670726258777815
2025,20250418,20250418NCHH0,1.0,2025_HOLDOUT,V9_STYLE,0.46400684120041213
2025,20250419,20250419HTOB0,0.0,2025_HOLDOUT,V9_STYLE,0.41562498681087423
2025,20250419,20250419KTWO0,0.0,2025_HOLDOUT,V9_STYLE,0.3780944536042956
2025,20250419,20250419LGSK0,0.0,2025_HOLDOUT,V9_STYLE,0.3773769162526914
2025,20250419,20250419LTSS0,1.0,2025_HOLDOUT,V9_STYLE,0.3519725041670333
2025,20250419,20250419NCHH0,1.0,2025_HOLDOUT,V9_STYLE,0.542781742205525
2025,20250420,20250420HTOB0,0.0,2025_HOLDOUT,V9_STYLE,0.38899419691416226
2025,20250420,20250420KTWO0,0.0,2025_HOLDOUT,V9_STYLE,0.4208580889547441
2025,20250420,20250420LGSK0,1.0,2025_HOLDOUT,V9_STYLE,0.5497241397464474
2025,20250420,20250420LTSS0,0.0,2025_HOLDOUT,V9_STYLE,0.6182002590968806
2025,20250420,20250420NCHH0,1.0,2025_HOLDOUT,V9_STYLE,0.6716207708563956
2025,20250422,20250422NCLG0,0.0,2025_HOLDOUT,V9_STYLE,0.6096242240439841
2025,20250422,20250422OBWO0,1.0,2025_HOLDOUT,V9_STYLE,0.5589273069208539
2025,20250422,20250422SKKT0,1.0,2025_HOLDOUT,V9_STYLE,0.4930532340257121
2025,20250423,20250423HHLT0,0.0,2025_HOLDOUT,V9_STYLE,0.5134264834433575
2025,20250423,20250423HTSS0,1.0,2025_HOLDOUT,V9_STYLE,0.4826781620714339
2025,20250423,20250423NCLG0,1.0,2025_HOLDOUT,V9_STYLE,0.5402394463128233
2025,20250423,20250423OBWO0,0.0,2025_HOLDOUT,V9_STYLE,0.5441961904809062
2025,20250423,20250423SKKT0,0.0,2025_HOLDOUT,V9_STYLE,0.5277759582432947
2025,20250424,20250424HHLT0,1.0,2025_HOLDOUT,V9_STYLE,0.4985942202927359
2025,20250424,20250424HTSS0,1.0,2025_HOLDOUT,V9_STYLE,0.6626936462470407
2025,20250424,20250424NCLG0,0.0,2025_HOLDOUT,V9_STYLE,0.6131081752323351
2025,20250424,20250424OBWO0,0.0,2025_HOLDOUT,V9_STYLE,0.41184473773656527
2025,20250424,20250424SKKT0,0.0,2025_HOLDOUT,V9_STYLE,0.34756515085260314
2025,20250425,20250425KTHH0,0.0,2025_HOLDOUT,V9_STYLE,0.4468034281382536
2025,20250425,20250425LGHT0,0.0,2025_HOLDOUT,V9_STYLE,0.45192692511526
2025,20250425,20250425LTOB0,0.0,2025_HOLDOUT,V9_STYLE,0.37932597845909855
2025,20250425,20250425NCSS0,1.0,2025_HOLDOUT,V9_STYLE,0.5589707621114961
2025,20250425,20250425WOSK0,1.0,2025_HOLDOUT,V9_STYLE,0.5306853034937226
2025,20250426,20250426KTHH0,1.0,2025_HOLDOUT,V9_STYLE,0.40872659824025326
2025,20250426,20250426LGHT0,1.0,2025_HOLDOUT,V9_STYLE,0.6594732735630616
2025,20250426,20250426LTOB0,0.0,2025_HOLDOUT,V9_STYLE,0.5007356115966045
2025,20250426,20250426NCSS0,1.0,2025_HOLDOUT,V9_STYLE,0.6558367075591539
2025,20250426,20250426WOSK0,0.0,2025_HOLDOUT,V9_STYLE,0.4959102324136603
2025,20250427,20250427KTHH0,1.0,2025_HOLDOUT,V9_STYLE,0.6123902999764151
2025,20250427,20250427LGHT0,1.0,2025_HOLDOUT,V9_STYLE,0.5035428287992757
2025,20250427,20250427LTOB0,1.0,2025_HOLDOUT,V9_STYLE,0.4083021471493536
2025,20250427,20250427NCSS0,1.0,2025_HOLDOUT,V9_STYLE,0.5323316818725524
2025,20250427,20250427WOSK0,0.0,2025_HOLDOUT,V9_STYLE,0.45497670468069656
2025,20250429,20250429KTOB0,0.0,2025_HOLDOUT,V9_STYLE,0.45973440058136844
2025,20250429,20250429LGHH0,1.0,2025_HOLDOUT,V9_STYLE,0.5110022452577747
2025,20250429,20250429LTWO0,0.0,2025_HOLDOUT,V9_STYLE,0.3613983263990222
2025,20250429,20250429NCHT0,1.0,2025_HOLDOUT,V9_STYLE,0.49355164565283277
2025,20250429,20250429SSSK0,0.0,2025_HOLDOUT,V9_STYLE,0.45764324553415237
2025,20250430,20250430KTOB0,0.0,2025_HOLDOUT,V9_STYLE,0.4713201970312269
2025,20250430,20250430LGHH0,1.0,2025_HOLDOUT,V9_STYLE,0.47554613022579195
2025,20250430,20250430LTWO0,0.0,2025_HOLDOUT,V9_STYLE,0.2868200802583153
2025,20250430,20250430NCHT0,0.0,2025_HOLDOUT,V9_STYLE,0.4400597151204041
2025,20250501,20250501LTWO0,0.0,2025_HOLDOUT,V9_STYLE,0.33421172489053125
2025,20250501,20250501SSSK0,1.0,2025_HOLDOUT,V9_STYLE,0.492353733223298
2025,20250502,20250502HHHT0,0.0,2025_HOLDOUT,V9_STYLE,0.540393531048813
2025,20250502,20250502NCLT0,1.0,2025_HOLDOUT,V9_STYLE,0.5286047540321203
2025,20250502,20250502OBSS0,1.0,2025_HOLDOUT,V9_STYLE,0.5630562092532755
2025,20250502,20250502SKLG0,0.0,2025_HOLDOUT,V9_STYLE,0.49434876150536206
2025,20250502,20250502WOKT0,0.0,2025_HOLDOUT,V9_STYLE,0.5622625089727213
2025,20250503,20250503NCLT0,0.0,2025_HOLDOUT,V9_STYLE,0.5339559280072329
2025,20250503,20250503OBSS0,0.0,2025_HOLDOUT,V9_STYLE,0.601189660125725
2025,20250503,20250503SKLG0,1.0,2025_HOLDOUT,V9_STYLE,0.6035165111107653
2025,20250503,20250503WOKT0,1.0,2025_HOLDOUT,V9_STYLE,0.4596797267300062
2025,20250504,20250504HHHT0,0.0,2025_HOLDOUT,V9_STYLE,0.45496472719954023
2025,20250504,20250504NCLT0,0.0,2025_HOLDOUT,V9_STYLE,0.6342392595018834
2025,20250504,20250504OBSS0,0.0,2025_HOLDOUT,V9_STYLE,0.5014335022107883
2025,20250504,20250504SKLG0,1.0,2025_HOLDOUT,V9_STYLE,0.6074779737453806
2025,20250504,20250504WOKT0,1.0,2025_HOLDOUT,V9_STYLE,0.6248055695068918
2025,20250505,20250505HTWO0,0.0,2025_HOLDOUT,V9_STYLE,0.4192271244488448
2025,20250505,20250505LGOB0,1.0,2025_HOLDOUT,V9_STYLE,0.4857236715021887
2025,20250505,20250505NCKT0,0.0,2025_HOLDOUT,V9_STYLE,0.45433546147442044
2025,20250505,20250505SKLT0,0.0,2025_HOLDOUT,V9_STYLE,0.42490444242816394
2025,20250505,20250505SSHH0,1.0,2025_HOLDOUT,V9_STYLE,0.5674369827985353
2025,20250506,20250506HTWO0,0.0,2025_HOLDOUT,V9_STYLE,0.3434319080521327
2025,20250506,20250506LGOB0,0.0,2025_HOLDOUT,V9_STYLE,0.3297073361181121
2025,20250506,20250506NCKT0,0.0,2025_HOLDOUT,V9_STYLE,0.5338793290783129
2025,20250506,20250506SKLT0,1.0,2025_HOLDOUT,V9_STYLE,0.5697967027925356
2025,20250506,20250506SSHH0,1.0,2025_HOLDOUT,V9_STYLE,0.5370574837998172
2025,20250507,20250507HTWO0,1.0,2025_HOLDOUT,V9_STYLE,0.5886108543545855
2025,20250507,20250507LGOB0,1.0,2025_HOLDOUT,V9_STYLE,0.7155533152682412
2025,20250507,20250507NCKT0,0.0,2025_HOLDOUT,V9_STYLE,0.7200693581770277
2025,20250507,20250507SKLT0,1.0,2025_HOLDOUT,V9_STYLE,0.5936257805171229
2025,20250507,20250507SSHH0,1.0,2025_HOLDOUT,V9_STYLE,0.6218010318293753
2025,20250509,20250509HHWO0,0.0,2025_HOLDOUT,V9_STYLE,0.47327321587161836
2025,20250510,20250510HHWO0,0.0,2025_HOLDOUT,V9_STYLE,0.23169295781119476
2025,20250510,20250510HTSK0,0.0,2025_HOLDOUT,V9_STYLE,0.47602736447754845
2025,20250510,20250510LGSS1,0.0,2025_HOLDOUT,V9_STYLE,0.5520228717948874
2025,20250510,20250510LGSS2,0.0,2025_HOLDOUT,V9_STYLE,0.4140134250346878
2025,20250510,20250510LTKT0,0.0,2025_HOLDOUT,V9_STYLE,0.6225209375486757
2025,20250511,20250511HHWO0,0.0,2025_HOLDOUT,V9_STYLE,0.31764616033773563
2025,20250511,20250511HTSK1,1.0,2025_HOLDOUT,V9_STYLE,0.4017846161739174
2025,20250511,20250511HTSK2,1.0,2025_HOLDOUT,V9_STYLE,0.4533810778186407
2025,20250511,20250511LGSS0,0.0,2025_HOLDOUT,V9_STYLE,0.5114913771513541
2025,20250511,20250511LTKT1,0.0,2025_HOLDOUT,V9_STYLE,0.40958868446786956
2025,20250511,20250511NCOB1,0.0,2025_HOLDOUT,V9_STYLE,0.5235140510240452
2025,20250511,20250511NCOB2,0.0,2025_HOLDOUT,V9_STYLE,0.47624886398443794
2025,20250513,20250513KTSS0,1.0,2025_HOLDOUT,V9_STYLE,0.4155734850834364
2025,20250513,20250513LTHT0,1.0,2025_HOLDOUT,V9_STYLE,0.37678456040062414
2025,20250513,20250513NCSK0,1.0,2025_HOLDOUT,V9_STYLE,0.4185493540992129
2025,20250513,20250513OBHH0,0.0,2025_HOLDOUT,V9_STYLE,0.6602920344186052
2025,20250513,20250513WOLG0,1.0,2025_HOLDOUT,V9_STYLE,0.7153499553586354
2025,20250514,20250514KTSS0,0.0,2025_HOLDOUT,V9_STYLE,0.5158113656754599
2025,20250514,20250514LTHT0,0.0,2025_HOLDOUT,V9_STYLE,0.3967494751397999
2025,20250514,20250514NCSK0,0.0,2025_HOLDOUT,V9_STYLE,0.5827460033367582
2025,20250514,20250514OBHH0,0.0,2025_HOLDOUT,V9_STYLE,0.5341848645077861
2025,20250514,20250514WOLG0,1.0,2025_HOLDOUT,V9_STYLE,0.5080817465843147
2025,20250515,20250515KTSS0,1.0,2025_HOLDOUT,V9_STYLE,0.47945864761120544
2025,20250515,20250515LTHT0,1.0,2025_HOLDOUT,V9_STYLE,0.5658983346945824
2025,20250515,20250515NCSK0,1.0,2025_HOLDOUT,V9_STYLE,0.5358985149614268
2025,20250515,20250515OBHH0,0.0,2025_HOLDOUT,V9_STYLE,0.5333723076405474
2025,20250515,20250515WOLG0,1.0,2025_HOLDOUT,V9_STYLE,0.5614006392936638
2025,20250517,20250517KTLG1,0.0,2025_HOLDOUT,V9_STYLE,0.5483936923419641
2025,20250517,20250517KTLG2,0.0,2025_HOLDOUT,V9_STYLE,0.5031094988837356
2025,20250517,20250517OBHT1,1.0,2025_HOLDOUT,V9_STYLE,0.5468746559926475
2025,20250517,20250517OBHT2,1.0,2025_HOLDOUT,V9_STYLE,0.5795487025255287
2025,20250517,20250517SKHH1,1.0,2025_HOLDOUT,V9_STYLE,0.6074297649884155
2025,20250517,20250517SKHH2,0.0,2025_HOLDOUT,V9_STYLE,0.5547037617884012
2025,20250517,20250517SSLT1,1.0,2025_HOLDOUT,V9_STYLE,0.5739464128644618
2025,20250517,20250517SSLT2,1.0,2025_HOLDOUT,V9_STYLE,0.39304012906452374
2025,20250517,20250517WONC1,1.0,2025_HOLDOUT,V9_STYLE,0.6198986936313285
2025,20250517,20250517WONC2,0.0,2025_HOLDOUT,V9_STYLE,0.5212936374623436
2025,20250518,20250518KTLG0,1.0,2025_HOLDOUT,V9_STYLE,0.5294054783961178
2025,20250518,20250518OBHT0,1.0,2025_HOLDOUT,V9_STYLE,0.5390461156385412
2025,20250518,20250518SKHH0,0.0,2025_HOLDOUT,V9_STYLE,0.5870351673451033
2025,20250518,20250518SSLT0,1.0,2025_HOLDOUT,V9_STYLE,0.6384495535948475
2025,20250518,20250518WONC0,1.0,2025_HOLDOUT,V9_STYLE,0.674035326540295
2025,20250520,20250520HHNC0,0.0,2025_HOLDOUT,V9_STYLE,0.3127570867338205
2025,20250520,20250520HTKT0,1.0,2025_HOLDOUT,V9_STYLE,0.489615831214153
2025,20250520,20250520LGLT0,0.0,2025_HOLDOUT,V9_STYLE,0.30023285367954017
2025,20250520,20250520SKOB0,0.0,2025_HOLDOUT,V9_STYLE,0.564036807336206
2025,20250520,20250520SSWO0,0.0,2025_HOLDOUT,V9_STYLE,0.43170648083386404
2025,20250521,20250521HHNC0,1.0,2025_HOLDOUT,V9_STYLE,0.590433615391734
2025,20250521,20250521HTKT0,1.0,2025_HOLDOUT,V9_STYLE,0.4936423271957802
2025,20250521,20250521SKOB0,0.0,2025_HOLDOUT,V9_STYLE,0.4090208405643826
2025,20250521,20250521SSWO0,0.0,2025_HOLDOUT,V9_STYLE,0.40734173374952914
2025,20250522,20250522HHNC0,1.0,2025_HOLDOUT,V9_STYLE,0.29672316629768625
2025,20250522,20250522HTKT0,0.0,2025_HOLDOUT,V9_STYLE,0.4768359268199884
2025,20250522,20250522LGLT0,1.0,2025_HOLDOUT,V9_STYLE,0.4348105419627375
2025,20250522,20250522SKOB0,1.0,2025_HOLDOUT,V9_STYLE,0.39479975557180125
2025,20250522,20250522SSWO0,0.0,2025_HOLDOUT,V9_STYLE,0.38474626928768185
2025,20250523,20250523HTSS0,0.0,2025_HOLDOUT,V9_STYLE,0.3832706463036623
2025,20250523,20250523KTWO0,0.0,2025_HOLDOUT,V9_STYLE,0.4055243026250922
2025,20250523,20250523LGSK0,0.0,2025_HOLDOUT,V9_STYLE,0.5130266822204316
2025,20250523,20250523LTHH0,1.0,2025_HOLDOUT,V9_STYLE,0.4585793751857952
2025,20250524,20250524HTSS0,1.0,2025_HOLDOUT,V9_STYLE,0.44199526997599925
2025,20250524,20250524KTWO0,0.0,2025_HOLDOUT,V9_STYLE,0.299919070634397
2025,20250524,20250524LGSK0,1.0,2025_HOLDOUT,V9_STYLE,0.37563925043797475
2025,20250524,20250524LTHH0,0.0,2025_HOLDOUT,V9_STYLE,0.4612822170512666
2025,20250524,20250524NCOB0,0.0,2025_HOLDOUT,V9_STYLE,0.3709804053749368
2025,20250525,20250525HTSS0,1.0,2025_HOLDOUT,V9_STYLE,0.6292016701958059
2025,20250525,20250525KTWO0,0.0,2025_HOLDOUT,V9_STYLE,0.28520821677904984
2025,20250525,20250525LGSK0,0.0,2025_HOLDOUT,V9_STYLE,0.3936529457755532
2025,20250525,20250525LTHH0,1.0,2025_HOLDOUT,V9_STYLE,0.4912997300468058
2025,20250525,20250525NCOB0,1.0,2025_HOLDOUT,V9_STYLE,0.5388282168187836
2025,20250527,20250527HHLG0,1.0,2025_HOLDOUT,V9_STYLE,0.6465041393909989
2025,20250527,20250527LTSS0,1.0,2025_HOLDOUT,V9_STYLE,0.5645814338340004
2025,20250527,20250527OBKT0,1.0,2025_HOLDOUT,V9_STYLE,0.6343704799650202
2025,20250527,20250527WOHT0,1.0,2025_HOLDOUT,V9_STYLE,0.5214799517289032
2025,20250528,20250528HHLG0,0.0,2025_HOLDOUT,V9_STYLE,0.3192204462823722
2025,20250528,20250528NCSK0,1.0,2025_HOLDOUT,V9_STYLE,0.6015823500869778
2025,20250528,20250528OBKT0,0.0,2025_HOLDOUT,V9_STYLE,0.5548502440050109
2025,20250528,20250528WOHT0,1.0,2025_HOLDOUT,V9_STYLE,0.56758243937911
2025,20250529,20250529HHLG0,1.0,2025_HOLDOUT,V9_STYLE,0.4341085377581394
2025,20250529,20250529LTSS0,1.0,2025_HOLDOUT,V9_STYLE,0.37759698563272
2025,20250529,20250529NCSK0,1.0,2025_HOLDOUT,V9_STYLE,0.4071485263972934
2025,20250529,20250529OBKT0,1.0,2025_HOLDOUT,V9_STYLE,0.5090924149710803
2025,20250530,20250530HHNC0,0.0,2025_HOLDOUT,V9_STYLE,0.46783894495325895
2025,20250530,20250530HTKT0,1.0,2025_HOLDOUT,V9_STYLE,0.5360946939170049
2025,20250530,20250530OBWO0,0.0,2025_HOLDOUT,V9_STYLE,0.40522927344459886
2025,20250530,20250530SKLT0,1.0,2025_HOLDOUT,V9_STYLE,0.5625984538372575
2025,20250530,20250530SSLG0,0.0,2025_HOLDOUT,V9_STYLE,0.5355781166005255
2025,20250531,20250531HHNC0,0.0,2025_HOLDOUT,V9_STYLE,0.4548299394421093
2025,20250531,20250531HTKT0,1.0,2025_HOLDOUT,V9_STYLE,0.6475985021339169
2025,20250531,20250531OBWO0,1.0,2025_HOLDOUT,V9_STYLE,0.45081256779055995
2025,20250531,20250531SKLT0,0.0,2025_HOLDOUT,V9_STYLE,0.5182549293868584
2025,20250531,20250531SSLG0,0.0,2025_HOLDOUT,V9_STYLE,0.49695325323728917
2025,20250601,20250601HHNC0,1.0,2025_HOLDOUT,V9_STYLE,0.5360715726568833
2025,20250601,20250601HTKT0,0.0,2025_HOLDOUT,V9_STYLE,0.3757659787507134
2025,20250601,20250601OBWO0,1.0,2025_HOLDOUT,V9_STYLE,0.48192103733520736
2025,20250601,20250601SKLT0,0.0,2025_HOLDOUT,V9_STYLE,0.34089700802102185
2025,20250601,20250601SSLG0,0.0,2025_HOLDOUT,V9_STYLE,0.546279111656048
2025,20250603,20250603HTOB0,0.0,2025_HOLDOUT,V9_STYLE,0.42626549831950566
2025,20250603,20250603KTHH0,1.0,2025_HOLDOUT,V9_STYLE,0.6139494878521985
2025,20250603,20250603LGNC0,0.0,2025_HOLDOUT,V9_STYLE,0.3160437279588217
2025,20250603,20250603SSSK0,1.0,2025_HOLDOUT,V9_STYLE,0.40575277363691453
2025,20250603,20250603WOLT0,1.0,2025_HOLDOUT,V9_STYLE,0.5751394022386367
2025,20250604,20250604HTOB0,0.0,2025_HOLDOUT,V9_STYLE,0.3281202804399601
2025,20250604,20250604KTHH0,1.0,2025_HOLDOUT,V9_STYLE,0.5665959171462965
2025,20250604,20250604LGNC0,1.0,2025_HOLDOUT,V9_STYLE,0.4337309866226968
2025,20250604,20250604SSSK0,1.0,2025_HOLDOUT,V9_STYLE,0.4422586852006211
2025,20250604,20250604WOLT0,0.0,2025_HOLDOUT,V9_STYLE,0.6566907110238872
2025,20250605,20250605HTOB0,1.0,2025_HOLDOUT,V9_STYLE,0.39734849161430863
2025,20250605,20250605KTHH0,0.0,2025_HOLDOUT,V9_STYLE,0.5292185014323257
2025,20250605,20250605LGNC0,0.0,2025_HOLDOUT,V9_STYLE,0.5492358137024705
2025,20250605,20250605SSSK0,0.0,2025_HOLDOUT,V9_STYLE,0.5719387275621087
2025,20250605,20250605WOLT0,0.0,2025_HOLDOUT,V9_STYLE,0.5759244480323499
2025,20250606,20250606HHHT0,1.0,2025_HOLDOUT,V9_STYLE,0.46709887389468
2025,20250606,20250606LGWO0,1.0,2025_HOLDOUT,V9_STYLE,0.42428560069119436
2025,20250606,20250606LTOB0,1.0,2025_HOLDOUT,V9_STYLE,0.550235255447581
2025,20250606,20250606NCSS0,1.0,2025_HOLDOUT,V9_STYLE,0.6097137899711568
2025,20250606,20250606SKKT0,1.0,2025_HOLDOUT,V9_STYLE,0.5607168996086815
2025,20250607,20250607HHHT0,0.0,2025_HOLDOUT,V9_STYLE,0.6504341538078489
2025,20250607,20250607LGWO0,1.0,2025_HOLDOUT,V9_STYLE,0.3595697171314195
2025,20250607,20250607LTOB0,0.0,2025_HOLDOUT,V9_STYLE,0.5339479242566524
2025,20250607,20250607NCSS0,0.0,2025_HOLDOUT,V9_STYLE,0.5257748169450189
2025,20250607,20250607SKKT0,1.0,2025_HOLDOUT,V9_STYLE,0.5065047782821323
2025,20250608,20250608HHHT0,1.0,2025_HOLDOUT,V9_STYLE,0.3972462252698521
2025,20250608,20250608LGWO0,0.0,2025_HOLDOUT,V9_STYLE,0.38109828158083137
2025,20250608,20250608LTOB0,0.0,2025_HOLDOUT,V9_STYLE,0.4095635631077912
2025,20250608,20250608NCSS0,1.0,2025_HOLDOUT,V9_STYLE,0.7665596359938749
2025,20250608,20250608SKKT0,0.0,2025_HOLDOUT,V9_STYLE,0.5715866565751888
2025,20250610,20250610LTKT0,1.0,2025_HOLDOUT,V9_STYLE,0.4381297385022843
2025,20250610,20250610OBHH0,1.0,2025_HOLDOUT,V9_STYLE,0.5900210317053941
2025,20250610,20250610SKLG0,0.0,2025_HOLDOUT,V9_STYLE,0.5983841276639787
2025,20250610,20250610SSHT0,0.0,2025_HOLDOUT,V9_STYLE,0.599166072066687
2025,20250611,20250611LTKT0,0.0,2025_HOLDOUT,V9_STYLE,0.5418449907448531
2025,20250611,20250611NCWO0,0.0,2025_HOLDOUT,V9_STYLE,0.4492733202401187
2025,20250611,20250611OBHH0,1.0,2025_HOLDOUT,V9_STYLE,0.4832869014616413
2025,20250611,20250611SKLG0,1.0,2025_HOLDOUT,V9_STYLE,0.4647347165792915
2025,20250611,20250611SSHT0,1.0,2025_HOLDOUT,V9_STYLE,0.5947898025862381
2025,20250612,20250612LTKT0,0.0,2025_HOLDOUT,V9_STYLE,0.6298538223595466
2025,20250612,20250612NCWO0,0.0,2025_HOLDOUT,V9_STYLE,0.48911381316156655
2025,20250612,20250612OBHH0,1.0,2025_HOLDOUT,V9_STYLE,0.4243521973366188
2025,20250612,20250612SKLG0,1.0,2025_HOLDOUT,V9_STYLE,0.6081675506162689
2025,20250612,20250612SSHT0,0.0,2025_HOLDOUT,V9_STYLE,0.4513953968890007
2025,20250613,20250613HTNC0,1.0,2025_HOLDOUT,V9_STYLE,0.4206532801069287
2025,20250614,20250614HTNC0,0.0,2025_HOLDOUT,V9_STYLE,0.3017161367758496
2025,20250614,20250614KTSS0,0.0,2025_HOLDOUT,V9_STYLE,0.6110978625330914
2025,20250614,20250614LTSK0,0.0,2025_HOLDOUT,V9_STYLE,0.4464246583413378
2025,20250614,20250614WOOB0,1.0,2025_HOLDOUT,V9_STYLE,0.4753261505089809
2025,20250615,20250615HTNC0,0.0,2025_HOLDOUT,V9_STYLE,0.43334394891288197
2025,20250615,20250615KTSS0,0.0,2025_HOLDOUT,V9_STYLE,0.39838916885652687
2025,20250615,20250615LGHH0,1.0,2025_HOLDOUT,V9_STYLE,0.4686153766577208
2025,20250615,20250615LTSK0,1.0,2025_HOLDOUT,V9_STYLE,0.6144562246110528
2025,20250615,20250615WOOB0,1.0,2025_HOLDOUT,V9_STYLE,0.49928166585851563
2025,20250617,20250617HHLT0,0.0,2025_HOLDOUT,V9_STYLE,0.4408987513025466
2025,20250617,20250617KTHT0,1.0,2025_HOLDOUT,V9_STYLE,0.4136615817671165
2025,20250617,20250617NCLG0,0.0,2025_HOLDOUT,V9_STYLE,0.4476306184944943
2025,20250617,20250617OBSS0,1.0,2025_HOLDOUT,V9_STYLE,0.5788605272621196
2025,20250617,20250617SKWO0,0.0,2025_HOLDOUT,V9_STYLE,0.3976391710030333
2025,20250618,20250618HHLT0,1.0,2025_HOLDOUT,V9_STYLE,0.4177002198604053
2025,20250618,20250618KTHT0,1.0,2025_HOLDOUT,V9_STYLE,0.36193318567803123
2025,20250618,20250618NCLG0,1.0,2025_HOLDOUT,V9_STYLE,0.6424461408205455
2025,20250618,20250618OBSS0,1.0,2025_HOLDOUT,V9_STYLE,0.5443984879257524
2025,20250618,20250618SKWO0,1.0,2025_HOLDOUT,V9_STYLE,0.5491085815584652
2025,20250619,20250619HHLT0,1.0,2025_HOLDOUT,V9_STYLE,0.5224043031969506
2025,20250619,20250619KTHT0,1.0,2025_HOLDOUT,V9_STYLE,0.6008708435094077
2025,20250619,20250619NCLG0,0.0,2025_HOLDOUT,V9_STYLE,0.29881234270938145
2025,20250619,20250619OBSS0,0.0,2025_HOLDOUT,V9_STYLE,0.3884145140030902
2025,20250619,20250619SKWO0,0.0,2025_HOLDOUT,V9_STYLE,0.49522374662732943
2025,20250620,20250620SSLT0,1.0,2025_HOLDOUT,V9_STYLE,0.6707386793194343
2025,20250621,20250621NCKT0,1.0,2025_HOLDOUT,V9_STYLE,0.6318635939343088
2025,20250621,20250621OBLG0,0.0,2025_HOLDOUT,V9_STYLE,0.5385454600785573
2025,20250622,20250622HTSK0,0.0,2025_HOLDOUT,V9_STYLE,0.47655459494672436
2025,20250622,20250622NCKT0,0.0,2025_HOLDOUT,V9_STYLE,0.4443277267563584
2025,20250622,20250622OBLG0,1.0,2025_HOLDOUT,V9_STYLE,0.5956725793267719
2025,20250622,20250622SSLT0,1.0,2025_HOLDOUT,V9_STYLE,0.4655983637764569
2025,20250622,20250622WOHH0,1.0,2025_HOLDOUT,V9_STYLE,0.6659361305180687
2025,20250624,20250624HTWO0,1.0,2025_HOLDOUT,V9_STYLE,0.44056768986671985
2025,20250624,20250624LGKT0,1.0,2025_HOLDOUT,V9_STYLE,0.4606384558718778
2025,20250624,20250624SKOB0,1.0,2025_HOLDOUT,V9_STYLE,0.38201363872228983
2025,20250625,20250625HHSS0,1.0,2025_HOLDOUT,V9_STYLE,0.4391596163932049
2025,20250625,20250625HTWO0,0.0,2025_HOLDOUT,V9_STYLE,0.3727242651476585
2025,20250625,20250625LTNC0,1.0,2025_HOLDOUT,V9_STYLE,0.4799584743721673
2025,20250626,20250626HHSS0,0.0,2025_HOLDOUT,V9_STYLE,0.4166489229259752
2025,20250626,20250626LGKT0,0.0,2025_HOLDOUT,V9_STYLE,0.46134332020229213
2025,20250626,20250626LTNC0,0.0,2025_HOLDOUT,V9_STYLE,0.353887148246842
2025,20250626,20250626SKOB0,0.0,2025_HOLDOUT,V9_STYLE,0.5249391748795833
2025,20250627,20250627HHSK0,1.0,2025_HOLDOUT,V9_STYLE,0.4779816436214749
2025,20250627,20250627HTLG0,1.0,2025_HOLDOUT,V9_STYLE,0.4901545598489559
2025,20250627,20250627KTLT0,0.0,2025_HOLDOUT,V9_STYLE,0.34961802047277085
2025,20250627,20250627OBNC0,1.0,2025_HOLDOUT,V9_STYLE,0.5308360415658584
2025,20250627,20250627SSWO0,1.0,2025_HOLDOUT,V9_STYLE,0.43234734023750215
2025,20250628,20250628HHSK0,0.0,2025_HOLDOUT,V9_STYLE,0.4664854337456836
2025,20250628,20250628HTLG0,0.0,2025_HOLDOUT,V9_STYLE,0.521739142138417
2025,20250628,20250628KTLT0,0.0,2025_HOLDOUT,V9_STYLE,0.443794654359186
2025,20250628,20250628OBNC0,1.0,2025_HOLDOUT,V9_STYLE,0.49325431972091455
2025,20250628,20250628SSWO0,1.0,2025_HOLDOUT,V9_STYLE,0.37644975079241305
2025,20250629,20250629HHSK0,1.0,2025_HOLDOUT,V9_STYLE,0.4412310262205386
2025,20250629,20250629HTLG0,0.0,2025_HOLDOUT,V9_STYLE,0.6000774139402466
2025,20250629,20250629KTLT0,1.0,2025_HOLDOUT,V9_STYLE,0.568046076049143
2025,20250629,20250629OBNC0,0.0,2025_HOLDOUT,V9_STYLE,0.4670416342603207
2025,20250629,20250629SSWO0,1.0,2025_HOLDOUT,V9_STYLE,0.44550219655096385
2025,20250701,20250701LGLT0,0.0,2025_HOLDOUT,V9_STYLE,0.5450770541290901
2025,20250701,20250701NCHH0,1.0,2025_HOLDOUT,V9_STYLE,0.5253607974012043
2025,20250701,20250701SKHT0,1.0,2025_HOLDOUT,V9_STYLE,0.4084701173739352
2025,20250701,20250701SSOB0,0.0,2025_HOLDOUT,V9_STYLE,0.3610400154497595
2025,20250701,20250701WOKT0,0.0,2025_HOLDOUT,V9_STYLE,0.6339371968262864
2025,20250702,20250702LGLT0,1.0,2025_HOLDOUT,V9_STYLE,0.4859593702968961
2025,20250702,20250702NCHH0,0.0,2025_HOLDOUT,V9_STYLE,0.6838863633533593
2025,20250702,20250702SKHT0,0.0,2025_HOLDOUT,V9_STYLE,0.4617606545514
2025,20250702,20250702SSOB0,1.0,2025_HOLDOUT,V9_STYLE,0.5031190704454115
2025,20250702,20250702WOKT0,1.0,2025_HOLDOUT,V9_STYLE,0.5188536809674497
2025,20250703,20250703LGLT0,1.0,2025_HOLDOUT,V9_STYLE,0.38809448244455724
2025,20250703,20250703SKHT0,1.0,2025_HOLDOUT,V9_STYLE,0.5498111147888003
2025,20250703,20250703SSOB0,0.0,2025_HOLDOUT,V9_STYLE,0.4939021990587743
2025,20250703,20250703WOKT0,1.0,2025_HOLDOUT,V9_STYLE,0.6074088690762733
2025,20250704,20250704HHWO0,0.0,2025_HOLDOUT,V9_STYLE,0.32477304115168937
2025,20250704,20250704KTOB0,0.0,2025_HOLDOUT,V9_STYLE,0.5102045882185119
2025,20250704,20250704LGSS0,1.0,2025_HOLDOUT,V9_STYLE,0.4026006377045036
2025,20250704,20250704LTHT0,1.0,2025_HOLDOUT,V9_STYLE,0.6092401883918012
2025,20250704,20250704SKNC0,0.0,2025_HOLDOUT,V9_STYLE,0.44111547068112666
2025,20250705,20250705HHWO0,0.0,2025_HOLDOUT,V9_STYLE,0.3491405681965673
2025,20250705,20250705KTOB0,1.0,2025_HOLDOUT,V9_STYLE,0.4233671106880276
2025,20250705,20250705LGSS0,1.0,2025_HOLDOUT,V9_STYLE,0.3395622647392088
2025,20250705,20250705LTHT0,1.0,2025_HOLDOUT,V9_STYLE,0.46833173447193904
2025,20250705,20250705SKNC0,0.0,2025_HOLDOUT,V9_STYLE,0.41395503497469943
2025,20250706,20250706HHWO0,0.0,2025_HOLDOUT,V9_STYLE,0.30675669062884153
2025,20250706,20250706KTOB0,1.0,2025_HOLDOUT,V9_STYLE,0.41254989282843685
2025,20250706,20250706LGSS0,0.0,2025_HOLDOUT,V9_STYLE,0.5707153194816704
2025,20250706,20250706LTHT0,0.0,2025_HOLDOUT,V9_STYLE,0.33966641290322386
2025,20250706,20250706SKNC0,1.0,2025_HOLDOUT,V9_STYLE,0.5982826323536977
2025,20250708,20250708HTHH0,1.0,2025_HOLDOUT,V9_STYLE,0.5793995317832045
2025,20250708,20250708KTSK0,1.0,2025_HOLDOUT,V9_STYLE,0.5765865952653897
2025,20250708,20250708OBLT0,0.0,2025_HOLDOUT,V9_STYLE,0.4708304496550509
2025,20250708,20250708SSNC0,1.0,2025_HOLDOUT,V9_STYLE,0.40558760848639885
2025,20250708,20250708WOLG0,1.0,2025_HOLDOUT,V9_STYLE,0.5273625993237979
2025,20250709,20250709HTHH0,1.0,2025_HOLDOUT,V9_STYLE,0.4666100142817969
2025,20250709,20250709KTSK0,0.0,2025_HOLDOUT,V9_STYLE,0.41894265126059016
2025,20250709,20250709OBLT0,1.0,2025_HOLDOUT,V9_STYLE,0.4562536954951214
2025,20250709,20250709SSNC0,1.0,2025_HOLDOUT,V9_STYLE,0.4816147128329391
2025,20250709,20250709WOLG0,1.0,2025_HOLDOUT,V9_STYLE,0.5908032748231523
2025,20250710,20250710HTHH0,1.0,2025_HOLDOUT,V9_STYLE,0.34746910174645046
2025,20250710,20250710KTSK0,0.0,2025_HOLDOUT,V9_STYLE,0.5110242807242654
2025,20250710,20250710OBLT0,0.0,2025_HOLDOUT,V9_STYLE,0.42219678053644544
2025,20250710,20250710SSNC0,1.0,2025_HOLDOUT,V9_STYLE,0.5619791979817899
2025,20250710,20250710WOLG0,0.0,2025_HOLDOUT,V9_STYLE,0.5309036382593628
2025,20250718,20250718HHKT0,0.0,2025_HOLDOUT,V9_STYLE,0.36459800029474665
2025,20250718,20250718LTLG0,1.0,2025_HOLDOUT,V9_STYLE,0.45750286017386343
2025,20250719,20250719HHKT0,0.0,2025_HOLDOUT,V9_STYLE,0.4322052568561986
2025,20250719,20250719LTLG0,0.0,2025_HOLDOUT,V9_STYLE,0.4326869642213229
2025,20250719,20250719OBSK0,0.0,2025_HOLDOUT,V9_STYLE,0.5931294447235926
2025,20250720,20250720HHKT0,0.0,2025_HOLDOUT,V9_STYLE,0.4728065581247185
2025,20250720,20250720LTLG0,1.0,2025_HOLDOUT,V9_STYLE,0.6076389988018343
2025,20250720,20250720NCHT0,1.0,2025_HOLDOUT,V9_STYLE,0.37410450199812484
2025,20250720,20250720OBSK0,0.0,2025_HOLDOUT,V9_STYLE,0.5018738505678115
2025,20250720,20250720WOSS0,1.0,2025_HOLDOUT,V9_STYLE,0.5551651469339114
2025,20250722,20250722HHOB0,0.0,2025_HOLDOUT,V9_STYLE,0.4480563028822863
2025,20250722,20250722KTNC0,0.0,2025_HOLDOUT,V9_STYLE,0.46974370478863
2025,20250722,20250722LGHT0,0.0,2025_HOLDOUT,V9_STYLE,0.5550946913668272
2025,20250722,20250722LTWO0,1.0,2025_HOLDOUT,V9_STYLE,0.4606426890969377
2025,20250722,20250722SKSS0,1.0,2025_HOLDOUT,V9_STYLE,0.48069437385561226
2025,20250723,20250723HHOB0,1.0,2025_HOLDOUT,V9_STYLE,0.4715757854823317
2025,20250723,20250723KTNC0,0.0,2025_HOLDOUT,V9_STYLE,0.6042405867997418
2025,20250723,20250723LGHT0,0.0,2025_HOLDOUT,V9_STYLE,0.44674234603064233
2025,20250723,20250723LTWO0,0.0,2025_HOLDOUT,V9_STYLE,0.47207817232835986
2025,20250723,20250723SKSS0,1.0,2025_HOLDOUT,V9_STYLE,0.5075868081677185
2025,20250724,20250724KTNC0,0.0,2025_HOLDOUT,V9_STYLE,0.3970371885522918
2025,20250724,20250724LGHT0,0.0,2025_HOLDOUT,V9_STYLE,0.46386422294415425
2025,20250724,20250724LTWO0,0.0,2025_HOLDOUT,V9_STYLE,0.36807689866961146
2025,20250724,20250724SKSS0,0.0,2025_HOLDOUT,V9_STYLE,0.5255831644345029
2025,20250725,20250725HTLT0,1.0,2025_HOLDOUT,V9_STYLE,0.6818882958419019
2025,20250725,20250725LGOB0,0.0,2025_HOLDOUT,V9_STYLE,0.4528514247525743
2025,20250725,20250725SKHH0,1.0,2025_HOLDOUT,V9_STYLE,0.532918398666666
2025,20250725,20250725SSKT0,1.0,2025_HOLDOUT,V9_STYLE,0.6282386901994222
2025,20250725,20250725WONC0,1.0,2025_HOLDOUT,V9_STYLE,0.47157452730128635
2025,20250726,20250726HTLT0,1.0,2025_HOLDOUT,V9_STYLE,0.634381092190082
2025,20250726,20250726LGOB0,0.0,2025_HOLDOUT,V9_STYLE,0.40491443105063896
2025,20250726,20250726SKHH0,0.0,2025_HOLDOUT,V9_STYLE,0.5566279835169748
2025,20250726,20250726SSKT0,0.0,2025_HOLDOUT,V9_STYLE,0.505475326836561
2025,20250726,20250726WONC0,1.0,2025_HOLDOUT,V9_STYLE,0.5035714349974
2025,20250727,20250727HTLT0,1.0,2025_HOLDOUT,V9_STYLE,0.3968015821080735
2025,20250727,20250727LGOB0,1.0,2025_HOLDOUT,V9_STYLE,0.6875991254933157
2025,20250727,20250727SKHH0,0.0,2025_HOLDOUT,V9_STYLE,0.5230872064891274
2025,20250727,20250727SSKT0,1.0,2025_HOLDOUT,V9_STYLE,0.5280732910941565
2025,20250727,20250727WONC0,1.0,2025_HOLDOUT,V9_STYLE,0.6108050988108898
2025,20250729,20250729KTLG0,1.0,2025_HOLDOUT,V9_STYLE,0.548248459751533
2025,20250729,20250729NCLT0,1.0,2025_HOLDOUT,V9_STYLE,0.5146031145929648
2025,20250729,20250729OBHT0,0.0,2025_HOLDOUT,V9_STYLE,0.5389993519744432
2025,20250729,20250729SSHH0,0.0,2025_HOLDOUT,V9_STYLE,0.42858632751138936
2025,20250729,20250729WOSK0,1.0,2025_HOLDOUT,V9_STYLE,0.41707723848675576
2025,20250730,20250730KTLG0,1.0,2025_HOLDOUT,V9_STYLE,0.6057628832223906
2025,20250730,20250730NCLT0,0.0,2025_HOLDOUT,V9_STYLE,0.6947406102990299
2025,20250730,20250730SSHH0,1.0,2025_HOLDOUT,V9_STYLE,0.6428813529295044
2025,20250731,20250731KTLG0,1.0,2025_HOLDOUT,V9_STYLE,0.4840965475438861
2025,20250731,20250731NCLT0,1.0,2025_HOLDOUT,V9_STYLE,0.6441498562694713
2025,20250731,20250731OBHT0,1.0,2025_HOLDOUT,V9_STYLE,0.35706439538999546
2025,20250731,20250731SSHH0,1.0,2025_HOLDOUT,V9_STYLE,0.7931928295271536
2025,20250731,20250731WOSK0,1.0,2025_HOLDOUT,V9_STYLE,0.666743013392611
2025,20250801,20250801HHHT0,1.0,2025_HOLDOUT,V9_STYLE,0.2526787948113417
2025,20250801,20250801KTNC0,1.0,2025_HOLDOUT,V9_STYLE,0.4148910423056136
2025,20250801,20250801LGSS0,0.0,2025_HOLDOUT,V9_STYLE,0.4749119985697285
2025,20250801,20250801LTWO0,1.0,2025_HOLDOUT,V9_STYLE,0.531676647347913
2025,20250801,20250801SKOB0,0.0,2025_HOLDOUT,V9_STYLE,0.436943320606415
2025,20250802,20250802KTNC0,1.0,2025_HOLDOUT,V9_STYLE,0.682253273834212
2025,20250802,20250802LGSS0,0.0,2025_HOLDOUT,V9_STYLE,0.4809832462398444
2025,20250802,20250802LTWO0,0.0,2025_HOLDOUT,V9_STYLE,0.42148716993874485
2025,20250802,20250802SKOB0,1.0,2025_HOLDOUT,V9_STYLE,0.45731309214819854
2025,20250803,20250803LGSS0,0.0,2025_HOLDOUT,V9_STYLE,0.3650139489186704
2025,20250803,20250803LTWO0,0.0,2025_HOLDOUT,V9_STYLE,0.3515321798262909
2025,20250803,20250803SKOB0,0.0,2025_HOLDOUT,V9_STYLE,0.5057986950363903
2025,20250805,20250805HTLT0,0.0,2025_HOLDOUT,V9_STYLE,0.46006111422900525
2025,20250805,20250805KTHH0,0.0,2025_HOLDOUT,V9_STYLE,0.6359776711521515
2025,20250805,20250805OBLG0,1.0,2025_HOLDOUT,V9_STYLE,0.604629423345117
2025,20250805,20250805SSSK0,0.0,2025_HOLDOUT,V9_STYLE,0.49109307177403483
2025,20250805,20250805WONC0,0.0,2025_HOLDOUT,V9_STYLE,0.4748296826996059
2025,20250806,20250806HTLT0,1.0,2025_HOLDOUT,V9_STYLE,0.47391974009091764
2025,20250806,20250806KTHH0,1.0,2025_HOLDOUT,V9_STYLE,0.6850138656685667
2025,20250806,20250806OBLG0,0.0,2025_HOLDOUT,V9_STYLE,0.35137158159304177
2025,20250806,20250806SSSK0,1.0,2025_HOLDOUT,V9_STYLE,0.6056910982363323
2025,20250806,20250806WONC0,0.0,2025_HOLDOUT,V9_STYLE,0.502557551533104
2025,20250807,20250807HTLT0,0.0,2025_HOLDOUT,V9_STYLE,0.41526467509367077
2025,20250807,20250807KTHH0,0.0,2025_HOLDOUT,V9_STYLE,0.5325460798834218
2025,20250807,20250807OBLG0,1.0,2025_HOLDOUT,V9_STYLE,0.5404188909045905
2025,20250807,20250807SSSK0,0.0,2025_HOLDOUT,V9_STYLE,0.4711404580709839
2025,20250807,20250807WONC0,0.0,2025_HOLDOUT,V9_STYLE,0.48680123292559985
2025,20250808,20250808HHLG0,1.0,2025_HOLDOUT,V9_STYLE,0.5352201506878949
2025,20250808,20250808HTNC0,1.0,2025_HOLDOUT,V9_STYLE,0.5259279290324361
2025,20250808,20250808OBWO0,0.0,2025_HOLDOUT,V9_STYLE,0.3795630526574815
2025,20250808,20250808SKLT0,0.0,2025_HOLDOUT,V9_STYLE,0.5702349578263969
2025,20250808,20250808SSKT0,0.0,2025_HOLDOUT,V9_STYLE,0.5073348026800162
2025,20250809,20250809HHLG0,1.0,2025_HOLDOUT,V9_STYLE,0.6273620987569613
2025,20250809,20250809OBWO0,0.0,2025_HOLDOUT,V9_STYLE,0.4691448780927796
2025,20250809,20250809SSKT0,1.0,2025_HOLDOUT,V9_STYLE,0.5269423132623069
2025,20250810,20250810HHLG0,0.0,2025_HOLDOUT,V9_STYLE,0.5042952203242543
2025,20250810,20250810HTNC0,1.0,2025_HOLDOUT,V9_STYLE,0.6621777732587506
2025,20250810,20250810OBWO0,1.0,2025_HOLDOUT,V9_STYLE,0.5299092583867002
2025,20250810,20250810SKLT0,0.0,2025_HOLDOUT,V9_STYLE,0.6210431805051134
2025,20250810,20250810SSKT0,1.0,2025_HOLDOUT,V9_STYLE,0.43492512967332253
2025,20250812,20250812HTSS0,0.0,2025_HOLDOUT,V9_STYLE,0.38194983777094776
2025,20250812,20250812LGKT0,0.0,2025_HOLDOUT,V9_STYLE,0.5276252818497179
2025,20250812,20250812LTHH0,1.0,2025_HOLDOUT,V9_STYLE,0.5528707620883831
2025,20250812,20250812NCOB0,0.0,2025_HOLDOUT,V9_STYLE,0.5747899543739584
2025,20250812,20250812WOSK0,1.0,2025_HOLDOUT,V9_STYLE,0.6538056405836071
2025,20250813,20250813HTSS0,0.0,2025_HOLDOUT,V9_STYLE,0.49481699515825295
2025,20250813,20250813LTHH0,1.0,2025_HOLDOUT,V9_STYLE,0.6146108870579153
2025,20250814,20250814HTSS0,0.0,2025_HOLDOUT,V9_STYLE,0.5035345277360703
2025,20250814,20250814LTHH0,1.0,2025_HOLDOUT,V9_STYLE,0.5342017525527903
2025,20250814,20250814NCOB0,1.0,2025_HOLDOUT,V9_STYLE,0.41848522602779753
2025,20250814,20250814WOSK0,0.0,2025_HOLDOUT,V9_STYLE,0.4713000617197597
2025,20250815,20250815HHNC0,0.0,2025_HOLDOUT,V9_STYLE,0.6508077954149248
2025,20250815,20250815HTOB0,1.0,2025_HOLDOUT,V9_STYLE,0.5128033127119079
2025,20250815,20250815KTWO0,1.0,2025_HOLDOUT,V9_STYLE,0.34955984945542007
2025,20250815,20250815LGSK0,0.0,2025_HOLDOUT,V9_STYLE,0.4280079285404678
2025,20250815,20250815SSLT0,0.0,2025_HOLDOUT,V9_STYLE,0.45044176834043603
2025,20250816,20250816HHNC0,1.0,2025_HOLDOUT,V9_STYLE,0.3858063830132441
2025,20250816,20250816HTOB0,1.0,2025_HOLDOUT,V9_STYLE,0.6391938069271564
2025,20250816,20250816KTWO0,1.0,2025_HOLDOUT,V9_STYLE,0.4727650086320323
2025,20250816,20250816LGSK0,1.0,2025_HOLDOUT,V9_STYLE,0.3847424070190546
2025,20250816,20250816SSLT0,0.0,2025_HOLDOUT,V9_STYLE,0.5631858696161719
2025,20250817,20250817HHNC0,1.0,2025_HOLDOUT,V9_STYLE,0.48287465940408686
2025,20250817,20250817HTOB0,1.0,2025_HOLDOUT,V9_STYLE,0.324693695410086
2025,20250817,20250817KTWO0,0.0,2025_HOLDOUT,V9_STYLE,0.4749009024563059
2025,20250817,20250817LGSK0,0.0,2025_HOLDOUT,V9_STYLE,0.32934248311044745
2025,20250819,20250819LTLG0,1.0,2025_HOLDOUT,V9_STYLE,0.6172692116412621
2025,20250819,20250819OBHH0,0.0,2025_HOLDOUT,V9_STYLE,0.6034101294629627
2025,20250819,20250819SKKT0,1.0,2025_HOLDOUT,V9_STYLE,0.44222474165332215
2025,20250819,20250819SSNC0,0.0,2025_HOLDOUT,V9_STYLE,0.4638697576739841
2025,20250819,20250819WOHT0,1.0,2025_HOLDOUT,V9_STYLE,0.6456568523603211
2025,20250820,20250820LTLG0,1.0,2025_HOLDOUT,V9_STYLE,0.5546993320423583
2025,20250820,20250820OBHH0,0.0,2025_HOLDOUT,V9_STYLE,0.37523483499798177
2025,20250820,20250820SKKT0,0.0,2025_HOLDOUT,V9_STYLE,0.4228389893745876
2025,20250820,20250820SSNC0,0.0,2025_HOLDOUT,V9_STYLE,0.32149985225385785
2025,20250820,20250820WOHT0,0.0,2025_HOLDOUT,V9_STYLE,0.5284345344316446
2025,20250821,20250821OBHH0,0.0,2025_HOLDOUT,V9_STYLE,0.5132873944556915
2025,20250821,20250821SKKT0,0.0,2025_HOLDOUT,V9_STYLE,0.44310091598442075
2025,20250821,20250821SSNC0,1.0,2025_HOLDOUT,V9_STYLE,0.5027839376582356
2025,20250821,20250821WOHT0,0.0,2025_HOLDOUT,V9_STYLE,0.5395533046422764
2025,20250822,20250822KTOB0,0.0,2025_HOLDOUT,V9_STYLE,0.4096675848822726
2025,20250822,20250822LGHT0,0.0,2025_HOLDOUT,V9_STYLE,0.2991103656648223
2025,20250822,20250822LTNC0,1.0,2025_HOLDOUT,V9_STYLE,0.3940253082667193
2025,20250822,20250822SKHH0,0.0,2025_HOLDOUT,V9_STYLE,0.6728664191498104
2025,20250822,20250822WOSS0,1.0,2025_HOLDOUT,V9_STYLE,0.3558264368514436
2025,20250823,20250823KTOB0,0.0,2025_HOLDOUT,V9_STYLE,0.41850702260251826
2025,20250823,20250823LGHT0,0.0,2025_HOLDOUT,V9_STYLE,0.4610290797536791
2025,20250823,20250823LTNC0,1.0,2025_HOLDOUT,V9_STYLE,0.34016377786026714
2025,20250823,20250823SKHH0,1.0,2025_HOLDOUT,V9_STYLE,0.3238765242903989
2025,20250823,20250823WOSS0,1.0,2025_HOLDOUT,V9_STYLE,0.5230631052154514
2025,20250824,20250824KTOB0,0.0,2025_HOLDOUT,V9_STYLE,0.3984499904226845
2025,20250824,20250824LGHT0,0.0,2025_HOLDOUT,V9_STYLE,0.4773760037059075
2025,20250824,20250824LTNC0,0.0,2025_HOLDOUT,V9_STYLE,0.46502623162091344
2025,20250824,20250824SKHH0,1.0,2025_HOLDOUT,V9_STYLE,0.6472481013948362
2025,20250824,20250824WOSS0,1.0,2025_HOLDOUT,V9_STYLE,0.6676170049513104
2025,20250826,20250826HHWO0,0.0,2025_HOLDOUT,V9_STYLE,0.4249473886727459
2025,20250826,20250826HTSK0,1.0,2025_HOLDOUT,V9_STYLE,0.44362121057330783
2025,20250826,20250826KTLT0,1.0,2025_HOLDOUT,V9_STYLE,0.47517500437851196
2025,20250826,20250826LGNC0,1.0,2025_HOLDOUT,V9_STYLE,0.40504106941664375
2025,20250826,20250826SSOB0,0.0,2025_HOLDOUT,V9_STYLE,0.4162404719221587
2025,20250827,20250827HHWO0,0.0,2025_HOLDOUT,V9_STYLE,0.3614835180485977
2025,20250827,20250827HTSK0,0.0,2025_HOLDOUT,V9_STYLE,0.6181705513016255
2025,20250827,20250827KTLT0,0.0,2025_HOLDOUT,V9_STYLE,0.4640769925928542
2025,20250827,20250827LGNC0,0.0,2025_HOLDOUT,V9_STYLE,0.21355191083454972
2025,20250827,20250827SSOB0,0.0,2025_HOLDOUT,V9_STYLE,0.4206879548741124
2025,20250828,20250828HHWO0,0.0,2025_HOLDOUT,V9_STYLE,0.35954210999761615
2025,20250828,20250828HTSK0,0.0,2025_HOLDOUT,V9_STYLE,0.6004105344474172
2025,20250828,20250828KTLT0,1.0,2025_HOLDOUT,V9_STYLE,0.47022763260429784
2025,20250828,20250828LGNC0,0.0,2025_HOLDOUT,V9_STYLE,0.3910758596073516
2025,20250828,20250828SSOB0,1.0,2025_HOLDOUT,V9_STYLE,0.4185726084689376
2025,20250829,20250829HTKT0,0.0,2025_HOLDOUT,V9_STYLE,0.40622359424028287
2025,20250829,20250829NCSK0,1.0,2025_HOLDOUT,V9_STYLE,0.634963079645775
2025,20250829,20250829OBLT0,0.0,2025_HOLDOUT,V9_STYLE,0.3995696635748932
2025,20250829,20250829SSHH0,0.0,2025_HOLDOUT,V9_STYLE,0.4155480294346572
2025,20250829,20250829WOLG0,0.0,2025_HOLDOUT,V9_STYLE,0.6686084447592521
2025,20250830,20250830HTKT0,1.0,2025_HOLDOUT,V9_STYLE,0.3694159210382776
2025,20250830,20250830NCSK0,0.0,2025_HOLDOUT,V9_STYLE,0.49701799707024213
2025,20250830,20250830SSHH0,0.0,2025_HOLDOUT,V9_STYLE,0.4794207867273018
2025,20250830,20250830WOLG0,1.0,2025_HOLDOUT,V9_STYLE,0.6831006073867056
2025,20250831,20250831HTKT0,1.0,2025_HOLDOUT,V9_STYLE,0.4802771167882569
2025,20250831,20250831NCSK0,1.0,2025_HOLDOUT,V9_STYLE,0.45619724705839193
2025,20250831,20250831OBLT0,1.0,2025_HOLDOUT,V9_STYLE,0.5334010552218438
2025,20250831,20250831SSHH0,0.0,2025_HOLDOUT,V9_STYLE,0.29947707167070653
2025,20250831,20250831WOLG0,0.0,2025_HOLDOUT,V9_STYLE,0.5779636406961626
2025,20250902,20250902HTHH0,1.0,2025_HOLDOUT,V9_STYLE,0.5606769843779469
2025,20250902,20250902LTLG0,1.0,2025_HOLDOUT,V9_STYLE,0.5434879631591426
2025,20250902,20250902NCKT0,0.0,2025_HOLDOUT,V9_STYLE,0.6765132100931932
2025,20250902,20250902WOSK0,1.0,2025_HOLDOUT,V9_STYLE,0.6340375417246945
2025,20250903,20250903LTKT0,1.0,2025_HOLDOUT,V9_STYLE,0.47698952659509963
2025,20250903,20250903NCHH0,1.0,2025_HOLDOUT,V9_STYLE,0.6583526544940995
2025,20250903,20250903SKHT0,0.0,2025_HOLDOUT,V9_STYLE,0.6300582073387038
2025,20250903,20250903WOSS0,0.0,2025_HOLDOUT,V9_STYLE,0.49182192816487247
2025,20250904,20250904LGKT0,0.0,2025_HOLDOUT,V9_STYLE,0.356021647258604
2025,20250904,20250904OBNC0,0.0,2025_HOLDOUT,V9_STYLE,0.4293216019488663
2025,20250905,20250905LTSK0,1.0,2025_HOLDOUT,V9_STYLE,0.6245393305395605
2025,20250905,20250905OBNC0,0.0,2025_HOLDOUT,V9_STYLE,0.42158660969595696
2025,20250905,20250905WOSS0,1.0,2025_HOLDOUT,V9_STYLE,0.5634074926372146
2025,20250906,20250906HHSS0,0.0,2025_HOLDOUT,V9_STYLE,0.40784334703930225
2025,20250906,20250906HTNC0,0.0,2025_HOLDOUT,V9_STYLE,0.489473212952085
2025,20250907,20250907HHSS0,1.0,2025_HOLDOUT,V9_STYLE,0.6377438398609921
2025,20250907,20250907HTNC0,1.0,2025_HOLDOUT,V9_STYLE,0.3850209399806168
2025,20250907,20250907SKLG0,0.0,2025_HOLDOUT,V9_STYLE,0.5527412829857806
2025,20250909,20250909HHLT0,0.0,2025_HOLDOUT,V9_STYLE,0.4129901402555492
2025,20250909,20250909LGWO0,1.0,2025_HOLDOUT,V9_STYLE,0.45001145840372697
2025,20250909,20250909OBKT0,1.0,2025_HOLDOUT,V9_STYLE,0.5465623758958656
2025,20250910,20250910HHLT0,0.0,2025_HOLDOUT,V9_STYLE,0.4296586165426195
2025,20250910,20250910LGOB0,0.0,2025_HOLDOUT,V9_STYLE,0.3852077470350768
2025,20250910,20250910SKNC0,1.0,2025_HOLDOUT,V9_STYLE,0.32403184998074136
2025,20250910,20250910SSHT0,1.0,2025_HOLDOUT,V9_STYLE,0.5446415996704203
2025,20250911,20250911KTLG0,0.0,2025_HOLDOUT,V9_STYLE,0.5504343727194267
2025,20250911,20250911LTHT0,0.0,2025_HOLDOUT,V9_STYLE,0.45792961456726916
2025,20250911,20250911NCWO0,1.0,2025_HOLDOUT,V9_STYLE,0.42181948754998105
2025,20250911,20250911SKSS0,0.0,2025_HOLDOUT,V9_STYLE,0.5344523304825067
2025,20250912,20250912OBHT0,1.0,2025_HOLDOUT,V9_STYLE,0.4866456742352453
2025,20250913,20250913HTLG0,0.0,2025_HOLDOUT,V9_STYLE,0.731292256386244
2025,20250913,20250913KTSS0,0.0,2025_HOLDOUT,V9_STYLE,0.4771296964870032
2025,20250913,20250913OBNC0,1.0,2025_HOLDOUT,V9_STYLE,0.43456645939454175
2025,20250913,20250913SKLT0,1.0,2025_HOLDOUT,V9_STYLE,0.35298630567475503
2025,20250913,20250913WOHH0,1.0,2025_HOLDOUT,V9_STYLE,0.6301397242094472
2025,20250914,20250914HTLG0,1.0,2025_HOLDOUT,V9_STYLE,0.4820117546242612
2025,20250914,20250914KTSS0,1.0,2025_HOLDOUT,V9_STYLE,0.4457133474943145
2025,20250914,20250914OBNC0,1.0,2025_HOLDOUT,V9_STYLE,0.7518671211389627
2025,20250914,20250914WOHH0,0.0,2025_HOLDOUT,V9_STYLE,0.6546763269061588
2025,20250915,20250915WOHH0,1.0,2025_HOLDOUT,V9_STYLE,0.5721140326279514
2025,20250916,20250916HHHT0,0.0,2025_HOLDOUT,V9_STYLE,0.31536869188103067
2025,20250916,20250916LGKT0,0.0,2025_HOLDOUT,V9_STYLE,0.4543316395303014
2025,20250916,20250916LTSS0,1.0,2025_HOLDOUT,V9_STYLE,0.5542074344130916
2025,20250916,20250916SKNC0,0.0,2025_HOLDOUT,V9_STYLE,0.3540162715184296
2025,20250916,20250916WOOB0,0.0,2025_HOLDOUT,V9_STYLE,0.44042126449249047
2025,20250917,20250917HHHT0,0.0,2025_HOLDOUT,V9_STYLE,0.2579868465945501
2025,20250917,20250917SKNC0,1.0,2025_HOLDOUT,V9_STYLE,0.45646623689754345
2025,20250917,20250917WOOB0,0.0,2025_HOLDOUT,V9_STYLE,0.4669498487687452
2025,20250918,20250918HHHT0,0.0,2025_HOLDOUT,V9_STYLE,0.6225346959063429
2025,20250918,20250918LGKT1,0.0,2025_HOLDOUT,V9_STYLE,0.4364808622073058
2025,20250918,20250918LGKT2,0.0,2025_HOLDOUT,V9_STYLE,0.3977267925964132
2025,20250918,20250918SSNC0,0.0,2025_HOLDOUT,V9_STYLE,0.2926998142330511
2025,20250918,20250918WOOB0,1.0,2025_HOLDOUT,V9_STYLE,0.5067143849045973
2025,20250919,20250919LTNC0,0.0,2025_HOLDOUT,V9_STYLE,0.5364607387364595
2025,20250920,20250920HHKT0,1.0,2025_HOLDOUT,V9_STYLE,0.38713898932158536
2025,20250920,20250920NCHT0,1.0,2025_HOLDOUT,V9_STYLE,0.5967506448013893
2025,20250920,20250920OBSK0,1.0,2025_HOLDOUT,V9_STYLE,0.6244411721622914
2025,20250920,20250920SSLG0,0.0,2025_HOLDOUT,V9_STYLE,0.4354898139775094
2025,20250920,20250920WOLT0,0.0,2025_HOLDOUT,V9_STYLE,0.6454956684070303
2025,20250921,20250921NCHT0,0.0,2025_HOLDOUT,V9_STYLE,0.4654991727333887
2025,20250921,20250921OBSK0,1.0,2025_HOLDOUT,V9_STYLE,0.5747763721044338
2025,20250921,20250921SSKT0,1.0,2025_HOLDOUT,V9_STYLE,0.5826849331618928
2025,20250922,20250922OBSK0,0.0,2025_HOLDOUT,V9_STYLE,0.6345080239716997
2025,20250923,20250923HTSK0,1.0,2025_HOLDOUT,V9_STYLE,0.5681588983352778
2025,20250923,20250923NCLT0,0.0,2025_HOLDOUT,V9_STYLE,0.5680762657214513
2025,20250923,20250923OBSS0,1.0,2025_HOLDOUT,V9_STYLE,0.5556479229324356
2025,20250923,20250923WOKT0,1.0,2025_HOLDOUT,V9_STYLE,0.4812594312450927
2025,20250924,20250924HTWO0,0.0,2025_HOLDOUT,V9_STYLE,0.48709677905831944
2025,20250924,20250924LGNC0,1.0,2025_HOLDOUT,V9_STYLE,0.34277101788711095
2025,20250924,20250924LTSS0,1.0,2025_HOLDOUT,V9_STYLE,0.6519853108356609
2025,20250925,20250925HHOB0,1.0,2025_HOLDOUT,V9_STYLE,0.4133858424173023
2025,20250925,20250925KTSK0,0.0,2025_HOLDOUT,V9_STYLE,0.518230296713231
2025,20250925,20250925LGLT0,0.0,2025_HOLDOUT,V9_STYLE,0.4213038368338742
2025,20250925,20250925WOSS0,1.0,2025_HOLDOUT,V9_STYLE,0.5420306210147163
2025,20250926,20250926KTSK0,1.0,2025_HOLDOUT,V9_STYLE,0.4753315881033749
2025,20250926,20250926LGHH0,1.0,2025_HOLDOUT,V9_STYLE,0.47610163078117906
2025,20250926,20250926NCOB0,0.0,2025_HOLDOUT,V9_STYLE,0.331496561595084
2025,20250926,20250926SSLT0,1.0,2025_HOLDOUT,V9_STYLE,0.3281796806168364
2025,20250927,20250927LGHH0,0.0,2025_HOLDOUT,V9_STYLE,0.5568403172379754
2025,20250927,20250927NCHT0,0.0,2025_HOLDOUT,V9_STYLE,0.5450209262695396
2025,20250927,20250927SKOB0,0.0,2025_HOLDOUT,V9_STYLE,0.4188939978100397
2025,20250928,20250928LTOB0,1.0,2025_HOLDOUT,V9_STYLE,0.46600419368679724
2025,20250928,20250928SSWO0,0.0,2025_HOLDOUT,V9_STYLE,0.38971875836596237
2025,20250929,20250929LGHH0,1.0,2025_HOLDOUT,V9_STYLE,0.34557424197835834
2025,20250929,20250929LTSK0,1.0,2025_HOLDOUT,V9_STYLE,0.6763737098510058
2025,20250929,20250929NCHT0,0.0,2025_HOLDOUT,V9_STYLE,0.3007213181873552
2025,20250930,20250930HTSS0,1.0,2025_HOLDOUT,V9_STYLE,0.729060053673661
2025,20250930,20250930KTNC0,1.0,2025_HOLDOUT,V9_STYLE,0.4205747550274784
2025,20250930,20250930LTHH0,1.0,2025_HOLDOUT,V9_STYLE,0.7111189452683309
2025,20250930,20250930OBLG0,0.0,2025_HOLDOUT,V9_STYLE,0.54223181169381
2025,20250930,20250930SKWO0,0.0,2025_HOLDOUT,V9_STYLE,0.542641679219423
2025,20251001,20251001HHSK0,1.0,2025_HOLDOUT,V9_STYLE,0.29012231759090873
2025,20251001,20251001KTHT0,0.0,2025_HOLDOUT,V9_STYLE,0.42196960811343825
2025,20251001,20251001NCLG0,0.0,2025_HOLDOUT,V9_STYLE,0.692210000451265
2025,20251002,20251002SKHT0,1.0,2025_HOLDOUT,V9_STYLE,0.42254586592235577
2025,20251004,20251004SKNC0,1.0,2025_HOLDOUT,V9_STYLE,0.5585939809352838
2025,20251004,20251004SSHT0,1.0,2025_HOLDOUT,V9_STYLE,0.7260099099501307
2026,20260328,20260328HTSK0,1.0,2026_POSTHOC,V9_STYLE,0.8371420880313163
2026,20260328,20260328KTLG0,0.0,2026_POSTHOC,V9_STYLE,0.8745373560931005
2026,20260328,20260328LTSS0,0.0,2026_POSTHOC,V9_STYLE,0.8830297249320034
2026,20260328,20260328OBNC0,1.0,2026_POSTHOC,V9_STYLE,0.8114641878694654
2026,20260328,20260328WOHH0,1.0,2026_POSTHOC,V9_STYLE,0.8180321396465395
2026,20260329,20260329HTSK0,1.0,2026_POSTHOC,V9_STYLE,0.7291189979425167
2026,20260329,20260329KTLG0,0.0,2026_POSTHOC,V9_STYLE,0.3774116386641681
2026,20260329,20260329LTSS0,0.0,2026_POSTHOC,V9_STYLE,0.5289740276113463
2026,20260329,20260329OBNC0,0.0,2026_POSTHOC,V9_STYLE,0.5796312846685492
2026,20260329,20260329WOHH0,1.0,2026_POSTHOC,V9_STYLE,0.6156612711320093
2026,20260331,20260331HTLG0,0.0,2026_POSTHOC,V9_STYLE,0.6498454202926618
2026,20260331,20260331KTHH0,0.0,2026_POSTHOC,V9_STYLE,0.46470316332080086
2026,20260331,20260331LTNC0,1.0,2026_POSTHOC,V9_STYLE,0.4653217855858107
2026,20260331,20260331WOSK0,1.0,2026_POSTHOC,V9_STYLE,0.6979884937442519
2026,20260401,20260401HTLG0,1.0,2026_POSTHOC,V9_STYLE,0.6442846890112188
2026,20260401,20260401KTHH0,0.0,2026_POSTHOC,V9_STYLE,0.49671116158664935
2026,20260401,20260401LTNC0,1.0,2026_POSTHOC,V9_STYLE,0.5643504087655365
2026,20260401,20260401OBSS0,1.0,2026_POSTHOC,V9_STYLE,0.5186486851983471
2026,20260401,20260401WOSK0,0.0,2026_POSTHOC,V9_STYLE,0.6868744569963844
2026,20260402,20260402HTLG0,1.0,2026_POSTHOC,V9_STYLE,0.7629560945564411
2026,20260402,20260402KTHH0,0.0,2026_POSTHOC,V9_STYLE,0.49221348644631846
2026,20260402,20260402LTNC0,1.0,2026_POSTHOC,V9_STYLE,0.6089567872434465
2026,20260402,20260402OBSS0,1.0,2026_POSTHOC,V9_STYLE,0.6185865756580805
2026,20260402,20260402WOSK0,1.0,2026_POSTHOC,V9_STYLE,0.6838586466652057
2026,20260403,20260403HHOB0,0.0,2026_POSTHOC,V9_STYLE,0.5470218525533674
2026,20260403,20260403LGWO0,1.0,2026_POSTHOC,V9_STYLE,0.4050987555211016
2026,20260403,20260403NCHT0,0.0,2026_POSTHOC,V9_STYLE,0.5027399812812898
2026,20260403,20260403SKLT0,0.0,2026_POSTHOC,V9_STYLE,0.47663241452323785
2026,20260403,20260403SSKT0,0.0,2026_POSTHOC,V9_STYLE,0.33104036044370716
2026,20260404,20260404HHOB0,0.0,2026_POSTHOC,V9_STYLE,0.45164369501551765
2026,20260404,20260404LGWO0,0.0,2026_POSTHOC,V9_STYLE,0.2814761397953113
2026,20260404,20260404NCHT0,0.0,2026_POSTHOC,V9_STYLE,0.35587532058915083
2026,20260404,20260404SKLT0,0.0,2026_POSTHOC,V9_STYLE,0.4938312120411442
2026,20260404,20260404SSKT0,0.0,2026_POSTHOC,V9_STYLE,0.4766094187937119
2026,20260405,20260405HHOB0,1.0,2026_POSTHOC,V9_STYLE,0.6936682902513557
2026,20260405,20260405LGWO0,0.0,2026_POSTHOC,V9_STYLE,0.31576442707255237
2026,20260405,20260405NCHT0,1.0,2026_POSTHOC,V9_STYLE,0.4544185243136992
2026,20260405,20260405SKLT0,0.0,2026_POSTHOC,V9_STYLE,0.40778702821280377
2026,20260405,20260405SSKT0,1.0,2026_POSTHOC,V9_STYLE,0.5536823258643964
2026,20260407,20260407HHSK0,0.0,2026_POSTHOC,V9_STYLE,0.48233334658942106
2026,20260407,20260407KTLT0,0.0,2026_POSTHOC,V9_STYLE,0.4222663236081136
2026,20260407,20260407LGNC0,0.0,2026_POSTHOC,V9_STYLE,0.4283264940915484
2026,20260407,20260407SSHT0,0.0,2026_POSTHOC,V9_STYLE,0.39781427031465194
2026,20260407,20260407WOOB0,0.0,2026_POSTHOC,V9_STYLE,0.4682865785682872
2026,20260408,20260408HHSK0,0.0,2026_POSTHOC,V9_STYLE,0.6127682113244883
2026,20260408,20260408KTLT0,1.0,2026_POSTHOC,V9_STYLE,0.260498630721195
2026,20260408,20260408LGNC0,0.0,2026_POSTHOC,V9_STYLE,0.40185023723728963
2026,20260408,20260408SSHT0,1.0,2026_POSTHOC,V9_STYLE,0.3514902149284789
2026,20260408,20260408WOOB0,1.0,2026_POSTHOC,V9_STYLE,0.7770328662535874
2026,20260410,20260410HTHH0,0.0,2026_POSTHOC,V9_STYLE,0.4053151715626726
2026,20260410,20260410LTWO0,0.0,2026_POSTHOC,V9_STYLE,0.57925075728943
2026,20260410,20260410NCSS0,1.0,2026_POSTHOC,V9_STYLE,0.6498898941053942
2026,20260410,20260410OBKT0,0.0,2026_POSTHOC,V9_STYLE,0.5310264899052989
2026,20260410,20260410SKLG0,1.0,2026_POSTHOC,V9_STYLE,0.48374383346180383
2026,20260411,20260411HTHH0,0.0,2026_POSTHOC,V9_STYLE,0.6635022918913873
2026,20260411,20260411LTWO0,0.0,2026_POSTHOC,V9_STYLE,0.39994678040241505
2026,20260411,20260411NCSS0,1.0,2026_POSTHOC,V9_STYLE,0.460787786234511
2026,20260411,20260411OBKT0,1.0,2026_POSTHOC,V9_STYLE,0.5054550825302981
2026,20260411,20260411SKLG0,1.0,2026_POSTHOC,V9_STYLE,0.6425782876094915
2026,20260412,20260412HTHH0,0.0,2026_POSTHOC,V9_STYLE,0.39300087717688964
2026,20260412,20260412LTWO0,1.0,2026_POSTHOC,V9_STYLE,0.4364700937293934
2026,20260412,20260412NCSS0,1.0,2026_POSTHOC,V9_STYLE,0.6389236198837218
2026,20260412,20260412OBKT0,1.0,2026_POSTHOC,V9_STYLE,0.6226587683379552
2026,20260412,20260412SKLG0,1.0,2026_POSTHOC,V9_STYLE,0.5727620017959799
2026,20260414,20260414KTNC0,1.0,2026_POSTHOC,V9_STYLE,0.40451150043554646
2026,20260414,20260414LTLG0,1.0,2026_POSTHOC,V9_STYLE,0.6493238079830265
2026,20260414,20260414OBSK0,0.0,2026_POSTHOC,V9_STYLE,0.4540241089484804
2026,20260414,20260414SSHH0,0.0,2026_POSTHOC,V9_STYLE,0.45322337845124805
2026,20260414,20260414WOHT0,1.0,2026_POSTHOC,V9_STYLE,0.6012618054543024
2026,20260415,20260415KTNC0,0.0,2026_POSTHOC,V9_STYLE,0.4492952779070757
2026,20260415,20260415LTLG0,0.0,2026_POSTHOC,V9_STYLE,0.7369006674271518
2026,20260415,20260415OBSK0,1.0,2026_POSTHOC,V9_STYLE,0.5787949650851795
2026,20260415,20260415SSHH0,0.0,2026_POSTHOC,V9_STYLE,0.3878144593622597
2026,20260415,20260415WOHT0,1.0,2026_POSTHOC,V9_STYLE,0.7120098146262819
2026,20260416,20260416KTNC0,0.0,2026_POSTHOC,V9_STYLE,0.5743786262602629
2026,20260416,20260416LTLG0,1.0,2026_POSTHOC,V9_STYLE,0.5635250383610532
2026,20260416,20260416OBSK0,1.0,2026_POSTHOC,V9_STYLE,0.5871313413548799
2026,20260416,20260416SSHH0,0.0,2026_POSTHOC,V9_STYLE,0.3280859345320389
2026,20260416,20260416WOHT0,1.0,2026_POSTHOC,V9_STYLE,0.5821768121809635
2026,20260417,20260417HTOB0,0.0,2026_POSTHOC,V9_STYLE,0.6775711930485312
2026,20260417,20260417WOKT0,1.0,2026_POSTHOC,V9_STYLE,0.566289752057377
2026,20260418,20260418HHLT0,0.0,2026_POSTHOC,V9_STYLE,0.4724159387794685
2026,20260418,20260418HTOB0,1.0,2026_POSTHOC,V9_STYLE,0.32994406413467686
2026,20260418,20260418LGSS0,1.0,2026_POSTHOC,V9_STYLE,0.45997891595594387
2026,20260418,20260418SKNC0,0.0,2026_POSTHOC,V9_STYLE,0.5463801970084529
2026,20260418,20260418WOKT0,1.0,2026_POSTHOC,V9_STYLE,0.6559805263315431
2026,20260419,20260419HHLT0,0.0,2026_POSTHOC,V9_STYLE,0.5697495539583781
2026,20260419,20260419HTOB0,1.0,2026_POSTHOC,V9_STYLE,0.5025285686641929
2026,20260419,20260419LGSS0,0.0,2026_POSTHOC,V9_STYLE,0.4531382254740115
2026,20260419,20260419SKNC0,1.0,2026_POSTHOC,V9_STYLE,0.5485837340862113
2026,20260419,20260419WOKT0,0.0,2026_POSTHOC,V9_STYLE,0.6231042706580437
2026,20260421,20260421HHLG0,1.0,2026_POSTHOC,V9_STYLE,0.6206380385080654
2026,20260421,20260421HTKT0,1.0,2026_POSTHOC,V9_STYLE,0.7487478064202513
2026,20260421,20260421NCWO0,1.0,2026_POSTHOC,V9_STYLE,0.3798329942036261
2026,20260421,20260421OBLT0,0.0,2026_POSTHOC,V9_STYLE,0.48061994492714466
2026,20260421,20260421SKSS0,0.0,2026_POSTHOC,V9_STYLE,0.5371102851791307
2026,20260422,20260422HHLG0,1.0,2026_POSTHOC,V9_STYLE,0.602613292639392
2026,20260422,20260422HTKT0,1.0,2026_POSTHOC,V9_STYLE,0.3770604164789806
2026,20260422,20260422NCWO0,1.0,2026_POSTHOC,V9_STYLE,0.6515128232187314
2026,20260422,20260422OBLT0,0.0,2026_POSTHOC,V9_STYLE,0.40249235949845624
2026,20260422,20260422SKSS0,0.0,2026_POSTHOC,V9_STYLE,0.6710596788866168
2026,20260423,20260423HHLG0,0.0,2026_POSTHOC,V9_STYLE,0.6547898803429366
2026,20260423,20260423HTKT0,1.0,2026_POSTHOC,V9_STYLE,0.7299341878387797
2026,20260423,20260423NCWO0,0.0,2026_POSTHOC,V9_STYLE,0.40088709637100206
2026,20260423,20260423OBLT0,1.0,2026_POSTHOC,V9_STYLE,0.37444863952171514
2026,20260423,20260423SKSS0,0.0,2026_POSTHOC,V9_STYLE,0.4800703874008114
2026,20260424,20260424KTSK0,1.0,2026_POSTHOC,V9_STYLE,0.35636783590159465
2026,20260424,20260424LGOB0,0.0,2026_POSTHOC,V9_STYLE,0.4130924586663801
2026,20260424,20260424LTHT0,1.0,2026_POSTHOC,V9_STYLE,0.6368469511632215
2026,20260424,20260424NCHH0,0.0,2026_POSTHOC,V9_STYLE,0.5445437305809532
2026,20260424,20260424SSWO0,1.0,2026_POSTHOC,V9_STYLE,0.46238140298066027
2026,20260425,20260425KTSK0,1.0,2026_POSTHOC,V9_STYLE,0.3646507409651796
2026,20260425,20260425LGOB0,0.0,2026_POSTHOC,V9_STYLE,0.37641434727139356
2026,20260425,20260425LTHT0,1.0,2026_POSTHOC,V9_STYLE,0.5667683335858954
2026,20260425,20260425NCHH0,1.0,2026_POSTHOC,V9_STYLE,0.4262265293506162
2026,20260425,20260425SSWO0,1.0,2026_POSTHOC,V9_STYLE,0.41144646840013793
2026,20260426,20260426KTSK0,0.0,2026_POSTHOC,V9_STYLE,0.3842213917000184
2026,20260426,20260426LGOB0,1.0,2026_POSTHOC,V9_STYLE,0.4728720040168843
2026,20260426,20260426NCHH0,0.0,2026_POSTHOC,V9_STYLE,0.4261500802283501
2026,20260426,20260426SSWO0,1.0,2026_POSTHOC,V9_STYLE,0.44985062162273715
2026,20260428,20260428HTNC0,1.0,2026_POSTHOC,V9_STYLE,0.4077816678162896
2026,20260428,20260428LGKT0,1.0,2026_POSTHOC,V9_STYLE,0.3882141279249323
2026,20260428,20260428SKHH0,1.0,2026_POSTHOC,V9_STYLE,0.5104554739807512
2026,20260428,20260428SSOB0,0.0,2026_POSTHOC,V9_STYLE,0.4126009703054158
2026,20260428,20260428WOLT0,1.0,2026_POSTHOC,V9_STYLE,0.33080935668294226
2026,20260429,20260429HTNC0,0.0,2026_POSTHOC,V9_STYLE,0.6686877265068778
2026,20260429,20260429LGKT0,1.0,2026_POSTHOC,V9_STYLE,0.6557690791666644
2026,20260429,20260429SKHH0,0.0,2026_POSTHOC,V9_STYLE,0.3272654740150392
2026,20260429,20260429SSOB0,1.0,2026_POSTHOC,V9_STYLE,0.5481785212425536
2026,20260429,20260429WOLT0,0.0,2026_POSTHOC,V9_STYLE,0.5558537421463413
2026,20260430,20260430HTNC0,1.0,2026_POSTHOC,V9_STYLE,0.3357338413063156
2026,20260430,20260430LGKT0,0.0,2026_POSTHOC,V9_STYLE,0.5433036859181503
2026,20260430,20260430SKHH0,0.0,2026_POSTHOC,V9_STYLE,0.5724488440044804
2026,20260430,20260430SSOB0,1.0,2026_POSTHOC,V9_STYLE,0.5241404796005068
2026,20260430,20260430WOLT0,1.0,2026_POSTHOC,V9_STYLE,0.4838295061902573
2026,20260501,20260501HHSS0,1.0,2026_POSTHOC,V9_STYLE,0.5664366138758264
2026,20260501,20260501KTHT0,0.0,2026_POSTHOC,V9_STYLE,0.44956691413504674
2026,20260501,20260501LTSK0,0.0,2026_POSTHOC,V9_STYLE,0.4857770478434151
2026,20260501,20260501NCLG0,1.0,2026_POSTHOC,V9_STYLE,0.5882828650146552
2026,20260501,20260501OBWO0,0.0,2026_POSTHOC,V9_STYLE,0.47659795053742854
2026,20260502,20260502HHSS0,0.0,2026_POSTHOC,V9_STYLE,0.4931829305322054
2026,20260502,20260502KTHT0,1.0,2026_POSTHOC,V9_STYLE,0.29422919750182525
2026,20260502,20260502LTSK0,0.0,2026_POSTHOC,V9_STYLE,0.48190248496117993
2026,20260502,20260502NCLG0,1.0,2026_POSTHOC,V9_STYLE,0.5357902428182159
2026,20260502,20260502OBWO0,1.0,2026_POSTHOC,V9_STYLE,0.3410680816628424
2026,20260503,20260503HHSS0,1.0,2026_POSTHOC,V9_STYLE,0.6184350344817642
2026,20260503,20260503KTHT0,0.0,2026_POSTHOC,V9_STYLE,0.5193574887794729
2026,20260503,20260503LTSK0,0.0,2026_POSTHOC,V9_STYLE,0.5298813391359353
2026,20260503,20260503NCLG0,0.0,2026_POSTHOC,V9_STYLE,0.5546576049750155
2026,20260503,20260503OBWO0,0.0,2026_POSTHOC,V9_STYLE,0.38099771104587943
2026,20260505,20260505HHHT0,1.0,2026_POSTHOC,V9_STYLE,0.5843992796764997
2026,20260505,20260505LTKT0,1.0,2026_POSTHOC,V9_STYLE,0.5643231058383347
2026,20260505,20260505OBLG0,1.0,2026_POSTHOC,V9_STYLE,0.5121056862341181
2026,20260505,20260505WOSS0,1.0,2026_POSTHOC,V9_STYLE,0.621190819763675
2026,20260506,20260506HHHT0,0.0,2026_POSTHOC,V9_STYLE,0.6776469097584166
2026,20260506,20260506LTKT0,0.0,2026_POSTHOC,V9_STYLE,0.5143099464387327
2026,20260506,20260506NCSK0,1.0,2026_POSTHOC,V9_STYLE,0.4899002657092531
2026,20260506,20260506OBLG0,1.0,2026_POSTHOC,V9_STYLE,0.49819389643593326
2026,20260506,20260506WOSS0,1.0,2026_POSTHOC,V9_STYLE,0.5665068255212474
2026,20260507,20260507HHHT0,0.0,2026_POSTHOC,V9_STYLE,0.7014582023009408
2026,20260507,20260507NCSK0,0.0,2026_POSTHOC,V9_STYLE,0.43966164927798196
2026,20260507,20260507OBLG0,0.0,2026_POSTHOC,V9_STYLE,0.569934706434016
2026,20260507,20260507WOSS0,1.0,2026_POSTHOC,V9_STYLE,0.8562508682717506
2026,20260508,20260508HTLT0,0.0,2026_POSTHOC,V9_STYLE,0.5664522418960797
2026,20260508,20260508KTWO0,0.0,2026_POSTHOC,V9_STYLE,0.3272510664674811
2026,20260508,20260508LGHH0,0.0,2026_POSTHOC,V9_STYLE,0.32416768090705717
2026,20260508,20260508SKOB0,0.0,2026_POSTHOC,V9_STYLE,0.5260201157090412
2026,20260508,20260508SSNC0,0.0,2026_POSTHOC,V9_STYLE,0.4028817283578949
2026,20260509,20260509HTLT0,0.0,2026_POSTHOC,V9_STYLE,0.35398066093589414
2026,20260509,20260509LGHH0,1.0,2026_POSTHOC,V9_STYLE,0.3893784220763442
2026,20260509,20260509SKOB0,1.0,2026_POSTHOC,V9_STYLE,0.5185263731159373
2026,20260509,20260509SSNC0,0.0,2026_POSTHOC,V9_STYLE,0.32837178783250653
2026,20260510,20260510HTLT0,1.0,2026_POSTHOC,V9_STYLE,0.5890941308117866
2026,20260510,20260510KTWO0,1.0,2026_POSTHOC,V9_STYLE,0.449790306691348
2026,20260510,20260510LGHH0,1.0,2026_POSTHOC,V9_STYLE,0.37736072578095253
2026,20260510,20260510SKOB0,1.0,2026_POSTHOC,V9_STYLE,0.6561409818865935
2026,20260510,20260510SSNC0,0.0,2026_POSTHOC,V9_STYLE,0.42932351347637904
2026,20260512,20260512HHWO0,0.0,2026_POSTHOC,V9_STYLE,0.344288640691683
2026,20260512,20260512NCLT0,0.0,2026_POSTHOC,V9_STYLE,0.5079833464229496
2026,20260512,20260512OBHT0,0.0,2026_POSTHOC,V9_STYLE,0.6557634419151149
2026,20260512,20260512SKKT0,0.0,2026_POSTHOC,V9_STYLE,0.5552123810533722
2026,20260512,20260512SSLG0,0.0,2026_POSTHOC,V9_STYLE,0.5325621850323046
2026,20260513,20260513HHWO0,1.0,2026_POSTHOC,V9_STYLE,0.24698550217854442
2026,20260513,20260513NCLT0,1.0,2026_POSTHOC,V9_STYLE,0.5531064986140227
2026,20260513,20260513OBHT0,1.0,2026_POSTHOC,V9_STYLE,0.6868010288437084
2026,20260513,20260513SKKT0,1.0,2026_POSTHOC,V9_STYLE,0.6016753638887684
2026,20260513,20260513SSLG0,1.0,2026_POSTHOC,V9_STYLE,0.47239967018743595
2026,20260514,20260514HHWO0,0.0,2026_POSTHOC,V9_STYLE,0.49825163688268115
2026,20260514,20260514NCLT0,0.0,2026_POSTHOC,V9_STYLE,0.5519977319827333
2026,20260514,20260514OBHT0,1.0,2026_POSTHOC,V9_STYLE,0.461427878567673
2026,20260514,20260514SKKT0,0.0,2026_POSTHOC,V9_STYLE,0.6112066982254204
2026,20260514,20260514SSLG0,0.0,2026_POSTHOC,V9_STYLE,0.5930176504731526
2026,20260515,20260515HHKT0,0.0,2026_POSTHOC,V9_STYLE,0.5235331563731755
2026,20260515,20260515HTSS0,0.0,2026_POSTHOC,V9_STYLE,0.6028920153813015
2026,20260515,20260515LGSK0,0.0,2026_POSTHOC,V9_STYLE,0.3417888145414996
2026,20260515,20260515LTOB0,0.0,2026_POSTHOC,V9_STYLE,0.6595581937654911
2026,20260515,20260515WONC0,0.0,2026_POSTHOC,V9_STYLE,0.4793210463284073
2026,20260516,20260516HHKT0,0.0,2026_POSTHOC,V9_STYLE,0.5552825631961367
2026,20260516,20260516HTSS0,1.0,2026_POSTHOC,V9_STYLE,0.6366163359367504
2026,20260516,20260516LGSK0,1.0,2026_POSTHOC,V9_STYLE,0.4947717046563265
2026,20260516,20260516LTOB0,1.0,2026_POSTHOC,V9_STYLE,0.5995677486111433
2026,20260516,20260516WONC0,1.0,2026_POSTHOC,V9_STYLE,0.6316493728126717
2026,20260517,20260517HHKT0,1.0,2026_POSTHOC,V9_STYLE,0.43866980281301843
2026,20260517,20260517HTSS0,0.0,2026_POSTHOC,V9_STYLE,0.6503300224389607
2026,20260517,20260517LGSK0,0.0,2026_POSTHOC,V9_STYLE,0.47542179416717195
2026,20260517,20260517LTOB0,1.0,2026_POSTHOC,V9_STYLE,0.4496193288354003
2026,20260517,20260517WONC0,0.0,2026_POSTHOC,V9_STYLE,0.6212962750408042
2026,20260519,20260519KTSS0,1.0,2026_POSTHOC,V9_STYLE,0.5267085338203773
2026,20260519,20260519LGHT0,1.0,2026_POSTHOC,V9_STYLE,0.5604195497664414
2026,20260519,20260519LTHH0,0.0,2026_POSTHOC,V9_STYLE,0.4113177719169384
2026,20260519,20260519NCOB0,1.0,2026_POSTHOC,V9_STYLE,0.5629941328852697
2026,20260519,20260519SKWO0,1.0,2026_POSTHOC,V9_STYLE,0.33390453836051875
2026,20260520,20260520SKWO0,1.0,2026_POSTHOC,V9_STYLE,0.4404462856313014
2026,20260521,20260521KTSS0,1.0,2026_POSTHOC,V9_STYLE,0.6267229301073829
2026,20260521,20260521LGHT0,0.0,2026_POSTHOC,V9_STYLE,0.6111173892345138
2026,20260521,20260521LTHH0,0.0,2026_POSTHOC,V9_STYLE,0.4044650384994073
2026,20260521,20260521NCOB0,1.0,2026_POSTHOC,V9_STYLE,0.5253359829768011
2026,20260521,20260521SKWO0,1.0,2026_POSTHOC,V9_STYLE,0.5661241875984176
2026,20260522,20260522NCKT0,1.0,2026_POSTHOC,V9_STYLE,0.7833611430420907
2026,20260522,20260522OBHH0,1.0,2026_POSTHOC,V9_STYLE,0.40231140059871356
2026,20260522,20260522SKHT0,1.0,2026_POSTHOC,V9_STYLE,0.5848474535760502
2026,20260522,20260522SSLT0,0.0,2026_POSTHOC,V9_STYLE,0.3454684792006315
2026,20260522,20260522WOLG0,0.0,2026_POSTHOC,V9_STYLE,0.5057946908965198
2026,20260523,20260523NCKT0,1.0,2026_POSTHOC,V9_STYLE,0.5182280919520533
2026,20260523,20260523OBHH0,1.0,2026_POSTHOC,V9_STYLE,0.3495651621259891
2026,20260523,20260523SKHT0,1.0,2026_POSTHOC,V9_STYLE,0.5716746513769989
2026,20260523,20260523SSLT0,1.0,2026_POSTHOC,V9_STYLE,0.41316366130149806
2026,20260523,20260523WOLG0,1.0,2026_POSTHOC,V9_STYLE,0.6339605686423773
2026,20260524,20260524NCKT0,0.0,2026_POSTHOC,V9_STYLE,0.3854279674291107
2026,20260524,20260524OBHH0,1.0,2026_POSTHOC,V9_STYLE,0.5733412826889914
2026,20260524,20260524SKHT0,1.0,2026_POSTHOC,V9_STYLE,0.717345400747612
2026,20260524,20260524SSLT0,0.0,2026_POSTHOC,V9_STYLE,0.5068938987289355
2026,20260524,20260524WOLG0,1.0,2026_POSTHOC,V9_STYLE,0.5693048347383634
2026,20260526,20260526HTWO0,0.0,2026_POSTHOC,V9_STYLE,0.48837812620258425
2026,20260526,20260526KTOB0,0.0,2026_POSTHOC,V9_STYLE,0.48504355729709014
2026,20260526,20260526LGLT0,0.0,2026_POSTHOC,V9_STYLE,0.48271969912189105
2026,20260527,20260527HHNC0,1.0,2026_POSTHOC,V9_STYLE,0.494581076829389
2026,20260527,20260527HTWO0,0.0,2026_POSTHOC,V9_STYLE,0.42954619427738616
2026,20260527,20260527KTOB0,1.0,2026_POSTHOC,V9_STYLE,0.40379303685505546
2026,20260527,20260527LGLT0,0.0,2026_POSTHOC,V9_STYLE,0.4862559458918875
2026,20260527,20260527SSSK0,0.0,2026_POSTHOC,V9_STYLE,0.26833456570978126
2026,20260528,20260528HHNC0,0.0,2026_POSTHOC,V9_STYLE,0.27265193373330254
2026,20260528,20260528HTWO0,0.0,2026_POSTHOC,V9_STYLE,0.4388386476149724
2026,20260528,20260528KTOB0,0.0,2026_POSTHOC,V9_STYLE,0.5101741153605018
2026,20260528,20260528LGLT0,1.0,2026_POSTHOC,V9_STYLE,0.5017809469791416
2026,20260528,20260528SSSK0,0.0,2026_POSTHOC,V9_STYLE,0.3266152715752005
2026,20260529,20260529HTLG0,1.0,2026_POSTHOC,V9_STYLE,0.6517432173240596
2026,20260529,20260529KTWO0,0.0,2026_POSTHOC,V9_STYLE,0.3920875704240225
2026,20260529,20260529LTNC0,0.0,2026_POSTHOC,V9_STYLE,0.4881688459944597
2026,20260529,20260529OBSS0,0.0,2026_POSTHOC,V9_STYLE,0.5577524248402123
2026,20260529,20260529SKHH0,1.0,2026_POSTHOC,V9_STYLE,0.5754764475623588
2026,20260530,20260530HTLG0,1.0,2026_POSTHOC,V9_STYLE,0.3643903411093851
2026,20260530,20260530KTWO0,0.0,2026_POSTHOC,V9_STYLE,0.4133239934126839
2026,20260530,20260530LTNC0,1.0,2026_POSTHOC,V9_STYLE,0.7006445485455666
2026,20260530,20260530OBSS0,0.0,2026_POSTHOC,V9_STYLE,0.6465851159811978
2026,20260530,20260530SKHH0,1.0,2026_POSTHOC,V9_STYLE,0.6470922899054942
2026,20260531,20260531HTLG0,1.0,2026_POSTHOC,V9_STYLE,0.6048964062184886
2026,20260531,20260531KTWO0,0.0,2026_POSTHOC,V9_STYLE,0.32418944119795123
2026,20260531,20260531LTNC0,1.0,2026_POSTHOC,V9_STYLE,0.38541445330924845
2026,20260531,20260531OBSS0,1.0,2026_POSTHOC,V9_STYLE,0.4919805524553418
2026,20260531,20260531SKHH0,1.0,2026_POSTHOC,V9_STYLE,0.5701713491254957
2026,20260602,20260602HHOB0,1.0,2026_POSTHOC,V9_STYLE,0.5576748210213488
2026,20260602,20260602LGKT0,0.0,2026_POSTHOC,V9_STYLE,0.44537326041712527
2026,20260602,20260602LTHT0,1.0,2026_POSTHOC,V9_STYLE,0.6324199957963945
2026,20260602,20260602NCSS0,1.0,2026_POSTHOC,V9_STYLE,0.6980419389516163
2026,20260602,20260602WOSK0,0.0,2026_POSTHOC,V9_STYLE,0.48802043410336127
2026,20260603,20260603LGKT0,1.0,2026_POSTHOC,V9_STYLE,0.6300056441700074
2026,20260603,20260603LTHT0,0.0,2026_POSTHOC,V9_STYLE,0.6039400274731986
2026,20260603,20260603NCSS0,0.0,2026_POSTHOC,V9_STYLE,0.7559401604283685
2026,20260603,20260603WOSK0,1.0,2026_POSTHOC,V9_STYLE,0.5277039998834359
2026,20260604,20260604HHOB0,1.0,2026_POSTHOC,V9_STYLE,0.5778084561661304
2026,20260604,20260604LGKT0,0.0,2026_POSTHOC,V9_STYLE,0.40477997451235836
2026,20260604,20260604LTHT0,1.0,2026_POSTHOC,V9_STYLE,0.48949585757667596
2026,20260604,20260604NCSS0,0.0,2026_POSTHOC,V9_STYLE,0.6334496328407293
2026,20260604,20260604WOSK0,1.0,2026_POSTHOC,V9_STYLE,0.510270696148192
2026,20260605,20260605HHLT0,0.0,2026_POSTHOC,V9_STYLE,0.38562881576171326
2026,20260605,20260605KTSK0,1.0,2026_POSTHOC,V9_STYLE,0.526656554084965
2026,20260605,20260605LGNC0,0.0,2026_POSTHOC,V9_STYLE,0.5719257854374535
2026,20260605,20260605SSHT0,1.0,2026_POSTHOC,V9_STYLE,0.544547422274437
2026,20260605,20260605WOOB0,1.0,2026_POSTHOC,V9_STYLE,0.5944220374556486
2026,20260606,20260606HHLT0,0.0,2026_POSTHOC,V9_STYLE,0.37316109274940085
2026,20260606,20260606KTSK0,0.0,2026_POSTHOC,V9_STYLE,0.4659620185126434
2026,20260606,20260606LGNC0,1.0,2026_POSTHOC,V9_STYLE,0.3512469965490027
2026,20260606,20260606SSHT0,0.0,2026_POSTHOC,V9_STYLE,0.4528969966339393
2026,20260606,20260606WOOB0,1.0,2026_POSTHOC,V9_STYLE,0.5801070591065071
2026,20260607,20260607HHLT0,0.0,2026_POSTHOC,V9_STYLE,0.6021117524068414
2026,20260607,20260607KTSK0,1.0,2026_POSTHOC,V9_STYLE,0.3744085557899763
2026,20260607,20260607LGNC0,1.0,2026_POSTHOC,V9_STYLE,0.42020821308946416
2026,20260607,20260607SSHT0,1.0,2026_POSTHOC,V9_STYLE,0.617572742436721
2026,20260607,20260607WOOB0,0.0,2026_POSTHOC,V9_STYLE,0.5253735162047913
2026,20260609,20260609HTHH0,0.0,2026_POSTHOC,V9_STYLE,0.5351412541226452
2026,20260609,20260609NCWO0,1.0,2026_POSTHOC,V9_STYLE,0.6204192477638142
2026,20260609,20260609OBLT0,0.0,2026_POSTHOC,V9_STYLE,0.38688443351035545
2026,20260609,20260609SKLG0,1.0,2026_POSTHOC,V9_STYLE,0.6115136083897506
2026,20260609,20260609SSKT0,1.0,2026_POSTHOC,V9_STYLE,0.5419454871987386
2026,20260610,20260610HTHH0,1.0,2026_POSTHOC,V9_STYLE,0.46594613999797546
2026,20260610,20260610NCWO0,0.0,2026_POSTHOC,V9_STYLE,0.4007087223179892
2026,20260610,20260610OBLT0,1.0,2026_POSTHOC,V9_STYLE,0.3349898632860865
2026,20260610,20260610SKLG0,1.0,2026_POSTHOC,V9_STYLE,0.7156456346648713
2026,20260610,20260610SSKT0,1.0,2026_POSTHOC,V9_STYLE,0.3706257332887835
2026,20260611,20260611HTHH0,1.0,2026_POSTHOC,V9_STYLE,0.45737179560669633
2026,20260611,20260611NCWO0,0.0,2026_POSTHOC,V9_STYLE,0.36483894651403287
2026,20260611,20260611OBLT0,0.0,2026_POSTHOC,V9_STYLE,0.49452539702039333
2026,20260611,20260611SKLG0,1.0,2026_POSTHOC,V9_STYLE,0.4929204685296241
2026,20260611,20260611SSKT0,0.0,2026_POSTHOC,V9_STYLE,0.3789376192931171
2026,20260612,20260612HHWO0,1.0,2026_POSTHOC,V9_STYLE,0.3840578763922146
2026,20260612,20260612LTLG0,0.0,2026_POSTHOC,V9_STYLE,0.6440031707046864
2026,20260612,20260612NCKT0,1.0,2026_POSTHOC,V9_STYLE,0.4500479110516992
2026,20260612,20260612OBHT0,0.0,2026_POSTHOC,V9_STYLE,0.466603552247535
2026,20260612,20260612SKSS0,0.0,2026_POSTHOC,V9_STYLE,0.5762966043864091
2026,20260613,20260613HHWO0,1.0,2026_POSTHOC,V9_STYLE,0.5934268646122302
2026,20260613,20260613LTLG0,1.0,2026_POSTHOC,V9_STYLE,0.6101397011405069
2026,20260613,20260613NCKT0,1.0,2026_POSTHOC,V9_STYLE,0.5548600193684291
2026,20260613,20260613OBHT0,1.0,2026_POSTHOC,V9_STYLE,0.5408006787432126
2026,20260613,20260613SKSS0,1.0,2026_POSTHOC,V9_STYLE,0.6453551997362844
2026,20260614,20260614HHWO0,1.0,2026_POSTHOC,V9_STYLE,0.4315223458229319
2026,20260614,20260614LTLG0,1.0,2026_POSTHOC,V9_STYLE,0.5590139383817128
2026,20260614,20260614OBHT0,0.0,2026_POSTHOC,V9_STYLE,0.3178974523619137
2026,20260614,20260614SKSS0,1.0,2026_POSTHOC,V9_STYLE,0.5715515691860473
2026,20260616,20260616HHNC0,1.0,2026_POSTHOC,V9_STYLE,0.4560106731181722
2026,20260616,20260616KTOB0,0.0,2026_POSTHOC,V9_STYLE,0.37266817949717024
2026,20260616,20260616LGHT0,0.0,2026_POSTHOC,V9_STYLE,0.33729518075182724
2026,20260616,20260616LTSK0,0.0,2026_POSTHOC,V9_STYLE,0.4250979023522286
2026,20260616,20260616WOSS0,1.0,2026_POSTHOC,V9_STYLE,0.7041440469632164
2026,20260617,20260617HHNC0,1.0,2026_POSTHOC,V9_STYLE,0.49048074992407303
2026,20260617,20260617KTOB0,0.0,2026_POSTHOC,V9_STYLE,0.3631174990624793
2026,20260617,20260617LGHT0,1.0,2026_POSTHOC,V9_STYLE,0.6800099731521647
2026,20260617,20260617LTSK0,0.0,2026_POSTHOC,V9_STYLE,0.4760727678822863
2026,20260617,20260617WOSS0,1.0,2026_POSTHOC,V9_STYLE,0.6173678535448324
2026,20260618,20260618HHNC0,1.0,2026_POSTHOC,V9_STYLE,0.46497970559680446
2026,20260618,20260618KTOB0,1.0,2026_POSTHOC,V9_STYLE,0.45029991250219564
2026,20260618,20260618LGHT0,1.0,2026_POSTHOC,V9_STYLE,0.3458627017709386
2026,20260618,20260618WOSS0,1.0,2026_POSTHOC,V9_STYLE,0.6405099409095407
2026,20260619,20260619HTKT0,0.0,2026_POSTHOC,V9_STYLE,0.4638737395408173
2026,20260619,20260619LTWO0,0.0,2026_POSTHOC,V9_STYLE,0.6414538844929435
2026,20260619,20260619OBLG0,1.0,2026_POSTHOC,V9_STYLE,0.3973711933283672
2026,20260619,20260619SKNC0,1.0,2026_POSTHOC,V9_STYLE,0.48028016995444134
2026,20260620,20260620HTKT0,1.0,2026_POSTHOC,V9_STYLE,0.46502505897408053
2026,20260620,20260620LTWO0,0.0,2026_POSTHOC,V9_STYLE,0.46506978820467226
2026,20260620,20260620OBLG0,1.0,2026_POSTHOC,V9_STYLE,0.5319606248494962
2026,20260620,20260620SKNC0,0.0,2026_POSTHOC,V9_STYLE,0.5696607159797176
2026,20260620,20260620SSHH0,1.0,2026_POSTHOC,V9_STYLE,0.4846424044062552
2026,20260621,20260621HTKT0,0.0,2026_POSTHOC,V9_STYLE,0.6215531164710404
2026,20260621,20260621LTWO0,0.0,2026_POSTHOC,V9_STYLE,0.3628569867786609
2026,20260621,20260621OBLG0,1.0,2026_POSTHOC,V9_STYLE,0.5312096290265655
2026,20260621,20260621SKNC0,0.0,2026_POSTHOC,V9_STYLE,0.42681786071177513
2026,20260621,20260621SSHH0,0.0,2026_POSTHOC,V9_STYLE,0.4564703214843667
2026,20260623,20260623HTWO0,0.0,2026_POSTHOC,V9_STYLE,0.31339257674521676
2026,20260623,20260623NCLT0,1.0,2026_POSTHOC,V9_STYLE,0.4514633991314877
2026,20260623,20260623OBHH0,1.0,2026_POSTHOC,V9_STYLE,0.6495508919237795
2026,20260623,20260623SKKT0,1.0,2026_POSTHOC,V9_STYLE,0.6766248624650614
2026,20260623,20260623SSLG0,1.0,2026_POSTHOC,V9_STYLE,0.4185116873912844
2026,20260624,20260624HTWO0,0.0,2026_POSTHOC,V9_STYLE,0.4406233132117811
2026,20260624,20260624NCLT0,1.0,2026_POSTHOC,V9_STYLE,0.4680010824554649
2026,20260624,20260624OBHH0,0.0,2026_POSTHOC,V9_STYLE,0.4321874262878658
2026,20260624,20260624SKKT0,0.0,2026_POSTHOC,V9_STYLE,0.6143334156362515
2026,20260624,20260624SSLG0,1.0,2026_POSTHOC,V9_STYLE,0.5116045255778839
2026,20260625,20260625HTWO0,0.0,2026_POSTHOC,V9_STYLE,0.4348872792010255
2026,20260625,20260625NCLT0,0.0,2026_POSTHOC,V9_STYLE,0.4113365762612338
2026,20260625,20260625OBHH0,0.0,2026_POSTHOC,V9_STYLE,0.4012820868614044
2026,20260625,20260625SKKT0,1.0,2026_POSTHOC,V9_STYLE,0.5945429194813148
2026,20260625,20260625SSLG0,0.0,2026_POSTHOC,V9_STYLE,0.3562740974160365
2026,20260626,20260626HHSK0,0.0,2026_POSTHOC,V9_STYLE,0.42779654320765664
2026,20260626,20260626HTOB0,1.0,2026_POSTHOC,V9_STYLE,0.6525606036458484
2026,20260626,20260626KTSS0,1.0,2026_POSTHOC,V9_STYLE,0.45327356770210964
2026,20260626,20260626LGLT0,1.0,2026_POSTHOC,V9_STYLE,0.39263771250074453
2026,20260626,20260626WONC0,1.0,2026_POSTHOC,V9_STYLE,0.45202829629822344
2026,20260627,20260627HHSK0,0.0,2026_POSTHOC,V9_STYLE,0.3954972701249386
2026,20260627,20260627HTOB0,1.0,2026_POSTHOC,V9_STYLE,0.5625365116699959
2026,20260627,20260627KTSS0,1.0,2026_POSTHOC,V9_STYLE,0.6208270041285805
2026,20260627,20260627LGLT0,0.0,2026_POSTHOC,V9_STYLE,0.3565168829632067
2026,20260627,20260627WONC0,0.0,2026_POSTHOC,V9_STYLE,0.6466267092621784
2026,20260628,20260628HHSK0,0.0,2026_POSTHOC,V9_STYLE,0.3196955202579809
2026,20260628,20260628HTOB0,0.0,2026_POSTHOC,V9_STYLE,0.5959275024969062
2026,20260628,20260628KTSS0,1.0,2026_POSTHOC,V9_STYLE,0.4512432492602481
2026,20260628,20260628LGLT0,1.0,2026_POSTHOC,V9_STYLE,0.521082038219278
2026,20260628,20260628WONC0,1.0,2026_POSTHOC,V9_STYLE,0.6510110782079221
2026,20260630,20260630LGWO0,1.0,2026_POSTHOC,V9_STYLE,0.30799744830189413
2026,20260630,20260630LTOB0,1.0,2026_POSTHOC,V9_STYLE,0.5635116040668078
2026,20260630,20260630SKHT0,1.0,2026_POSTHOC,V9_STYLE,0.7063754451966809
2026,20260630,20260630SSNC0,0.0,2026_POSTHOC,V9_STYLE,0.4342846266775682
2026,20260701,20260701KTHH0,0.0,2026_POSTHOC,V9_STYLE,0.39770843038840725
2026,20260701,20260701LGWO0,0.0,2026_POSTHOC,V9_STYLE,0.6316053080874764
2026,20260701,20260701LTOB0,0.0,2026_POSTHOC,V9_STYLE,0.5556998123610541
2026,20260701,20260701SSNC0,1.0,2026_POSTHOC,V9_STYLE,0.3449471947404605
2026,20260702,20260702KTHH0,1.0,2026_POSTHOC,V9_STYLE,0.5003890333111178
2026,20260702,20260702LGWO0,0.0,2026_POSTHOC,V9_STYLE,0.30102580465491285
2026,20260702,20260702LTOB0,1.0,2026_POSTHOC,V9_STYLE,0.5871506848056461
2026,20260702,20260702SKHT0,1.0,2026_POSTHOC,V9_STYLE,0.6283169603789786
2026,20260702,20260702SSNC0,0.0,2026_POSTHOC,V9_STYLE,0.4065468088696902
2026,20260703,20260703HHLG0,0.0,2026_POSTHOC,V9_STYLE,0.5072104993888805
2026,20260703,20260703LTKT0,0.0,2026_POSTHOC,V9_STYLE,0.5077454327406551
2026,20260703,20260703NCHT0,0.0,2026_POSTHOC,V9_STYLE,0.43823319383897574
2026,20260703,20260703OBWO0,1.0,2026_POSTHOC,V9_STYLE,0.33849754550692507
2026,20260703,20260703SSSK0,0.0,2026_POSTHOC,V9_STYLE,0.31353037486844015
2026,20260704,20260704HHLG0,1.0,2026_POSTHOC,V9_STYLE,0.44700308696807395
2026,20260704,20260704LTKT0,0.0,2026_POSTHOC,V9_STYLE,0.49937959006741683
2026,20260704,20260704NCHT0,0.0,2026_POSTHOC,V9_STYLE,0.3936870334248061
2026,20260704,20260704OBWO0,0.0,2026_POSTHOC,V9_STYLE,0.4321137646986709
2026,20260704,20260704SSSK0,0.0,2026_POSTHOC,V9_STYLE,0.35467979017702284
2026,20260705,20260705LTKT0,1.0,2026_POSTHOC,V9_STYLE,0.46433902079016653
2026,20260705,20260705OBWO0,0.0,2026_POSTHOC,V9_STYLE,0.24875500041556642
2026,20260705,20260705SSSK0,0.0,2026_POSTHOC,V9_STYLE,0.4159830098966903
2026,20260707,20260707HTLT0,1.0,2026_POSTHOC,V9_STYLE,0.5855284256899728
2026,20260707,20260707LGSS0,1.0,2026_POSTHOC,V9_STYLE,0.553520827639672
2026,20260707,20260707NCHH0,0.0,2026_POSTHOC,V9_STYLE,0.45170686546158123
2026,20260707,20260707SKOB0,0.0,2026_POSTHOC,V9_STYLE,0.6233626125305836
2026,20260707,20260707WOKT0,1.0,2026_POSTHOC,V9_STYLE,0.5805982818583124
2026,20260708,20260708HTLT0,1.0,2026_POSTHOC,V9_STYLE,0.429508498154877
2026,20260708,20260708LGSS0,0.0,2026_POSTHOC,V9_STYLE,0.4950583093470252
2026,20260708,20260708SKOB0,1.0,2026_POSTHOC,V9_STYLE,0.7865650492356311
2026,20260708,20260708WOKT0,1.0,2026_POSTHOC,V9_STYLE,0.5626763948147498
2026,20260709,20260709HTLT0,0.0,2026_POSTHOC,V9_STYLE,0.5171038718118757
2026,20260709,20260709LGSS0,1.0,2026_POSTHOC,V9_STYLE,0.5278992099090442
2026,20260709,20260709NCHH0,1.0,2026_POSTHOC,V9_STYLE,0.4705401742753486
2026,20260709,20260709SKOB0,1.0,2026_POSTHOC,V9_STYLE,0.6170450993395441
2025,20250322,20250322HHKT0,0.0,2025_HOLDOUT,V10_WORKLOAD,0.693854638056121
2025,20250322,20250322LTLG0,1.0,2025_HOLDOUT,V10_WORKLOAD,0.5695859980537236
2025,20250322,20250322NCHT0,1.0,2025_HOLDOUT,V10_WORKLOAD,0.7113932094902761
2025,20250322,20250322OBSK0,1.0,2025_HOLDOUT,V10_WORKLOAD,0.6488795295231928
2025,20250322,20250322WOSS0,1.0,2025_HOLDOUT,V10_WORKLOAD,0.7448331003375113
2025,20250323,20250323HHKT0,1.0,2025_HOLDOUT,V10_WORKLOAD,0.43087111601947725
2025,20250323,20250323LTLG0,1.0,2025_HOLDOUT,V10_WORKLOAD,0.58528638889883
2025,20250323,20250323NCHT0,0.0,2025_HOLDOUT,V10_WORKLOAD,0.713107327863138
2025,20250323,20250323OBSK0,1.0,2025_HOLDOUT,V10_WORKLOAD,0.5904257026312264
2025,20250323,20250323WOSS0,1.0,2025_HOLDOUT,V10_WORKLOAD,0.5359411200217121
2025,20250325,20250325HHLG0,1.0,2025_HOLDOUT,V10_WORKLOAD,0.4726353882724404
2025,20250325,20250325LTSK0,0.0,2025_HOLDOUT,V10_WORKLOAD,0.625032312307815
2025,20250325,20250325NCSS0,1.0,2025_HOLDOUT,V10_WORKLOAD,0.6158965707624249
2025,20250325,20250325OBKT0,1.0,2025_HOLDOUT,V10_WORKLOAD,0.6444809824823451
2025,20250325,20250325WOHT0,1.0,2025_HOLDOUT,V10_WORKLOAD,0.5455951668994812
2025,20250326,20250326HHLG0,1.0,2025_HOLDOUT,V10_WORKLOAD,0.57882610239186
2025,20250326,20250326LTSK0,1.0,2025_HOLDOUT,V10_WORKLOAD,0.5392752656959586
2025,20250326,20250326NCSS0,0.0,2025_HOLDOUT,V10_WORKLOAD,0.582058056665453
2025,20250326,20250326OBKT0,0.0,2025_HOLDOUT,V10_WORKLOAD,0.6756742244475236
2025,20250326,20250326WOHT0,0.0,2025_HOLDOUT,V10_WORKLOAD,0.5610891113564391
2025,20250327,20250327HHLG0,1.0,2025_HOLDOUT,V10_WORKLOAD,0.5436554105149951
2025,20250327,20250327LTSK0,1.0,2025_HOLDOUT,V10_WORKLOAD,0.5544998773292552
2025,20250327,20250327NCSS0,0.0,2025_HOLDOUT,V10_WORKLOAD,0.614751734975128
2025,20250327,20250327OBKT0,1.0,2025_HOLDOUT,V10_WORKLOAD,0.6885977675981443
2025,20250327,20250327WOHT0,0.0,2025_HOLDOUT,V10_WORKLOAD,0.4879869292703648
2025,20250328,20250328HTHH0,1.0,2025_HOLDOUT,V10_WORKLOAD,0.4273851618466817
2025,20250328,20250328KTLT0,0.0,2025_HOLDOUT,V10_WORKLOAD,0.4756741503350355
2025,20250328,20250328LGNC0,0.0,2025_HOLDOUT,V10_WORKLOAD,0.4347195050355955
2025,20250328,20250328SKWO0,1.0,2025_HOLDOUT,V10_WORKLOAD,0.42238007286451024
2025,20250328,20250328SSOB0,1.0,2025_HOLDOUT,V10_WORKLOAD,0.38281539958417354
2025,20250329,20250329HTHH0,1.0,2025_HOLDOUT,V10_WORKLOAD,0.5287060906867829
2025,20250329,20250329KTLT0,1.0,2025_HOLDOUT,V10_WORKLOAD,0.43819082503601275
2025,20250329,20250329LGNC0,0.0,2025_HOLDOUT,V10_WORKLOAD,0.4376754107396079
2025,20250329,20250329SKWO0,1.0,2025_HOLDOUT,V10_WORKLOAD,0.46208001806780596
2025,20250329,20250329SSOB0,0.0,2025_HOLDOUT,V10_WORKLOAD,0.49912887955700685
2025,20250330,20250330HTHH0,0.0,2025_HOLDOUT,V10_WORKLOAD,0.6060480572200371
2025,20250330,20250330SKWO0,0.0,2025_HOLDOUT,V10_WORKLOAD,0.4901555591025472
2025,20250330,20250330SSOB0,0.0,2025_HOLDOUT,V10_WORKLOAD,0.41969246199693433
2025,20250402,20250402LGKT0,1.0,2025_HOLDOUT,V10_WORKLOAD,0.4690401331639838
2025,20250402,20250402LTHH0,0.0,2025_HOLDOUT,V10_WORKLOAD,0.5405155978072983
2025,20250402,20250402SSHT0,0.0,2025_HOLDOUT,V10_WORKLOAD,0.3849648340539127
2025,20250402,20250402WOOB0,1.0,2025_HOLDOUT,V10_WORKLOAD,0.3596788830203854
2025,20250403,20250403LGKT0,0.0,2025_HOLDOUT,V10_WORKLOAD,0.5245550330786374
2025,20250403,20250403LTHH0,0.0,2025_HOLDOUT,V10_WORKLOAD,0.5773152533078904
2025,20250403,20250403SSHT0,1.0,2025_HOLDOUT,V10_WORKLOAD,0.3687056853613007
2025,20250403,20250403WOOB0,1.0,2025_HOLDOUT,V10_WORKLOAD,0.47456905101615243
2025,20250404,20250404HHSS0,1.0,2025_HOLDOUT,V10_WORKLOAD,0.5179517692220379
2025,20250404,20250404HTLG0,1.0,2025_HOLDOUT,V10_WORKLOAD,0.4878269575068873
2025,20250404,20250404KTSK0,1.0,2025_HOLDOUT,V10_WORKLOAD,0.4837555090661185
2025,20250404,20250404NCWO0,1.0,2025_HOLDOUT,V10_WORKLOAD,0.5205669811806728
2025,20250404,20250404OBLT0,0.0,2025_HOLDOUT,V10_WORKLOAD,0.6029932910435841
2025,20250405,20250405HHSS0,0.0,2025_HOLDOUT,V10_WORKLOAD,0.4418886743616763
2025,20250405,20250405NCWO0,0.0,2025_HOLDOUT,V10_WORKLOAD,0.528267201007644
2025,20250405,20250405OBLT0,1.0,2025_HOLDOUT,V10_WORKLOAD,0.5802479268661557
2025,20250406,20250406HHSS0,1.0,2025_HOLDOUT,V10_WORKLOAD,0.5427866439880326
2025,20250406,20250406HTLG0,1.0,2025_HOLDOUT,V10_WORKLOAD,0.5546591794105429
2025,20250406,20250406KTSK0,1.0,2025_HOLDOUT,V10_WORKLOAD,0.5302023841656389
2025,20250406,20250406NCWO0,0.0,2025_HOLDOUT,V10_WORKLOAD,0.48081026286501166
2025,20250406,20250406OBLT0,0.0,2025_HOLDOUT,V10_WORKLOAD,0.72553362257292
2025,20250408,20250408HHOB0,1.0,2025_HOLDOUT,V10_WORKLOAD,0.4133743093169261
2025,20250408,20250408HTLT0,0.0,2025_HOLDOUT,V10_WORKLOAD,0.5408322954761319
2025,20250408,20250408LGWO0,0.0,2025_HOLDOUT,V10_WORKLOAD,0.398096202124536
2025,20250408,20250408NCKT0,1.0,2025_HOLDOUT,V10_WORKLOAD,0.7153692992310416
2025,20250408,20250408SKSS0,1.0,2025_HOLDOUT,V10_WORKLOAD,0.565397958541178
2025,20250409,20250409HHOB0,0.0,2025_HOLDOUT,V10_WORKLOAD,0.5082103487626063
2025,20250409,20250409HTLT0,0.0,2025_HOLDOUT,V10_WORKLOAD,0.3541373264206188
2025,20250409,20250409LGWO0,1.0,2025_HOLDOUT,V10_WORKLOAD,0.4797883072312436
2025,20250409,20250409NCKT0,1.0,2025_HOLDOUT,V10_WORKLOAD,0.5776623508731545
2025,20250409,20250409SKSS0,0.0,2025_HOLDOUT,V10_WORKLOAD,0.5959677733105722
2025,20250410,20250410HHOB0,0.0,2025_HOLDOUT,V10_WORKLOAD,0.4884593711465994
2025,20250410,20250410HTLT0,1.0,2025_HOLDOUT,V10_WORKLOAD,0.625826397613083
2025,20250410,20250410LGWO0,0.0,2025_HOLDOUT,V10_WORKLOAD,0.42880689061456617
2025,20250410,20250410NCKT0,0.0,2025_HOLDOUT,V10_WORKLOAD,0.4854774625497607
2025,20250410,20250410SKSS0,1.0,2025_HOLDOUT,V10_WORKLOAD,0.5106157905160922
2025,20250411,20250411LTNC0,0.0,2025_HOLDOUT,V10_WORKLOAD,0.4559091507316702
2025,20250411,20250411OBLG0,1.0,2025_HOLDOUT,V10_WORKLOAD,0.5392541259017576
2025,20250411,20250411SKHT0,0.0,2025_HOLDOUT,V10_WORKLOAD,0.61650859498464
2025,20250411,20250411SSKT0,1.0,2025_HOLDOUT,V10_WORKLOAD,0.572916983998792
2025,20250411,20250411WOHH0,1.0,2025_HOLDOUT,V10_WORKLOAD,0.5583821004894918
2025,20250412,20250412LTNC0,0.0,2025_HOLDOUT,V10_WORKLOAD,0.46996886252355574
2025,20250412,20250412OBLG0,1.0,2025_HOLDOUT,V10_WORKLOAD,0.7177440420740971
2025,20250412,20250412WOHH0,0.0,2025_HOLDOUT,V10_WORKLOAD,0.5478301532553393
2025,20250413,20250413LTNC0,1.0,2025_HOLDOUT,V10_WORKLOAD,0.5120843330389772
2025,20250413,20250413OBLG0,0.0,2025_HOLDOUT,V10_WORKLOAD,0.653704953150017
2025,20250413,20250413SKHT0,1.0,2025_HOLDOUT,V10_WORKLOAD,0.45663039409308875
2025,20250413,20250413SSKT0,1.0,2025_HOLDOUT,V10_WORKLOAD,0.45355548875898677
2025,20250413,20250413WOHH0,1.0,2025_HOLDOUT,V10_WORKLOAD,0.6208527427301941
2025,20250415,20250415HHSK0,0.0,2025_HOLDOUT,V10_WORKLOAD,0.49695797160235694
2025,20250415,20250415KTHT0,1.0,2025_HOLDOUT,V10_WORKLOAD,0.45726641896251946
2025,20250415,20250415SSLG0,1.0,2025_HOLDOUT,V10_WORKLOAD,0.38532836383584795
2025,20250415,20250415WOLT0,1.0,2025_HOLDOUT,V10_WORKLOAD,0.4444684293406556
2025,20250416,20250416HHSK0,0.0,2025_HOLDOUT,V10_WORKLOAD,0.4753419901543411
2025,20250416,20250416KTHT0,0.0,2025_HOLDOUT,V10_WORKLOAD,0.45083366917620116
2025,20250416,20250416SSLG0,1.0,2025_HOLDOUT,V10_WORKLOAD,0.5775176897110197
2025,20250416,20250416WOLT0,1.0,2025_HOLDOUT,V10_WORKLOAD,0.5594465373915103
2025,20250417,20250417HHSK0,0.0,2025_HOLDOUT,V10_WORKLOAD,0.4639554545004375
2025,20250417,20250417KTHT0,1.0,2025_HOLDOUT,V10_WORKLOAD,0.4247792661716331
2025,20250417,20250417SSLG0,0.0,2025_HOLDOUT,V10_WORKLOAD,0.4508823863162113
2025,20250417,20250417WOLT0,1.0,2025_HOLDOUT,V10_WORKLOAD,0.5989989356007461
2025,20250418,20250418HTOB0,1.0,2025_HOLDOUT,V10_WORKLOAD,0.5732595004092355
2025,20250418,20250418KTWO0,1.0,2025_HOLDOUT,V10_WORKLOAD,0.26316885596389805
2025,20250418,20250418LGSK0,0.0,2025_HOLDOUT,V10_WORKLOAD,0.31743937067657096
2025,20250418,20250418LTSS0,0.0,2025_HOLDOUT,V10_WORKLOAD,0.4375840707117763
2025,20250418,20250418NCHH0,1.0,2025_HOLDOUT,V10_WORKLOAD,0.5031234697096313
2025,20250419,20250419HTOB0,0.0,2025_HOLDOUT,V10_WORKLOAD,0.43358250420504
2025,20250419,20250419KTWO0,0.0,2025_HOLDOUT,V10_WORKLOAD,0.39450705555537374
2025,20250419,20250419LGSK0,0.0,2025_HOLDOUT,V10_WORKLOAD,0.3504735149679314
2025,20250419,20250419LTSS0,1.0,2025_HOLDOUT,V10_WORKLOAD,0.35743638385757054
2025,20250419,20250419NCHH0,1.0,2025_HOLDOUT,V10_WORKLOAD,0.5445341460826871
2025,20250420,20250420HTOB0,0.0,2025_HOLDOUT,V10_WORKLOAD,0.3989597866786852
2025,20250420,20250420KTWO0,0.0,2025_HOLDOUT,V10_WORKLOAD,0.4320818816736083
2025,20250420,20250420LGSK0,1.0,2025_HOLDOUT,V10_WORKLOAD,0.5601924333407152
2025,20250420,20250420LTSS0,0.0,2025_HOLDOUT,V10_WORKLOAD,0.6521149087540998
2025,20250420,20250420NCHH0,1.0,2025_HOLDOUT,V10_WORKLOAD,0.6229269263011384
2025,20250422,20250422NCLG0,0.0,2025_HOLDOUT,V10_WORKLOAD,0.6212521922855343
2025,20250422,20250422OBWO0,1.0,2025_HOLDOUT,V10_WORKLOAD,0.6408138742461067
2025,20250422,20250422SKKT0,1.0,2025_HOLDOUT,V10_WORKLOAD,0.49036524180530217
2025,20250423,20250423HHLT0,0.0,2025_HOLDOUT,V10_WORKLOAD,0.5220745978101161
2025,20250423,20250423HTSS0,1.0,2025_HOLDOUT,V10_WORKLOAD,0.5461920539726931
2025,20250423,20250423NCLG0,1.0,2025_HOLDOUT,V10_WORKLOAD,0.5086407601704667
2025,20250423,20250423OBWO0,0.0,2025_HOLDOUT,V10_WORKLOAD,0.6902367601018217
2025,20250423,20250423SKKT0,0.0,2025_HOLDOUT,V10_WORKLOAD,0.5891969633936365
2025,20250424,20250424HHLT0,1.0,2025_HOLDOUT,V10_WORKLOAD,0.5182860951942028
2025,20250424,20250424HTSS0,1.0,2025_HOLDOUT,V10_WORKLOAD,0.6622878495774427
2025,20250424,20250424NCLG0,0.0,2025_HOLDOUT,V10_WORKLOAD,0.5575441508229254
2025,20250424,20250424OBWO0,0.0,2025_HOLDOUT,V10_WORKLOAD,0.45140016712294234
2025,20250424,20250424SKKT0,0.0,2025_HOLDOUT,V10_WORKLOAD,0.2721214832412414
2025,20250425,20250425KTHH0,0.0,2025_HOLDOUT,V10_WORKLOAD,0.4986707225042738
2025,20250425,20250425LGHT0,0.0,2025_HOLDOUT,V10_WORKLOAD,0.48330793925026216
2025,20250425,20250425LTOB0,0.0,2025_HOLDOUT,V10_WORKLOAD,0.38466277430487955
2025,20250425,20250425NCSS0,1.0,2025_HOLDOUT,V10_WORKLOAD,0.5868314582766702
2025,20250425,20250425WOSK0,1.0,2025_HOLDOUT,V10_WORKLOAD,0.47785476926349196
2025,20250426,20250426KTHH0,1.0,2025_HOLDOUT,V10_WORKLOAD,0.4057562643919581
2025,20250426,20250426LGHT0,1.0,2025_HOLDOUT,V10_WORKLOAD,0.7136727057346669
2025,20250426,20250426LTOB0,0.0,2025_HOLDOUT,V10_WORKLOAD,0.5046970146910066
2025,20250426,20250426NCSS0,1.0,2025_HOLDOUT,V10_WORKLOAD,0.6654137291874965
2025,20250426,20250426WOSK0,0.0,2025_HOLDOUT,V10_WORKLOAD,0.47433640958275475
2025,20250427,20250427KTHH0,1.0,2025_HOLDOUT,V10_WORKLOAD,0.5996645108835396
2025,20250427,20250427LGHT0,1.0,2025_HOLDOUT,V10_WORKLOAD,0.49643782857442575
2025,20250427,20250427LTOB0,1.0,2025_HOLDOUT,V10_WORKLOAD,0.44580496222726756
2025,20250427,20250427NCSS0,1.0,2025_HOLDOUT,V10_WORKLOAD,0.548508306452941
2025,20250427,20250427WOSK0,0.0,2025_HOLDOUT,V10_WORKLOAD,0.446168782248056
2025,20250429,20250429KTOB0,0.0,2025_HOLDOUT,V10_WORKLOAD,0.42012415956357896
2025,20250429,20250429LGHH0,1.0,2025_HOLDOUT,V10_WORKLOAD,0.5446480908248914
2025,20250429,20250429LTWO0,0.0,2025_HOLDOUT,V10_WORKLOAD,0.3917960674334188
2025,20250429,20250429NCHT0,1.0,2025_HOLDOUT,V10_WORKLOAD,0.4519257455569812
2025,20250429,20250429SSSK0,0.0,2025_HOLDOUT,V10_WORKLOAD,0.45103014364737404
2025,20250430,20250430KTOB0,0.0,2025_HOLDOUT,V10_WORKLOAD,0.44251937573300026
2025,20250430,20250430LGHH0,1.0,2025_HOLDOUT,V10_WORKLOAD,0.5028938820800287
2025,20250430,20250430LTWO0,0.0,2025_HOLDOUT,V10_WORKLOAD,0.29822141904206717
2025,20250430,20250430NCHT0,0.0,2025_HOLDOUT,V10_WORKLOAD,0.44328527059816414
2025,20250501,20250501LTWO0,0.0,2025_HOLDOUT,V10_WORKLOAD,0.35274042672517814
2025,20250501,20250501SSSK0,1.0,2025_HOLDOUT,V10_WORKLOAD,0.45201155485200856
2025,20250502,20250502HHHT0,0.0,2025_HOLDOUT,V10_WORKLOAD,0.5119083013540092
2025,20250502,20250502NCLT0,1.0,2025_HOLDOUT,V10_WORKLOAD,0.5480714887130583
2025,20250502,20250502OBSS0,1.0,2025_HOLDOUT,V10_WORKLOAD,0.6072893145979826
2025,20250502,20250502SKLG0,0.0,2025_HOLDOUT,V10_WORKLOAD,0.5243978358067822
2025,20250502,20250502WOKT0,0.0,2025_HOLDOUT,V10_WORKLOAD,0.5429873431803905
2025,20250503,20250503NCLT0,0.0,2025_HOLDOUT,V10_WORKLOAD,0.4766584783788548
2025,20250503,20250503OBSS0,0.0,2025_HOLDOUT,V10_WORKLOAD,0.627727049856881
2025,20250503,20250503SKLG0,1.0,2025_HOLDOUT,V10_WORKLOAD,0.6093272760166869
2025,20250503,20250503WOKT0,1.0,2025_HOLDOUT,V10_WORKLOAD,0.4494348842722372
2025,20250504,20250504HHHT0,0.0,2025_HOLDOUT,V10_WORKLOAD,0.48402569914513366
2025,20250504,20250504NCLT0,0.0,2025_HOLDOUT,V10_WORKLOAD,0.6455567224284556
2025,20250504,20250504OBSS0,0.0,2025_HOLDOUT,V10_WORKLOAD,0.5331284507168045
2025,20250504,20250504SKLG0,1.0,2025_HOLDOUT,V10_WORKLOAD,0.6336438733907521
2025,20250504,20250504WOKT0,1.0,2025_HOLDOUT,V10_WORKLOAD,0.64572119455255
2025,20250505,20250505HTWO0,0.0,2025_HOLDOUT,V10_WORKLOAD,0.4585421299602335
2025,20250505,20250505LGOB0,1.0,2025_HOLDOUT,V10_WORKLOAD,0.48456570871011323
2025,20250505,20250505NCKT0,0.0,2025_HOLDOUT,V10_WORKLOAD,0.4299511494005157
2025,20250505,20250505SKLT0,0.0,2025_HOLDOUT,V10_WORKLOAD,0.37555389242820214
2025,20250505,20250505SSHH0,1.0,2025_HOLDOUT,V10_WORKLOAD,0.5888012227863259
2025,20250506,20250506HTWO0,0.0,2025_HOLDOUT,V10_WORKLOAD,0.4023540783766335
2025,20250506,20250506LGOB0,0.0,2025_HOLDOUT,V10_WORKLOAD,0.37107774844263125
2025,20250506,20250506NCKT0,0.0,2025_HOLDOUT,V10_WORKLOAD,0.5607470292734235
2025,20250506,20250506SKLT0,1.0,2025_HOLDOUT,V10_WORKLOAD,0.600539141358466
2025,20250506,20250506SSHH0,1.0,2025_HOLDOUT,V10_WORKLOAD,0.5352471686060125
2025,20250507,20250507HTWO0,1.0,2025_HOLDOUT,V10_WORKLOAD,0.6129543455819706
2025,20250507,20250507LGOB0,1.0,2025_HOLDOUT,V10_WORKLOAD,0.7170603045851204
2025,20250507,20250507NCKT0,0.0,2025_HOLDOUT,V10_WORKLOAD,0.7277046495095584
2025,20250507,20250507SKLT0,1.0,2025_HOLDOUT,V10_WORKLOAD,0.616439541682296
2025,20250507,20250507SSHH0,1.0,2025_HOLDOUT,V10_WORKLOAD,0.5892390701651442
2025,20250509,20250509HHWO0,0.0,2025_HOLDOUT,V10_WORKLOAD,0.48954763259050893
2025,20250510,20250510HHWO0,0.0,2025_HOLDOUT,V10_WORKLOAD,0.2675078581987131
2025,20250510,20250510HTSK0,0.0,2025_HOLDOUT,V10_WORKLOAD,0.48748460242610137
2025,20250510,20250510LGSS1,0.0,2025_HOLDOUT,V10_WORKLOAD,0.584480002449468
2025,20250510,20250510LGSS2,0.0,2025_HOLDOUT,V10_WORKLOAD,0.42466691547300095
2025,20250510,20250510LTKT0,0.0,2025_HOLDOUT,V10_WORKLOAD,0.6301491594255334
2025,20250511,20250511HHWO0,0.0,2025_HOLDOUT,V10_WORKLOAD,0.3675363868515704
2025,20250511,20250511HTSK1,1.0,2025_HOLDOUT,V10_WORKLOAD,0.4019487872672793
2025,20250511,20250511HTSK2,1.0,2025_HOLDOUT,V10_WORKLOAD,0.45981337446420384
2025,20250511,20250511LGSS0,0.0,2025_HOLDOUT,V10_WORKLOAD,0.5424732293556513
2025,20250511,20250511LTKT1,0.0,2025_HOLDOUT,V10_WORKLOAD,0.4454648913962676
2025,20250511,20250511NCOB1,0.0,2025_HOLDOUT,V10_WORKLOAD,0.5088275174335846
2025,20250511,20250511NCOB2,0.0,2025_HOLDOUT,V10_WORKLOAD,0.5069246724856752
2025,20250513,20250513KTSS0,1.0,2025_HOLDOUT,V10_WORKLOAD,0.41299927703077816
2025,20250513,20250513LTHT0,1.0,2025_HOLDOUT,V10_WORKLOAD,0.38214099993324474
2025,20250513,20250513NCSK0,1.0,2025_HOLDOUT,V10_WORKLOAD,0.4489611749974299
2025,20250513,20250513OBHH0,0.0,2025_HOLDOUT,V10_WORKLOAD,0.6444612840082251
2025,20250513,20250513WOLG0,1.0,2025_HOLDOUT,V10_WORKLOAD,0.6777839158662887
2025,20250514,20250514KTSS0,0.0,2025_HOLDOUT,V10_WORKLOAD,0.5327495850254106
2025,20250514,20250514LTHT0,0.0,2025_HOLDOUT,V10_WORKLOAD,0.3772932524294451
2025,20250514,20250514NCSK0,0.0,2025_HOLDOUT,V10_WORKLOAD,0.6132805986556085
2025,20250514,20250514OBHH0,0.0,2025_HOLDOUT,V10_WORKLOAD,0.5475846102419005
2025,20250514,20250514WOLG0,1.0,2025_HOLDOUT,V10_WORKLOAD,0.48139093465675514
2025,20250515,20250515KTSS0,1.0,2025_HOLDOUT,V10_WORKLOAD,0.519245045545258
2025,20250515,20250515LTHT0,1.0,2025_HOLDOUT,V10_WORKLOAD,0.5563304941182783
2025,20250515,20250515NCSK0,1.0,2025_HOLDOUT,V10_WORKLOAD,0.5323595066379557
2025,20250515,20250515OBHH0,0.0,2025_HOLDOUT,V10_WORKLOAD,0.5906231053318463
2025,20250515,20250515WOLG0,1.0,2025_HOLDOUT,V10_WORKLOAD,0.5523489906600204
2025,20250517,20250517KTLG1,0.0,2025_HOLDOUT,V10_WORKLOAD,0.5602461003558525
2025,20250517,20250517KTLG2,0.0,2025_HOLDOUT,V10_WORKLOAD,0.4596083097381322
2025,20250517,20250517OBHT1,1.0,2025_HOLDOUT,V10_WORKLOAD,0.5561892427667978
2025,20250517,20250517OBHT2,1.0,2025_HOLDOUT,V10_WORKLOAD,0.5926173239008836
2025,20250517,20250517SKHH1,1.0,2025_HOLDOUT,V10_WORKLOAD,0.5727509560794115
2025,20250517,20250517SKHH2,0.0,2025_HOLDOUT,V10_WORKLOAD,0.5650117883413786
2025,20250517,20250517SSLT1,1.0,2025_HOLDOUT,V10_WORKLOAD,0.5759654561247187
2025,20250517,20250517SSLT2,1.0,2025_HOLDOUT,V10_WORKLOAD,0.3250076789874302
2025,20250517,20250517WONC1,1.0,2025_HOLDOUT,V10_WORKLOAD,0.6177252771496539
2025,20250517,20250517WONC2,0.0,2025_HOLDOUT,V10_WORKLOAD,0.4523670781261477
2025,20250518,20250518KTLG0,1.0,2025_HOLDOUT,V10_WORKLOAD,0.49658369165382954
2025,20250518,20250518OBHT0,1.0,2025_HOLDOUT,V10_WORKLOAD,0.5298879127193658
2025,20250518,20250518SKHH0,0.0,2025_HOLDOUT,V10_WORKLOAD,0.5709727127599312
2025,20250518,20250518SSLT0,1.0,2025_HOLDOUT,V10_WORKLOAD,0.6192478747926021
2025,20250518,20250518WONC0,1.0,2025_HOLDOUT,V10_WORKLOAD,0.6380107226726198
2025,20250520,20250520HHNC0,0.0,2025_HOLDOUT,V10_WORKLOAD,0.2896912699088586
2025,20250520,20250520HTKT0,1.0,2025_HOLDOUT,V10_WORKLOAD,0.4181943359755706
2025,20250520,20250520LGLT0,0.0,2025_HOLDOUT,V10_WORKLOAD,0.22588065817731345
2025,20250520,20250520SKOB0,0.0,2025_HOLDOUT,V10_WORKLOAD,0.5406099348993995
2025,20250520,20250520SSWO0,0.0,2025_HOLDOUT,V10_WORKLOAD,0.47430352376358187
2025,20250521,20250521HHNC0,1.0,2025_HOLDOUT,V10_WORKLOAD,0.5708007526007732
2025,20250521,20250521HTKT0,1.0,2025_HOLDOUT,V10_WORKLOAD,0.5295965328256856
2025,20250521,20250521SKOB0,0.0,2025_HOLDOUT,V10_WORKLOAD,0.4314382341263858
2025,20250521,20250521SSWO0,0.0,2025_HOLDOUT,V10_WORKLOAD,0.4160744221788802
2025,20250522,20250522HHNC0,1.0,2025_HOLDOUT,V10_WORKLOAD,0.34384066144333675
2025,20250522,20250522HTKT0,0.0,2025_HOLDOUT,V10_WORKLOAD,0.5199350356274369
2025,20250522,20250522LGLT0,1.0,2025_HOLDOUT,V10_WORKLOAD,0.3738010361977732
2025,20250522,20250522SKOB0,1.0,2025_HOLDOUT,V10_WORKLOAD,0.4173404112749884
2025,20250522,20250522SSWO0,0.0,2025_HOLDOUT,V10_WORKLOAD,0.42655260898850345
2025,20250523,20250523HTSS0,0.0,2025_HOLDOUT,V10_WORKLOAD,0.4012316887178813
2025,20250523,20250523KTWO0,0.0,2025_HOLDOUT,V10_WORKLOAD,0.48140183885212584
2025,20250523,20250523LGSK0,0.0,2025_HOLDOUT,V10_WORKLOAD,0.5036960718099269
2025,20250523,20250523LTHH0,1.0,2025_HOLDOUT,V10_WORKLOAD,0.4667559751672194
2025,20250524,20250524HTSS0,1.0,2025_HOLDOUT,V10_WORKLOAD,0.46300234066502105
2025,20250524,20250524KTWO0,0.0,2025_HOLDOUT,V10_WORKLOAD,0.3141758956191225
2025,20250524,20250524LGSK0,1.0,2025_HOLDOUT,V10_WORKLOAD,0.4260090394181751
2025,20250524,20250524LTHH0,0.0,2025_HOLDOUT,V10_WORKLOAD,0.4956839505207569
2025,20250524,20250524NCOB0,0.0,2025_HOLDOUT,V10_WORKLOAD,0.38869574695304027
2025,20250525,20250525HTSS0,1.0,2025_HOLDOUT,V10_WORKLOAD,0.6590839605081601
2025,20250525,20250525KTWO0,0.0,2025_HOLDOUT,V10_WORKLOAD,0.3212013938609408
2025,20250525,20250525LGSK0,0.0,2025_HOLDOUT,V10_WORKLOAD,0.40885720126432196
2025,20250525,20250525LTHH0,1.0,2025_HOLDOUT,V10_WORKLOAD,0.4995680541522907
2025,20250525,20250525NCOB0,1.0,2025_HOLDOUT,V10_WORKLOAD,0.5689678555190187
2025,20250527,20250527HHLG0,1.0,2025_HOLDOUT,V10_WORKLOAD,0.6448226166468023
2025,20250527,20250527LTSS0,1.0,2025_HOLDOUT,V10_WORKLOAD,0.5969530443715036
2025,20250527,20250527OBKT0,1.0,2025_HOLDOUT,V10_WORKLOAD,0.677868734813081
2025,20250527,20250527WOHT0,1.0,2025_HOLDOUT,V10_WORKLOAD,0.4889731824690916
2025,20250528,20250528HHLG0,0.0,2025_HOLDOUT,V10_WORKLOAD,0.347134019165278
2025,20250528,20250528NCSK0,1.0,2025_HOLDOUT,V10_WORKLOAD,0.649668289516783
2025,20250528,20250528OBKT0,0.0,2025_HOLDOUT,V10_WORKLOAD,0.5738854903158535
2025,20250528,20250528WOHT0,1.0,2025_HOLDOUT,V10_WORKLOAD,0.5447070189016291
2025,20250529,20250529HHLG0,1.0,2025_HOLDOUT,V10_WORKLOAD,0.42884602950594214
2025,20250529,20250529LTSS0,1.0,2025_HOLDOUT,V10_WORKLOAD,0.3632445009167579
2025,20250529,20250529NCSK0,1.0,2025_HOLDOUT,V10_WORKLOAD,0.45048881206638125
2025,20250529,20250529OBKT0,1.0,2025_HOLDOUT,V10_WORKLOAD,0.4977166694850048
2025,20250530,20250530HHNC0,0.0,2025_HOLDOUT,V10_WORKLOAD,0.4507565284272156
2025,20250530,20250530HTKT0,1.0,2025_HOLDOUT,V10_WORKLOAD,0.5764614078430619
2025,20250530,20250530OBWO0,0.0,2025_HOLDOUT,V10_WORKLOAD,0.4244220597868664
2025,20250530,20250530SKLT0,1.0,2025_HOLDOUT,V10_WORKLOAD,0.5657975696465942
2025,20250530,20250530SSLG0,0.0,2025_HOLDOUT,V10_WORKLOAD,0.5430637281699112
2025,20250531,20250531HHNC0,0.0,2025_HOLDOUT,V10_WORKLOAD,0.4652948363332927
2025,20250531,20250531HTKT0,1.0,2025_HOLDOUT,V10_WORKLOAD,0.6650110607555014
2025,20250531,20250531OBWO0,1.0,2025_HOLDOUT,V10_WORKLOAD,0.5106087839678519
2025,20250531,20250531SKLT0,0.0,2025_HOLDOUT,V10_WORKLOAD,0.5369460994285319
2025,20250531,20250531SSLG0,0.0,2025_HOLDOUT,V10_WORKLOAD,0.4919849698821011
2025,20250601,20250601HHNC0,1.0,2025_HOLDOUT,V10_WORKLOAD,0.5559094277277618
2025,20250601,20250601HTKT0,0.0,2025_HOLDOUT,V10_WORKLOAD,0.31918868601890293
2025,20250601,20250601OBWO0,1.0,2025_HOLDOUT,V10_WORKLOAD,0.5814730175178198
2025,20250601,20250601SKLT0,0.0,2025_HOLDOUT,V10_WORKLOAD,0.3275834279176623
2025,20250601,20250601SSLG0,0.0,2025_HOLDOUT,V10_WORKLOAD,0.5615514997800128
2025,20250603,20250603HTOB0,0.0,2025_HOLDOUT,V10_WORKLOAD,0.46584025173345434
2025,20250603,20250603KTHH0,1.0,2025_HOLDOUT,V10_WORKLOAD,0.5694661062364254
2025,20250603,20250603LGNC0,0.0,2025_HOLDOUT,V10_WORKLOAD,0.29571967094343304
2025,20250603,20250603SSSK0,1.0,2025_HOLDOUT,V10_WORKLOAD,0.3849936481484085
2025,20250603,20250603WOLT0,1.0,2025_HOLDOUT,V10_WORKLOAD,0.5493414563018894
2025,20250604,20250604HTOB0,0.0,2025_HOLDOUT,V10_WORKLOAD,0.35570290441572133
2025,20250604,20250604KTHH0,1.0,2025_HOLDOUT,V10_WORKLOAD,0.5901896308679158
2025,20250604,20250604LGNC0,1.0,2025_HOLDOUT,V10_WORKLOAD,0.44800475386759575
2025,20250604,20250604SSSK0,1.0,2025_HOLDOUT,V10_WORKLOAD,0.45833278820032863
2025,20250604,20250604WOLT0,0.0,2025_HOLDOUT,V10_WORKLOAD,0.6231834759613144
2025,20250605,20250605HTOB0,1.0,2025_HOLDOUT,V10_WORKLOAD,0.44697313530403876
2025,20250605,20250605KTHH0,0.0,2025_HOLDOUT,V10_WORKLOAD,0.5216423485669611
2025,20250605,20250605LGNC0,0.0,2025_HOLDOUT,V10_WORKLOAD,0.5439621825529232
2025,20250605,20250605SSSK0,0.0,2025_HOLDOUT,V10_WORKLOAD,0.5747548224572195
2025,20250605,20250605WOLT0,0.0,2025_HOLDOUT,V10_WORKLOAD,0.5534278907188247
2025,20250606,20250606HHHT0,1.0,2025_HOLDOUT,V10_WORKLOAD,0.42807018705419675
2025,20250606,20250606LGWO0,1.0,2025_HOLDOUT,V10_WORKLOAD,0.46930944851725837
2025,20250606,20250606LTOB0,1.0,2025_HOLDOUT,V10_WORKLOAD,0.5316236749626742
2025,20250606,20250606NCSS0,1.0,2025_HOLDOUT,V10_WORKLOAD,0.6066056678386577
2025,20250606,20250606SKKT0,1.0,2025_HOLDOUT,V10_WORKLOAD,0.5614706240080777
2025,20250607,20250607HHHT0,0.0,2025_HOLDOUT,V10_WORKLOAD,0.6327884934496676
2025,20250607,20250607LGWO0,1.0,2025_HOLDOUT,V10_WORKLOAD,0.3943547541245769
2025,20250607,20250607LTOB0,0.0,2025_HOLDOUT,V10_WORKLOAD,0.5605938779950216
2025,20250607,20250607NCSS0,0.0,2025_HOLDOUT,V10_WORKLOAD,0.5419699410481081
2025,20250607,20250607SKKT0,1.0,2025_HOLDOUT,V10_WORKLOAD,0.5436566064816911
2025,20250608,20250608HHHT0,1.0,2025_HOLDOUT,V10_WORKLOAD,0.4205032806433511
2025,20250608,20250608LGWO0,0.0,2025_HOLDOUT,V10_WORKLOAD,0.42164461723949914
2025,20250608,20250608LTOB0,0.0,2025_HOLDOUT,V10_WORKLOAD,0.47147254607892247
2025,20250608,20250608NCSS0,1.0,2025_HOLDOUT,V10_WORKLOAD,0.8319108456302253
2025,20250608,20250608SKKT0,0.0,2025_HOLDOUT,V10_WORKLOAD,0.5959092760030698
2025,20250610,20250610LTKT0,1.0,2025_HOLDOUT,V10_WORKLOAD,0.40041224024515004
2025,20250610,20250610OBHH0,1.0,2025_HOLDOUT,V10_WORKLOAD,0.5887345082574214
2025,20250610,20250610SKLG0,0.0,2025_HOLDOUT,V10_WORKLOAD,0.5971228078400135
2025,20250610,20250610SSHT0,0.0,2025_HOLDOUT,V10_WORKLOAD,0.589796839035366
2025,20250611,20250611LTKT0,0.0,2025_HOLDOUT,V10_WORKLOAD,0.5208083570169776
2025,20250611,20250611NCWO0,0.0,2025_HOLDOUT,V10_WORKLOAD,0.47263698096123824
2025,20250611,20250611OBHH0,1.0,2025_HOLDOUT,V10_WORKLOAD,0.43896990909414185
2025,20250611,20250611SKLG0,1.0,2025_HOLDOUT,V10_WORKLOAD,0.4727398710720374
2025,20250611,20250611SSHT0,1.0,2025_HOLDOUT,V10_WORKLOAD,0.5698870727597192
2025,20250612,20250612LTKT0,0.0,2025_HOLDOUT,V10_WORKLOAD,0.5887405383999672
2025,20250612,20250612NCWO0,0.0,2025_HOLDOUT,V10_WORKLOAD,0.5136858984047075
2025,20250612,20250612OBHH0,1.0,2025_HOLDOUT,V10_WORKLOAD,0.45159325528714184
2025,20250612,20250612SKLG0,1.0,2025_HOLDOUT,V10_WORKLOAD,0.6156782564241262
2025,20250612,20250612SSHT0,0.0,2025_HOLDOUT,V10_WORKLOAD,0.43873212991053023
2025,20250613,20250613HTNC0,1.0,2025_HOLDOUT,V10_WORKLOAD,0.42248290846393566
2025,20250614,20250614HTNC0,0.0,2025_HOLDOUT,V10_WORKLOAD,0.19161764685667487
2025,20250614,20250614KTSS0,0.0,2025_HOLDOUT,V10_WORKLOAD,0.5976830591358258
2025,20250614,20250614LTSK0,0.0,2025_HOLDOUT,V10_WORKLOAD,0.45377424397441524
2025,20250614,20250614WOOB0,1.0,2025_HOLDOUT,V10_WORKLOAD,0.40646497085374556
2025,20250615,20250615HTNC0,0.0,2025_HOLDOUT,V10_WORKLOAD,0.4335085874974111
2025,20250615,20250615KTSS0,0.0,2025_HOLDOUT,V10_WORKLOAD,0.416939444116813
2025,20250615,20250615LGHH0,1.0,2025_HOLDOUT,V10_WORKLOAD,0.4839573969234096
2025,20250615,20250615LTSK0,1.0,2025_HOLDOUT,V10_WORKLOAD,0.6452497404326202
2025,20250615,20250615WOOB0,1.0,2025_HOLDOUT,V10_WORKLOAD,0.5296640516057107
2025,20250617,20250617HHLT0,0.0,2025_HOLDOUT,V10_WORKLOAD,0.45347771644010587
2025,20250617,20250617KTHT0,1.0,2025_HOLDOUT,V10_WORKLOAD,0.4017376404511616
2025,20250617,20250617NCLG0,0.0,2025_HOLDOUT,V10_WORKLOAD,0.45395907560017
2025,20250617,20250617OBSS0,1.0,2025_HOLDOUT,V10_WORKLOAD,0.5696484952688515
2025,20250617,20250617SKWO0,0.0,2025_HOLDOUT,V10_WORKLOAD,0.4643838389602868
2025,20250618,20250618HHLT0,1.0,2025_HOLDOUT,V10_WORKLOAD,0.37022557520135324
2025,20250618,20250618KTHT0,1.0,2025_HOLDOUT,V10_WORKLOAD,0.3489196950590957
2025,20250618,20250618NCLG0,1.0,2025_HOLDOUT,V10_WORKLOAD,0.6329239485430674
2025,20250618,20250618OBSS0,1.0,2025_HOLDOUT,V10_WORKLOAD,0.5144146152939022
2025,20250618,20250618SKWO0,1.0,2025_HOLDOUT,V10_WORKLOAD,0.5897970005658723
2025,20250619,20250619HHLT0,1.0,2025_HOLDOUT,V10_WORKLOAD,0.5337713013303381
2025,20250619,20250619KTHT0,1.0,2025_HOLDOUT,V10_WORKLOAD,0.5923158700225111
2025,20250619,20250619NCLG0,0.0,2025_HOLDOUT,V10_WORKLOAD,0.299859023390017
2025,20250619,20250619OBSS0,0.0,2025_HOLDOUT,V10_WORKLOAD,0.39365565492343735
2025,20250619,20250619SKWO0,0.0,2025_HOLDOUT,V10_WORKLOAD,0.5390323696883866
2025,20250620,20250620SSLT0,1.0,2025_HOLDOUT,V10_WORKLOAD,0.6732185496804147
2025,20250621,20250621NCKT0,1.0,2025_HOLDOUT,V10_WORKLOAD,0.6467270029927741
2025,20250621,20250621OBLG0,0.0,2025_HOLDOUT,V10_WORKLOAD,0.494722945299085
2025,20250622,20250622HTSK0,0.0,2025_HOLDOUT,V10_WORKLOAD,0.44353961657431973
2025,20250622,20250622NCKT0,0.0,2025_HOLDOUT,V10_WORKLOAD,0.48178296605860593
2025,20250622,20250622OBLG0,1.0,2025_HOLDOUT,V10_WORKLOAD,0.6200099020754022
2025,20250622,20250622SSLT0,1.0,2025_HOLDOUT,V10_WORKLOAD,0.5197212547767678
2025,20250622,20250622WOHH0,1.0,2025_HOLDOUT,V10_WORKLOAD,0.615242749329329
2025,20250624,20250624HTWO0,1.0,2025_HOLDOUT,V10_WORKLOAD,0.5423095028434042
2025,20250624,20250624LGKT0,1.0,2025_HOLDOUT,V10_WORKLOAD,0.4710021857421592
2025,20250624,20250624SKOB0,1.0,2025_HOLDOUT,V10_WORKLOAD,0.4101751483088353
2025,20250625,20250625HHSS0,1.0,2025_HOLDOUT,V10_WORKLOAD,0.46896610919351006
2025,20250625,20250625HTWO0,0.0,2025_HOLDOUT,V10_WORKLOAD,0.4310491593277838
2025,20250625,20250625LTNC0,1.0,2025_HOLDOUT,V10_WORKLOAD,0.4627422076350618
2025,20250626,20250626HHSS0,0.0,2025_HOLDOUT,V10_WORKLOAD,0.4436815544731366
2025,20250626,20250626LGKT0,0.0,2025_HOLDOUT,V10_WORKLOAD,0.44260846276463206
2025,20250626,20250626LTNC0,0.0,2025_HOLDOUT,V10_WORKLOAD,0.32889899735079303
2025,20250626,20250626SKOB0,0.0,2025_HOLDOUT,V10_WORKLOAD,0.5610260687434069
2025,20250627,20250627HHSK0,1.0,2025_HOLDOUT,V10_WORKLOAD,0.47657179160056495
2025,20250627,20250627HTLG0,1.0,2025_HOLDOUT,V10_WORKLOAD,0.49641773130463057
2025,20250627,20250627KTLT0,0.0,2025_HOLDOUT,V10_WORKLOAD,0.30957615639817243
2025,20250627,20250627OBNC0,1.0,2025_HOLDOUT,V10_WORKLOAD,0.4741315085404001
2025,20250627,20250627SSWO0,1.0,2025_HOLDOUT,V10_WORKLOAD,0.45908172728658786
2025,20250628,20250628HHSK0,0.0,2025_HOLDOUT,V10_WORKLOAD,0.44521480406907366
2025,20250628,20250628HTLG0,0.0,2025_HOLDOUT,V10_WORKLOAD,0.5385576068259172
2025,20250628,20250628KTLT0,0.0,2025_HOLDOUT,V10_WORKLOAD,0.4588086950017545
2025,20250628,20250628OBNC0,1.0,2025_HOLDOUT,V10_WORKLOAD,0.4820744002289873
2025,20250628,20250628SSWO0,1.0,2025_HOLDOUT,V10_WORKLOAD,0.45908644214245925
2025,20250629,20250629HHSK0,1.0,2025_HOLDOUT,V10_WORKLOAD,0.44252795767368663
2025,20250629,20250629HTLG0,0.0,2025_HOLDOUT,V10_WORKLOAD,0.6307493608084296
2025,20250629,20250629KTLT0,1.0,2025_HOLDOUT,V10_WORKLOAD,0.5855081224920853
2025,20250629,20250629OBNC0,0.0,2025_HOLDOUT,V10_WORKLOAD,0.4898246541142853
2025,20250629,20250629SSWO0,1.0,2025_HOLDOUT,V10_WORKLOAD,0.5161769854271876
2025,20250701,20250701LGLT0,0.0,2025_HOLDOUT,V10_WORKLOAD,0.5562075206734003
2025,20250701,20250701NCHH0,1.0,2025_HOLDOUT,V10_WORKLOAD,0.5593993411867152
2025,20250701,20250701SKHT0,1.0,2025_HOLDOUT,V10_WORKLOAD,0.31940199416852616
2025,20250701,20250701SSOB0,0.0,2025_HOLDOUT,V10_WORKLOAD,0.35626576118735415
2025,20250701,20250701WOKT0,0.0,2025_HOLDOUT,V10_WORKLOAD,0.6227348938223912
2025,20250702,20250702LGLT0,1.0,2025_HOLDOUT,V10_WORKLOAD,0.4798924298657782
2025,20250702,20250702NCHH0,0.0,2025_HOLDOUT,V10_WORKLOAD,0.7031246559599894
2025,20250702,20250702SKHT0,0.0,2025_HOLDOUT,V10_WORKLOAD,0.4750929153503777
2025,20250702,20250702SSOB0,1.0,2025_HOLDOUT,V10_WORKLOAD,0.5696895866204208
2025,20250702,20250702WOKT0,1.0,2025_HOLDOUT,V10_WORKLOAD,0.4989159870799656
2025,20250703,20250703LGLT0,1.0,2025_HOLDOUT,V10_WORKLOAD,0.3436104877059797
2025,20250703,20250703SKHT0,1.0,2025_HOLDOUT,V10_WORKLOAD,0.5447254841354349
2025,20250703,20250703SSOB0,0.0,2025_HOLDOUT,V10_WORKLOAD,0.5245538195488051
2025,20250703,20250703WOKT0,1.0,2025_HOLDOUT,V10_WORKLOAD,0.6096079629421799
2025,20250704,20250704HHWO0,0.0,2025_HOLDOUT,V10_WORKLOAD,0.38813155641217173
2025,20250704,20250704KTOB0,0.0,2025_HOLDOUT,V10_WORKLOAD,0.5189579085535728
2025,20250704,20250704LGSS0,1.0,2025_HOLDOUT,V10_WORKLOAD,0.38069697251016155
2025,20250704,20250704LTHT0,1.0,2025_HOLDOUT,V10_WORKLOAD,0.6150029299121719
2025,20250704,20250704SKNC0,0.0,2025_HOLDOUT,V10_WORKLOAD,0.4548664352127066
2025,20250705,20250705HHWO0,0.0,2025_HOLDOUT,V10_WORKLOAD,0.37609915430450425
2025,20250705,20250705KTOB0,1.0,2025_HOLDOUT,V10_WORKLOAD,0.42007720984181673
2025,20250705,20250705LGSS0,1.0,2025_HOLDOUT,V10_WORKLOAD,0.3489068296379226
2025,20250705,20250705LTHT0,1.0,2025_HOLDOUT,V10_WORKLOAD,0.42200306830989426
2025,20250705,20250705SKNC0,0.0,2025_HOLDOUT,V10_WORKLOAD,0.4394765977084927
2025,20250706,20250706HHWO0,0.0,2025_HOLDOUT,V10_WORKLOAD,0.32922395424267226
2025,20250706,20250706KTOB0,1.0,2025_HOLDOUT,V10_WORKLOAD,0.38627021884059254
2025,20250706,20250706LGSS0,0.0,2025_HOLDOUT,V10_WORKLOAD,0.5937373380503781
2025,20250706,20250706LTHT0,0.0,2025_HOLDOUT,V10_WORKLOAD,0.24862036359067846
2025,20250706,20250706SKNC0,1.0,2025_HOLDOUT,V10_WORKLOAD,0.6001274469410638
2025,20250708,20250708HTHH0,1.0,2025_HOLDOUT,V10_WORKLOAD,0.6130783704513694
2025,20250708,20250708KTSK0,1.0,2025_HOLDOUT,V10_WORKLOAD,0.5697339931405779
2025,20250708,20250708OBLT0,0.0,2025_HOLDOUT,V10_WORKLOAD,0.3708883706578764
2025,20250708,20250708SSNC0,1.0,2025_HOLDOUT,V10_WORKLOAD,0.40743203169780534
2025,20250708,20250708WOLG0,1.0,2025_HOLDOUT,V10_WORKLOAD,0.5312900953525872
2025,20250709,20250709HTHH0,1.0,2025_HOLDOUT,V10_WORKLOAD,0.4792284121157771
2025,20250709,20250709KTSK0,0.0,2025_HOLDOUT,V10_WORKLOAD,0.45037092456160094
2025,20250709,20250709OBLT0,1.0,2025_HOLDOUT,V10_WORKLOAD,0.38982913173373157
2025,20250709,20250709SSNC0,1.0,2025_HOLDOUT,V10_WORKLOAD,0.467602370948358
2025,20250709,20250709WOLG0,1.0,2025_HOLDOUT,V10_WORKLOAD,0.5724130813343827
2025,20250710,20250710HTHH0,1.0,2025_HOLDOUT,V10_WORKLOAD,0.3505086194386902
2025,20250710,20250710KTSK0,0.0,2025_HOLDOUT,V10_WORKLOAD,0.4875464713629709
2025,20250710,20250710OBLT0,0.0,2025_HOLDOUT,V10_WORKLOAD,0.419314809039838
2025,20250710,20250710SSNC0,1.0,2025_HOLDOUT,V10_WORKLOAD,0.5627508267430937
2025,20250710,20250710WOLG0,0.0,2025_HOLDOUT,V10_WORKLOAD,0.4929900699560627
2025,20250718,20250718HHKT0,0.0,2025_HOLDOUT,V10_WORKLOAD,0.385673408799303
2025,20250718,20250718LTLG0,1.0,2025_HOLDOUT,V10_WORKLOAD,0.4704479927070671
2025,20250719,20250719HHKT0,0.0,2025_HOLDOUT,V10_WORKLOAD,0.43323945938373976
2025,20250719,20250719LTLG0,0.0,2025_HOLDOUT,V10_WORKLOAD,0.4310846881591416
2025,20250719,20250719OBSK0,0.0,2025_HOLDOUT,V10_WORKLOAD,0.5528769562868217
2025,20250720,20250720HHKT0,0.0,2025_HOLDOUT,V10_WORKLOAD,0.46850347508183987
2025,20250720,20250720LTLG0,1.0,2025_HOLDOUT,V10_WORKLOAD,0.6677429469506719
2025,20250720,20250720NCHT0,1.0,2025_HOLDOUT,V10_WORKLOAD,0.3891560628927721
2025,20250720,20250720OBSK0,0.0,2025_HOLDOUT,V10_WORKLOAD,0.49746761959084673
2025,20250720,20250720WOSS0,1.0,2025_HOLDOUT,V10_WORKLOAD,0.5262743353214756
2025,20250722,20250722HHOB0,0.0,2025_HOLDOUT,V10_WORKLOAD,0.47289616885599234
2025,20250722,20250722KTNC0,0.0,2025_HOLDOUT,V10_WORKLOAD,0.4433904569831148
2025,20250722,20250722LGHT0,0.0,2025_HOLDOUT,V10_WORKLOAD,0.5328853235005574
2025,20250722,20250722LTWO0,1.0,2025_HOLDOUT,V10_WORKLOAD,0.4837590878772461
2025,20250722,20250722SKSS0,1.0,2025_HOLDOUT,V10_WORKLOAD,0.496409485682858
2025,20250723,20250723HHOB0,1.0,2025_HOLDOUT,V10_WORKLOAD,0.49407884659530826
2025,20250723,20250723KTNC0,0.0,2025_HOLDOUT,V10_WORKLOAD,0.583621027346235
2025,20250723,20250723LGHT0,0.0,2025_HOLDOUT,V10_WORKLOAD,0.4432847387649367
2025,20250723,20250723LTWO0,0.0,2025_HOLDOUT,V10_WORKLOAD,0.4538358316003918
2025,20250723,20250723SKSS0,1.0,2025_HOLDOUT,V10_WORKLOAD,0.5201732520065839
2025,20250724,20250724KTNC0,0.0,2025_HOLDOUT,V10_WORKLOAD,0.36358338466180795
2025,20250724,20250724LGHT0,0.0,2025_HOLDOUT,V10_WORKLOAD,0.4736448358958853
2025,20250724,20250724LTWO0,0.0,2025_HOLDOUT,V10_WORKLOAD,0.3966059029163989
2025,20250724,20250724SKSS0,0.0,2025_HOLDOUT,V10_WORKLOAD,0.5027815391525122
2025,20250725,20250725HTLT0,1.0,2025_HOLDOUT,V10_WORKLOAD,0.7747872394203642
2025,20250725,20250725LGOB0,0.0,2025_HOLDOUT,V10_WORKLOAD,0.479885054867278
2025,20250725,20250725SKHH0,1.0,2025_HOLDOUT,V10_WORKLOAD,0.5620835812175817
2025,20250725,20250725SSKT0,1.0,2025_HOLDOUT,V10_WORKLOAD,0.636231861126375
2025,20250725,20250725WONC0,1.0,2025_HOLDOUT,V10_WORKLOAD,0.47164115696008346
2025,20250726,20250726HTLT0,1.0,2025_HOLDOUT,V10_WORKLOAD,0.6141649381943722
2025,20250726,20250726LGOB0,0.0,2025_HOLDOUT,V10_WORKLOAD,0.4228975649130445
2025,20250726,20250726SKHH0,0.0,2025_HOLDOUT,V10_WORKLOAD,0.5430630741436705
2025,20250726,20250726SSKT0,0.0,2025_HOLDOUT,V10_WORKLOAD,0.4585469377958136
2025,20250726,20250726WONC0,1.0,2025_HOLDOUT,V10_WORKLOAD,0.44278444169930903
2025,20250727,20250727HTLT0,1.0,2025_HOLDOUT,V10_WORKLOAD,0.3983147544243774
2025,20250727,20250727LGOB0,1.0,2025_HOLDOUT,V10_WORKLOAD,0.7176950552047305
2025,20250727,20250727SKHH0,0.0,2025_HOLDOUT,V10_WORKLOAD,0.5134808615282564
2025,20250727,20250727SSKT0,1.0,2025_HOLDOUT,V10_WORKLOAD,0.5172150640751121
2025,20250727,20250727WONC0,1.0,2025_HOLDOUT,V10_WORKLOAD,0.554355377436135
2025,20250729,20250729KTLG0,1.0,2025_HOLDOUT,V10_WORKLOAD,0.5404043662228266
2025,20250729,20250729NCLT0,1.0,2025_HOLDOUT,V10_WORKLOAD,0.5372035833073963
2025,20250729,20250729OBHT0,0.0,2025_HOLDOUT,V10_WORKLOAD,0.5302374325240294
2025,20250729,20250729SSHH0,0.0,2025_HOLDOUT,V10_WORKLOAD,0.4404530532853237
2025,20250729,20250729WOSK0,1.0,2025_HOLDOUT,V10_WORKLOAD,0.43473362432057167
2025,20250730,20250730KTLG0,1.0,2025_HOLDOUT,V10_WORKLOAD,0.5885555976859046
2025,20250730,20250730NCLT0,0.0,2025_HOLDOUT,V10_WORKLOAD,0.7182924485732901
2025,20250730,20250730SSHH0,1.0,2025_HOLDOUT,V10_WORKLOAD,0.6304834976884668
2025,20250731,20250731KTLG0,1.0,2025_HOLDOUT,V10_WORKLOAD,0.4824806729132538
2025,20250731,20250731NCLT0,1.0,2025_HOLDOUT,V10_WORKLOAD,0.6495127673301399
2025,20250731,20250731OBHT0,1.0,2025_HOLDOUT,V10_WORKLOAD,0.2657215182528148
2025,20250731,20250731SSHH0,1.0,2025_HOLDOUT,V10_WORKLOAD,0.7786223921675892
2025,20250731,20250731WOSK0,1.0,2025_HOLDOUT,V10_WORKLOAD,0.6245451886226644
2025,20250801,20250801HHHT0,1.0,2025_HOLDOUT,V10_WORKLOAD,0.2588905487318167
2025,20250801,20250801KTNC0,1.0,2025_HOLDOUT,V10_WORKLOAD,0.4231260062793246
2025,20250801,20250801LGSS0,0.0,2025_HOLDOUT,V10_WORKLOAD,0.5034827151492656
2025,20250801,20250801LTWO0,1.0,2025_HOLDOUT,V10_WORKLOAD,0.6204171066819424
2025,20250801,20250801SKOB0,0.0,2025_HOLDOUT,V10_WORKLOAD,0.4643630091742857
2025,20250802,20250802KTNC0,1.0,2025_HOLDOUT,V10_WORKLOAD,0.6528513305411058
2025,20250802,20250802LGSS0,0.0,2025_HOLDOUT,V10_WORKLOAD,0.5261093495785519
2025,20250802,20250802LTWO0,0.0,2025_HOLDOUT,V10_WORKLOAD,0.484897207476754
2025,20250802,20250802SKOB0,1.0,2025_HOLDOUT,V10_WORKLOAD,0.4603307349479655
2025,20250803,20250803LGSS0,0.0,2025_HOLDOUT,V10_WORKLOAD,0.39598040743596996
2025,20250803,20250803LTWO0,0.0,2025_HOLDOUT,V10_WORKLOAD,0.3973409996761817
2025,20250803,20250803SKOB0,0.0,2025_HOLDOUT,V10_WORKLOAD,0.4799638102172734
2025,20250805,20250805HTLT0,0.0,2025_HOLDOUT,V10_WORKLOAD,0.47282313029844103
2025,20250805,20250805KTHH0,0.0,2025_HOLDOUT,V10_WORKLOAD,0.6218848006546368
2025,20250805,20250805OBLG0,1.0,2025_HOLDOUT,V10_WORKLOAD,0.6096207556271328
2025,20250805,20250805SSSK0,0.0,2025_HOLDOUT,V10_WORKLOAD,0.5146469207432688
2025,20250805,20250805WONC0,0.0,2025_HOLDOUT,V10_WORKLOAD,0.4089236852195636
2025,20250806,20250806HTLT0,1.0,2025_HOLDOUT,V10_WORKLOAD,0.5025508547241287
2025,20250806,20250806KTHH0,1.0,2025_HOLDOUT,V10_WORKLOAD,0.6668590583002412
2025,20250806,20250806OBLG0,0.0,2025_HOLDOUT,V10_WORKLOAD,0.3182720731580728
2025,20250806,20250806SSSK0,1.0,2025_HOLDOUT,V10_WORKLOAD,0.6120480247441412
2025,20250806,20250806WONC0,0.0,2025_HOLDOUT,V10_WORKLOAD,0.4934596133971987
2025,20250807,20250807HTLT0,0.0,2025_HOLDOUT,V10_WORKLOAD,0.39208944645642785
2025,20250807,20250807KTHH0,0.0,2025_HOLDOUT,V10_WORKLOAD,0.5416461462017613
2025,20250807,20250807OBLG0,1.0,2025_HOLDOUT,V10_WORKLOAD,0.5155257849910214
2025,20250807,20250807SSSK0,0.0,2025_HOLDOUT,V10_WORKLOAD,0.43884330410475536
2025,20250807,20250807WONC0,0.0,2025_HOLDOUT,V10_WORKLOAD,0.44161431908052196
2025,20250808,20250808HHLG0,1.0,2025_HOLDOUT,V10_WORKLOAD,0.5489315101373456
2025,20250808,20250808HTNC0,1.0,2025_HOLDOUT,V10_WORKLOAD,0.5500761747855081
2025,20250808,20250808OBWO0,0.0,2025_HOLDOUT,V10_WORKLOAD,0.42143495503605494
2025,20250808,20250808SKLT0,0.0,2025_HOLDOUT,V10_WORKLOAD,0.5466345710212575
2025,20250808,20250808SSKT0,0.0,2025_HOLDOUT,V10_WORKLOAD,0.4845446590966697
2025,20250809,20250809HHLG0,1.0,2025_HOLDOUT,V10_WORKLOAD,0.6061525735526629
2025,20250809,20250809OBWO0,0.0,2025_HOLDOUT,V10_WORKLOAD,0.5091677191637808
2025,20250809,20250809SSKT0,1.0,2025_HOLDOUT,V10_WORKLOAD,0.5485404966367833
2025,20250810,20250810HHLG0,0.0,2025_HOLDOUT,V10_WORKLOAD,0.5094364432888797
2025,20250810,20250810HTNC0,1.0,2025_HOLDOUT,V10_WORKLOAD,0.6923394077707297
2025,20250810,20250810OBWO0,1.0,2025_HOLDOUT,V10_WORKLOAD,0.5975475755495222
2025,20250810,20250810SKLT0,0.0,2025_HOLDOUT,V10_WORKLOAD,0.6430167614623449
2025,20250810,20250810SSKT0,1.0,2025_HOLDOUT,V10_WORKLOAD,0.44318612358620263
2025,20250812,20250812HTSS0,0.0,2025_HOLDOUT,V10_WORKLOAD,0.377450162242165
2025,20250812,20250812LGKT0,0.0,2025_HOLDOUT,V10_WORKLOAD,0.5310900535540174
2025,20250812,20250812LTHH0,1.0,2025_HOLDOUT,V10_WORKLOAD,0.5251826695863157
2025,20250812,20250812NCOB0,0.0,2025_HOLDOUT,V10_WORKLOAD,0.5851790953558125
2025,20250812,20250812WOSK0,1.0,2025_HOLDOUT,V10_WORKLOAD,0.6224941858645505
2025,20250813,20250813HTSS0,0.0,2025_HOLDOUT,V10_WORKLOAD,0.5382940365349701
2025,20250813,20250813LTHH0,1.0,2025_HOLDOUT,V10_WORKLOAD,0.5929408175253171
2025,20250814,20250814HTSS0,0.0,2025_HOLDOUT,V10_WORKLOAD,0.522854014861861
2025,20250814,20250814LTHH0,1.0,2025_HOLDOUT,V10_WORKLOAD,0.5229611361629439
2025,20250814,20250814NCOB0,1.0,2025_HOLDOUT,V10_WORKLOAD,0.46026336055783607
2025,20250814,20250814WOSK0,0.0,2025_HOLDOUT,V10_WORKLOAD,0.4394166266139934
2025,20250815,20250815HHNC0,0.0,2025_HOLDOUT,V10_WORKLOAD,0.6880676642454217
2025,20250815,20250815HTOB0,1.0,2025_HOLDOUT,V10_WORKLOAD,0.5399470041882004
2025,20250815,20250815KTWO0,1.0,2025_HOLDOUT,V10_WORKLOAD,0.3881622361501768
2025,20250815,20250815LGSK0,0.0,2025_HOLDOUT,V10_WORKLOAD,0.4574347798373594
2025,20250815,20250815SSLT0,0.0,2025_HOLDOUT,V10_WORKLOAD,0.4463636670281268
2025,20250816,20250816HHNC0,1.0,2025_HOLDOUT,V10_WORKLOAD,0.4233364496097147
2025,20250816,20250816HTOB0,1.0,2025_HOLDOUT,V10_WORKLOAD,0.6130237205147322
2025,20250816,20250816KTWO0,1.0,2025_HOLDOUT,V10_WORKLOAD,0.496740705838943
2025,20250816,20250816LGSK0,1.0,2025_HOLDOUT,V10_WORKLOAD,0.39133092064028807
2025,20250816,20250816SSLT0,0.0,2025_HOLDOUT,V10_WORKLOAD,0.591412077087548
2025,20250817,20250817HHNC0,1.0,2025_HOLDOUT,V10_WORKLOAD,0.47060948282390963
2025,20250817,20250817HTOB0,1.0,2025_HOLDOUT,V10_WORKLOAD,0.35517070163418474
2025,20250817,20250817KTWO0,0.0,2025_HOLDOUT,V10_WORKLOAD,0.5041549933281487
2025,20250817,20250817LGSK0,0.0,2025_HOLDOUT,V10_WORKLOAD,0.352104989763928
2025,20250819,20250819LTLG0,1.0,2025_HOLDOUT,V10_WORKLOAD,0.5094446461200935
2025,20250819,20250819OBHH0,0.0,2025_HOLDOUT,V10_WORKLOAD,0.6098501387044512
2025,20250819,20250819SKKT0,1.0,2025_HOLDOUT,V10_WORKLOAD,0.44935925711526375
2025,20250819,20250819SSNC0,0.0,2025_HOLDOUT,V10_WORKLOAD,0.43955818725708545
2025,20250819,20250819WOHT0,1.0,2025_HOLDOUT,V10_WORKLOAD,0.5910447496489201
2025,20250820,20250820LTLG0,1.0,2025_HOLDOUT,V10_WORKLOAD,0.5323221599613522
2025,20250820,20250820OBHH0,0.0,2025_HOLDOUT,V10_WORKLOAD,0.2912181270947348
2025,20250820,20250820SKKT0,0.0,2025_HOLDOUT,V10_WORKLOAD,0.43178869134509795
2025,20250820,20250820SSNC0,0.0,2025_HOLDOUT,V10_WORKLOAD,0.29299097486405273
2025,20250820,20250820WOHT0,0.0,2025_HOLDOUT,V10_WORKLOAD,0.4835344014222598
2025,20250821,20250821OBHH0,0.0,2025_HOLDOUT,V10_WORKLOAD,0.505178177396474
2025,20250821,20250821SKKT0,0.0,2025_HOLDOUT,V10_WORKLOAD,0.46344793815347174
2025,20250821,20250821SSNC0,1.0,2025_HOLDOUT,V10_WORKLOAD,0.5257333245199736
2025,20250821,20250821WOHT0,0.0,2025_HOLDOUT,V10_WORKLOAD,0.522802631210891
2025,20250822,20250822KTOB0,0.0,2025_HOLDOUT,V10_WORKLOAD,0.40132248747316535
2025,20250822,20250822LGHT0,0.0,2025_HOLDOUT,V10_WORKLOAD,0.29559853630808436
2025,20250822,20250822LTNC0,1.0,2025_HOLDOUT,V10_WORKLOAD,0.3707336155873058
2025,20250822,20250822SKHH0,0.0,2025_HOLDOUT,V10_WORKLOAD,0.6614207666794107
2025,20250822,20250822WOSS0,1.0,2025_HOLDOUT,V10_WORKLOAD,0.3720244372830184
2025,20250823,20250823KTOB0,0.0,2025_HOLDOUT,V10_WORKLOAD,0.4117966595355425
2025,20250823,20250823LGHT0,0.0,2025_HOLDOUT,V10_WORKLOAD,0.4733727240655702
2025,20250823,20250823LTNC0,1.0,2025_HOLDOUT,V10_WORKLOAD,0.31561238982665546
2025,20250823,20250823SKHH0,1.0,2025_HOLDOUT,V10_WORKLOAD,0.3547161070583417
2025,20250823,20250823WOSS0,1.0,2025_HOLDOUT,V10_WORKLOAD,0.4965108118241144
2025,20250824,20250824KTOB0,0.0,2025_HOLDOUT,V10_WORKLOAD,0.41282442349269255
2025,20250824,20250824LGHT0,0.0,2025_HOLDOUT,V10_WORKLOAD,0.518850154244153
2025,20250824,20250824LTNC0,0.0,2025_HOLDOUT,V10_WORKLOAD,0.45793632842932425
2025,20250824,20250824SKHH0,1.0,2025_HOLDOUT,V10_WORKLOAD,0.6710978004030642
2025,20250824,20250824WOSS0,1.0,2025_HOLDOUT,V10_WORKLOAD,0.6595266652585764
2025,20250826,20250826HHWO0,0.0,2025_HOLDOUT,V10_WORKLOAD,0.49501035179234176
2025,20250826,20250826HTSK0,1.0,2025_HOLDOUT,V10_WORKLOAD,0.47262250264586775
2025,20250826,20250826KTLT0,1.0,2025_HOLDOUT,V10_WORKLOAD,0.48312131965151567
2025,20250826,20250826LGNC0,1.0,2025_HOLDOUT,V10_WORKLOAD,0.4446009713088681
2025,20250826,20250826SSOB0,0.0,2025_HOLDOUT,V10_WORKLOAD,0.43979560517500305
2025,20250827,20250827HHWO0,0.0,2025_HOLDOUT,V10_WORKLOAD,0.4099415422118793
2025,20250827,20250827HTSK0,0.0,2025_HOLDOUT,V10_WORKLOAD,0.6039874881493253
2025,20250827,20250827KTLT0,0.0,2025_HOLDOUT,V10_WORKLOAD,0.5010291510780316
2025,20250827,20250827LGNC0,0.0,2025_HOLDOUT,V10_WORKLOAD,0.17544168843711483
2025,20250827,20250827SSOB0,0.0,2025_HOLDOUT,V10_WORKLOAD,0.44598888804724846
2025,20250828,20250828HHWO0,0.0,2025_HOLDOUT,V10_WORKLOAD,0.38984992632371357
2025,20250828,20250828HTSK0,0.0,2025_HOLDOUT,V10_WORKLOAD,0.6212816284608945
2025,20250828,20250828KTLT0,1.0,2025_HOLDOUT,V10_WORKLOAD,0.49607902678760374
2025,20250828,20250828LGNC0,0.0,2025_HOLDOUT,V10_WORKLOAD,0.39707646951504566
2025,20250828,20250828SSOB0,1.0,2025_HOLDOUT,V10_WORKLOAD,0.4299230027982588
2025,20250829,20250829HTKT0,0.0,2025_HOLDOUT,V10_WORKLOAD,0.42393622335179365
2025,20250829,20250829NCSK0,1.0,2025_HOLDOUT,V10_WORKLOAD,0.6627838411142122
2025,20250829,20250829OBLT0,0.0,2025_HOLDOUT,V10_WORKLOAD,0.45987951978917474
2025,20250829,20250829SSHH0,0.0,2025_HOLDOUT,V10_WORKLOAD,0.44016034038084645
2025,20250829,20250829WOLG0,0.0,2025_HOLDOUT,V10_WORKLOAD,0.6304791248575439
2025,20250830,20250830HTKT0,1.0,2025_HOLDOUT,V10_WORKLOAD,0.4322159475160852
2025,20250830,20250830NCSK0,0.0,2025_HOLDOUT,V10_WORKLOAD,0.5195749246059727
2025,20250830,20250830SSHH0,0.0,2025_HOLDOUT,V10_WORKLOAD,0.4716787070245563
2025,20250830,20250830WOLG0,1.0,2025_HOLDOUT,V10_WORKLOAD,0.6293750171331757
2025,20250831,20250831HTKT0,1.0,2025_HOLDOUT,V10_WORKLOAD,0.48414626779954756
2025,20250831,20250831NCSK0,1.0,2025_HOLDOUT,V10_WORKLOAD,0.46827853651800905
2025,20250831,20250831OBLT0,1.0,2025_HOLDOUT,V10_WORKLOAD,0.5031564579502916
2025,20250831,20250831SSHH0,0.0,2025_HOLDOUT,V10_WORKLOAD,0.28336502749693065
2025,20250831,20250831WOLG0,0.0,2025_HOLDOUT,V10_WORKLOAD,0.519472060742122
2025,20250902,20250902HTHH0,1.0,2025_HOLDOUT,V10_WORKLOAD,0.5612509987440337
2025,20250902,20250902LTLG0,1.0,2025_HOLDOUT,V10_WORKLOAD,0.49118170432478275
2025,20250902,20250902NCKT0,0.0,2025_HOLDOUT,V10_WORKLOAD,0.6571676113179368
2025,20250902,20250902WOSK0,1.0,2025_HOLDOUT,V10_WORKLOAD,0.6000945761421494
2025,20250903,20250903LTKT0,1.0,2025_HOLDOUT,V10_WORKLOAD,0.4779583523274697
2025,20250903,20250903NCHH0,1.0,2025_HOLDOUT,V10_WORKLOAD,0.6593436609216631
2025,20250903,20250903SKHT0,0.0,2025_HOLDOUT,V10_WORKLOAD,0.619831613597683
2025,20250903,20250903WOSS0,0.0,2025_HOLDOUT,V10_WORKLOAD,0.4781718008566833
2025,20250904,20250904LGKT0,0.0,2025_HOLDOUT,V10_WORKLOAD,0.3843967348991616
2025,20250904,20250904OBNC0,0.0,2025_HOLDOUT,V10_WORKLOAD,0.4116133769334632
2025,20250905,20250905LTSK0,1.0,2025_HOLDOUT,V10_WORKLOAD,0.5824189295258213
2025,20250905,20250905OBNC0,0.0,2025_HOLDOUT,V10_WORKLOAD,0.4583128437917029
2025,20250905,20250905WOSS0,1.0,2025_HOLDOUT,V10_WORKLOAD,0.554902634161869
2025,20250906,20250906HHSS0,0.0,2025_HOLDOUT,V10_WORKLOAD,0.40654973961043
2025,20250906,20250906HTNC0,0.0,2025_HOLDOUT,V10_WORKLOAD,0.49300797804524177
2025,20250907,20250907HHSS0,1.0,2025_HOLDOUT,V10_WORKLOAD,0.6576496025034619
2025,20250907,20250907HTNC0,1.0,2025_HOLDOUT,V10_WORKLOAD,0.4225015998195468
2025,20250907,20250907SKLG0,0.0,2025_HOLDOUT,V10_WORKLOAD,0.5416958348687934
2025,20250909,20250909HHLT0,0.0,2025_HOLDOUT,V10_WORKLOAD,0.44247210496169803
2025,20250909,20250909LGWO0,1.0,2025_HOLDOUT,V10_WORKLOAD,0.5073221832052596
2025,20250909,20250909OBKT0,1.0,2025_HOLDOUT,V10_WORKLOAD,0.5298270619014053
2025,20250910,20250910HHLT0,0.0,2025_HOLDOUT,V10_WORKLOAD,0.48154933720580495
2025,20250910,20250910LGOB0,0.0,2025_HOLDOUT,V10_WORKLOAD,0.4002291175086415
2025,20250910,20250910SKNC0,1.0,2025_HOLDOUT,V10_WORKLOAD,0.3550649890923172
2025,20250910,20250910SSHT0,1.0,2025_HOLDOUT,V10_WORKLOAD,0.5502952675203235
2025,20250911,20250911KTLG0,0.0,2025_HOLDOUT,V10_WORKLOAD,0.5086273240873456
2025,20250911,20250911LTHT0,0.0,2025_HOLDOUT,V10_WORKLOAD,0.4619766860939556
2025,20250911,20250911NCWO0,1.0,2025_HOLDOUT,V10_WORKLOAD,0.4438661589231841
2025,20250911,20250911SKSS0,0.0,2025_HOLDOUT,V10_WORKLOAD,0.5690661264550498
2025,20250912,20250912OBHT0,1.0,2025_HOLDOUT,V10_WORKLOAD,0.4907149021722547
2025,20250913,20250913HTLG0,0.0,2025_HOLDOUT,V10_WORKLOAD,0.7512496375933922
2025,20250913,20250913KTSS0,0.0,2025_HOLDOUT,V10_WORKLOAD,0.48372897966541245
2025,20250913,20250913OBNC0,1.0,2025_HOLDOUT,V10_WORKLOAD,0.4229053505004009
2025,20250913,20250913SKLT0,1.0,2025_HOLDOUT,V10_WORKLOAD,0.3975260837893279
2025,20250913,20250913WOHH0,1.0,2025_HOLDOUT,V10_WORKLOAD,0.5961066268847672
2025,20250914,20250914HTLG0,1.0,2025_HOLDOUT,V10_WORKLOAD,0.5033777477987772
2025,20250914,20250914KTSS0,1.0,2025_HOLDOUT,V10_WORKLOAD,0.4543583318962029
2025,20250914,20250914OBNC0,1.0,2025_HOLDOUT,V10_WORKLOAD,0.7278576289565871
2025,20250914,20250914WOHH0,0.0,2025_HOLDOUT,V10_WORKLOAD,0.6209341566019807
2025,20250915,20250915WOHH0,1.0,2025_HOLDOUT,V10_WORKLOAD,0.5769283492487438
2025,20250916,20250916HHHT0,0.0,2025_HOLDOUT,V10_WORKLOAD,0.35264198489064624
2025,20250916,20250916LGKT0,0.0,2025_HOLDOUT,V10_WORKLOAD,0.4853483916955168
2025,20250916,20250916LTSS0,1.0,2025_HOLDOUT,V10_WORKLOAD,0.6063845908392963
2025,20250916,20250916SKNC0,0.0,2025_HOLDOUT,V10_WORKLOAD,0.39897007523860656
2025,20250916,20250916WOOB0,0.0,2025_HOLDOUT,V10_WORKLOAD,0.43887492117879096
2025,20250917,20250917HHHT0,0.0,2025_HOLDOUT,V10_WORKLOAD,0.20961785405157043
2025,20250917,20250917SKNC0,1.0,2025_HOLDOUT,V10_WORKLOAD,0.44833753570241514
2025,20250917,20250917WOOB0,0.0,2025_HOLDOUT,V10_WORKLOAD,0.4668170452986759
2025,20250918,20250918HHHT0,0.0,2025_HOLDOUT,V10_WORKLOAD,0.5886207888235272
2025,20250918,20250918LGKT1,0.0,2025_HOLDOUT,V10_WORKLOAD,0.47889776318140637
2025,20250918,20250918LGKT2,0.0,2025_HOLDOUT,V10_WORKLOAD,0.4358455034160332
2025,20250918,20250918SSNC0,0.0,2025_HOLDOUT,V10_WORKLOAD,0.2984106608323254
2025,20250918,20250918WOOB0,1.0,2025_HOLDOUT,V10_WORKLOAD,0.5055804567675228
2025,20250919,20250919LTNC0,0.0,2025_HOLDOUT,V10_WORKLOAD,0.5328771045344294
2025,20250920,20250920HHKT0,1.0,2025_HOLDOUT,V10_WORKLOAD,0.42845962780876384
2025,20250920,20250920NCHT0,1.0,2025_HOLDOUT,V10_WORKLOAD,0.6171475586455452
2025,20250920,20250920OBSK0,1.0,2025_HOLDOUT,V10_WORKLOAD,0.6049732235787315
2025,20250920,20250920SSLG0,0.0,2025_HOLDOUT,V10_WORKLOAD,0.42775673746928355
2025,20250920,20250920WOLT0,0.0,2025_HOLDOUT,V10_WORKLOAD,0.618328335047464
2025,20250921,20250921NCHT0,0.0,2025_HOLDOUT,V10_WORKLOAD,0.43112940540961026
2025,20250921,20250921OBSK0,1.0,2025_HOLDOUT,V10_WORKLOAD,0.617432419944049
2025,20250921,20250921SSKT0,1.0,2025_HOLDOUT,V10_WORKLOAD,0.5925938005737014
2025,20250922,20250922OBSK0,0.0,2025_HOLDOUT,V10_WORKLOAD,0.5815504371861306
2025,20250923,20250923HTSK0,1.0,2025_HOLDOUT,V10_WORKLOAD,0.5081306571035638
2025,20250923,20250923NCLT0,0.0,2025_HOLDOUT,V10_WORKLOAD,0.601217710345069
2025,20250923,20250923OBSS0,1.0,2025_HOLDOUT,V10_WORKLOAD,0.5541735136064018
2025,20250923,20250923WOKT0,1.0,2025_HOLDOUT,V10_WORKLOAD,0.4479910645232871
2025,20250924,20250924HTWO0,0.0,2025_HOLDOUT,V10_WORKLOAD,0.5009885184936627
2025,20250924,20250924LGNC0,1.0,2025_HOLDOUT,V10_WORKLOAD,0.38732851887737263
2025,20250924,20250924LTSS0,1.0,2025_HOLDOUT,V10_WORKLOAD,0.7047471713804241
2025,20250925,20250925HHOB0,1.0,2025_HOLDOUT,V10_WORKLOAD,0.4217240323703806
2025,20250925,20250925KTSK0,0.0,2025_HOLDOUT,V10_WORKLOAD,0.524811658144704
2025,20250925,20250925LGLT0,0.0,2025_HOLDOUT,V10_WORKLOAD,0.47673330904371586
2025,20250925,20250925WOSS0,1.0,2025_HOLDOUT,V10_WORKLOAD,0.5198047201693783
2025,20250926,20250926KTSK0,1.0,2025_HOLDOUT,V10_WORKLOAD,0.47449369192154095
2025,20250926,20250926LGHH0,1.0,2025_HOLDOUT,V10_WORKLOAD,0.4998822710950176
2025,20250926,20250926NCOB0,0.0,2025_HOLDOUT,V10_WORKLOAD,0.3431876746105153
2025,20250926,20250926SSLT0,1.0,2025_HOLDOUT,V10_WORKLOAD,0.3682165769305363
2025,20250927,20250927LGHH0,0.0,2025_HOLDOUT,V10_WORKLOAD,0.5350429102176036
2025,20250927,20250927NCHT0,0.0,2025_HOLDOUT,V10_WORKLOAD,0.5720530263449652
2025,20250927,20250927SKOB0,0.0,2025_HOLDOUT,V10_WORKLOAD,0.4000345783932249
2025,20250928,20250928LTOB0,1.0,2025_HOLDOUT,V10_WORKLOAD,0.4745174561143365
2025,20250928,20250928SSWO0,0.0,2025_HOLDOUT,V10_WORKLOAD,0.41708241377151295
2025,20250929,20250929LGHH0,1.0,2025_HOLDOUT,V10_WORKLOAD,0.3894528527265712
2025,20250929,20250929LTSK0,1.0,2025_HOLDOUT,V10_WORKLOAD,0.6825369563876094
2025,20250929,20250929NCHT0,0.0,2025_HOLDOUT,V10_WORKLOAD,0.3113231425051043
2025,20250930,20250930HTSS0,1.0,2025_HOLDOUT,V10_WORKLOAD,0.7143817664872725
2025,20250930,20250930KTNC0,1.0,2025_HOLDOUT,V10_WORKLOAD,0.4134047854034088
2025,20250930,20250930LTHH0,1.0,2025_HOLDOUT,V10_WORKLOAD,0.6803429842008543
2025,20250930,20250930OBLG0,0.0,2025_HOLDOUT,V10_WORKLOAD,0.524795169848547
2025,20250930,20250930SKWO0,0.0,2025_HOLDOUT,V10_WORKLOAD,0.6187249849810053
2025,20251001,20251001HHSK0,1.0,2025_HOLDOUT,V10_WORKLOAD,0.3052532139992517
2025,20251001,20251001KTHT0,0.0,2025_HOLDOUT,V10_WORKLOAD,0.4517710122323894
2025,20251001,20251001NCLG0,0.0,2025_HOLDOUT,V10_WORKLOAD,0.6477739449672723
2025,20251002,20251002SKHT0,1.0,2025_HOLDOUT,V10_WORKLOAD,0.4970691005840772
2025,20251004,20251004SKNC0,1.0,2025_HOLDOUT,V10_WORKLOAD,0.5487186507188347
2025,20251004,20251004SSHT0,1.0,2025_HOLDOUT,V10_WORKLOAD,0.7623040762462011
2026,20260328,20260328HTSK0,1.0,2026_POSTHOC,V10_WORKLOAD,0.8125350061067228
2026,20260328,20260328KTLG0,0.0,2026_POSTHOC,V10_WORKLOAD,0.8451386829558619
2026,20260328,20260328LTSS0,0.0,2026_POSTHOC,V10_WORKLOAD,0.8582491283999121
2026,20260328,20260328OBNC0,1.0,2026_POSTHOC,V10_WORKLOAD,0.7741202081377011
2026,20260328,20260328WOHH0,1.0,2026_POSTHOC,V10_WORKLOAD,0.795138871871742
2026,20260329,20260329HTSK0,1.0,2026_POSTHOC,V10_WORKLOAD,0.6912558641313011
2026,20260329,20260329KTLG0,0.0,2026_POSTHOC,V10_WORKLOAD,0.39843053995306005
2026,20260329,20260329LTSS0,0.0,2026_POSTHOC,V10_WORKLOAD,0.5311813495086531
2026,20260329,20260329OBNC0,0.0,2026_POSTHOC,V10_WORKLOAD,0.5668766372363272
2026,20260329,20260329WOHH0,1.0,2026_POSTHOC,V10_WORKLOAD,0.6031327394663186
2026,20260331,20260331HTLG0,0.0,2026_POSTHOC,V10_WORKLOAD,0.6340283003330306
2026,20260331,20260331KTHH0,0.0,2026_POSTHOC,V10_WORKLOAD,0.46858429959250525
2026,20260331,20260331LTNC0,1.0,2026_POSTHOC,V10_WORKLOAD,0.47049598324135516
2026,20260331,20260331WOSK0,1.0,2026_POSTHOC,V10_WORKLOAD,0.6740497744084658
2026,20260401,20260401HTLG0,1.0,2026_POSTHOC,V10_WORKLOAD,0.630877764771492
2026,20260401,20260401KTHH0,0.0,2026_POSTHOC,V10_WORKLOAD,0.4987836999850297
2026,20260401,20260401LTNC0,1.0,2026_POSTHOC,V10_WORKLOAD,0.5583551549051495
2026,20260401,20260401OBSS0,1.0,2026_POSTHOC,V10_WORKLOAD,0.5210404246164079
2026,20260401,20260401WOSK0,0.0,2026_POSTHOC,V10_WORKLOAD,0.662231736365152
2026,20260402,20260402HTLG0,1.0,2026_POSTHOC,V10_WORKLOAD,0.7275706549427137
2026,20260402,20260402KTHH0,0.0,2026_POSTHOC,V10_WORKLOAD,0.4887851608157434
2026,20260402,20260402LTNC0,1.0,2026_POSTHOC,V10_WORKLOAD,0.5821857906622887
2026,20260402,20260402OBSS0,1.0,2026_POSTHOC,V10_WORKLOAD,0.6033232852494016
2026,20260402,20260402WOSK0,1.0,2026_POSTHOC,V10_WORKLOAD,0.646541230197883
2026,20260403,20260403HHOB0,0.0,2026_POSTHOC,V10_WORKLOAD,0.5531508334685609
2026,20260403,20260403LGWO0,1.0,2026_POSTHOC,V10_WORKLOAD,0.4174272297680046
2026,20260403,20260403NCHT0,0.0,2026_POSTHOC,V10_WORKLOAD,0.5235416674764244
2026,20260403,20260403SKLT0,0.0,2026_POSTHOC,V10_WORKLOAD,0.4834465428122052
2026,20260403,20260403SSKT0,0.0,2026_POSTHOC,V10_WORKLOAD,0.34476126152923586
2026,20260404,20260404HHOB0,0.0,2026_POSTHOC,V10_WORKLOAD,0.4677486561301922
2026,20260404,20260404LGWO0,0.0,2026_POSTHOC,V10_WORKLOAD,0.3125159068694354
2026,20260404,20260404NCHT0,0.0,2026_POSTHOC,V10_WORKLOAD,0.3915996079400586
2026,20260404,20260404SKLT0,0.0,2026_POSTHOC,V10_WORKLOAD,0.5040058297394123
2026,20260404,20260404SSKT0,0.0,2026_POSTHOC,V10_WORKLOAD,0.4700706459163211
2026,20260405,20260405HHOB0,1.0,2026_POSTHOC,V10_WORKLOAD,0.6774579558845409
2026,20260405,20260405LGWO0,0.0,2026_POSTHOC,V10_WORKLOAD,0.3411417404639545
2026,20260405,20260405NCHT0,1.0,2026_POSTHOC,V10_WORKLOAD,0.4705575338091217
2026,20260405,20260405SKLT0,0.0,2026_POSTHOC,V10_WORKLOAD,0.42756057163167804
2026,20260405,20260405SSKT0,1.0,2026_POSTHOC,V10_WORKLOAD,0.5427845058299278
2026,20260407,20260407HHSK0,0.0,2026_POSTHOC,V10_WORKLOAD,0.48886227156793555
2026,20260407,20260407KTLT0,0.0,2026_POSTHOC,V10_WORKLOAD,0.43926999320795296
2026,20260407,20260407LGNC0,0.0,2026_POSTHOC,V10_WORKLOAD,0.4355392919629539
2026,20260407,20260407SSHT0,0.0,2026_POSTHOC,V10_WORKLOAD,0.42459756446798264
2026,20260407,20260407WOOB0,0.0,2026_POSTHOC,V10_WORKLOAD,0.47805362067626156
2026,20260408,20260408HHSK0,0.0,2026_POSTHOC,V10_WORKLOAD,0.5937411693147834
2026,20260408,20260408KTLT0,1.0,2026_POSTHOC,V10_WORKLOAD,0.3004685383438321
2026,20260408,20260408LGNC0,0.0,2026_POSTHOC,V10_WORKLOAD,0.4219191312390773
2026,20260408,20260408SSHT0,1.0,2026_POSTHOC,V10_WORKLOAD,0.37568812263876766
2026,20260408,20260408WOOB0,1.0,2026_POSTHOC,V10_WORKLOAD,0.7645162803115844
2026,20260410,20260410HTHH0,0.0,2026_POSTHOC,V10_WORKLOAD,0.41847700296457085
2026,20260410,20260410LTWO0,0.0,2026_POSTHOC,V10_WORKLOAD,0.5593053043389518
2026,20260410,20260410NCSS0,1.0,2026_POSTHOC,V10_WORKLOAD,0.6541450213262952
2026,20260410,20260410OBKT0,0.0,2026_POSTHOC,V10_WORKLOAD,0.5255387240849535
2026,20260410,20260410SKLG0,1.0,2026_POSTHOC,V10_WORKLOAD,0.47487746732754255
2026,20260411,20260411HTHH0,0.0,2026_POSTHOC,V10_WORKLOAD,0.630059149623409
2026,20260411,20260411LTWO0,0.0,2026_POSTHOC,V10_WORKLOAD,0.41267130211049863
2026,20260411,20260411NCSS0,1.0,2026_POSTHOC,V10_WORKLOAD,0.4725832914354065
2026,20260411,20260411OBKT0,1.0,2026_POSTHOC,V10_WORKLOAD,0.5070635746762158
2026,20260411,20260411SKLG0,1.0,2026_POSTHOC,V10_WORKLOAD,0.6231514493762963
2026,20260412,20260412HTHH0,0.0,2026_POSTHOC,V10_WORKLOAD,0.41212671007175755
2026,20260412,20260412LTWO0,1.0,2026_POSTHOC,V10_WORKLOAD,0.4446872972436821
2026,20260412,20260412NCSS0,1.0,2026_POSTHOC,V10_WORKLOAD,0.6282621968311686
2026,20260412,20260412OBKT0,1.0,2026_POSTHOC,V10_WORKLOAD,0.6140768424688956
2026,20260412,20260412SKLG0,1.0,2026_POSTHOC,V10_WORKLOAD,0.574493574334851
2026,20260414,20260414KTNC0,1.0,2026_POSTHOC,V10_WORKLOAD,0.4217697612135524
2026,20260414,20260414LTLG0,1.0,2026_POSTHOC,V10_WORKLOAD,0.6289152673241762
2026,20260414,20260414OBSK0,0.0,2026_POSTHOC,V10_WORKLOAD,0.45359955725914275
2026,20260414,20260414SSHH0,0.0,2026_POSTHOC,V10_WORKLOAD,0.45239113119468005
2026,20260414,20260414WOHT0,1.0,2026_POSTHOC,V10_WORKLOAD,0.5909762581304705
2026,20260415,20260415KTNC0,0.0,2026_POSTHOC,V10_WORKLOAD,0.4563906978275492
2026,20260415,20260415LTLG0,0.0,2026_POSTHOC,V10_WORKLOAD,0.6986056860861181
2026,20260415,20260415OBSK0,1.0,2026_POSTHOC,V10_WORKLOAD,0.5598657888533944
2026,20260415,20260415SSHH0,0.0,2026_POSTHOC,V10_WORKLOAD,0.41064698088457313
2026,20260415,20260415WOHT0,1.0,2026_POSTHOC,V10_WORKLOAD,0.6990025690815472
2026,20260416,20260416KTNC0,0.0,2026_POSTHOC,V10_WORKLOAD,0.5560784612061429
2026,20260416,20260416LTLG0,1.0,2026_POSTHOC,V10_WORKLOAD,0.5376494218741613
2026,20260416,20260416OBSK0,1.0,2026_POSTHOC,V10_WORKLOAD,0.5782461482470885
2026,20260416,20260416SSHH0,0.0,2026_POSTHOC,V10_WORKLOAD,0.34400454369425476
2026,20260416,20260416WOHT0,1.0,2026_POSTHOC,V10_WORKLOAD,0.5739423726413763
2026,20260417,20260417HTOB0,0.0,2026_POSTHOC,V10_WORKLOAD,0.6490589644652758
2026,20260417,20260417WOKT0,1.0,2026_POSTHOC,V10_WORKLOAD,0.5550417011732038
2026,20260418,20260418HHLT0,0.0,2026_POSTHOC,V10_WORKLOAD,0.48287451629640266
2026,20260418,20260418HTOB0,1.0,2026_POSTHOC,V10_WORKLOAD,0.35216228197968286
2026,20260418,20260418LGSS0,1.0,2026_POSTHOC,V10_WORKLOAD,0.4800182117703903
2026,20260418,20260418SKNC0,0.0,2026_POSTHOC,V10_WORKLOAD,0.5437583318681487
2026,20260418,20260418WOKT0,1.0,2026_POSTHOC,V10_WORKLOAD,0.6402589106878398
2026,20260419,20260419HHLT0,0.0,2026_POSTHOC,V10_WORKLOAD,0.5637022425985135
2026,20260419,20260419HTOB0,1.0,2026_POSTHOC,V10_WORKLOAD,0.5134002391109255
2026,20260419,20260419LGSS0,0.0,2026_POSTHOC,V10_WORKLOAD,0.4582066434802991
2026,20260419,20260419SKNC0,1.0,2026_POSTHOC,V10_WORKLOAD,0.5427494522942233
2026,20260419,20260419WOKT0,0.0,2026_POSTHOC,V10_WORKLOAD,0.596986004453296
2026,20260421,20260421HHLG0,1.0,2026_POSTHOC,V10_WORKLOAD,0.608681391489385
2026,20260421,20260421HTKT0,1.0,2026_POSTHOC,V10_WORKLOAD,0.7199778052377822
2026,20260421,20260421NCWO0,1.0,2026_POSTHOC,V10_WORKLOAD,0.39918331111393274
2026,20260421,20260421OBLT0,0.0,2026_POSTHOC,V10_WORKLOAD,0.4823339837137458
2026,20260421,20260421SKSS0,0.0,2026_POSTHOC,V10_WORKLOAD,0.5412112135774787
2026,20260422,20260422HHLG0,1.0,2026_POSTHOC,V10_WORKLOAD,0.5877060881123827
2026,20260422,20260422HTKT0,1.0,2026_POSTHOC,V10_WORKLOAD,0.3949502998225381
2026,20260422,20260422NCWO0,1.0,2026_POSTHOC,V10_WORKLOAD,0.6336561452634039
2026,20260422,20260422OBLT0,0.0,2026_POSTHOC,V10_WORKLOAD,0.4247701174415626
2026,20260422,20260422SKSS0,0.0,2026_POSTHOC,V10_WORKLOAD,0.6651922261235703
2026,20260423,20260423HHLG0,0.0,2026_POSTHOC,V10_WORKLOAD,0.6397475562471433
2026,20260423,20260423HTKT0,1.0,2026_POSTHOC,V10_WORKLOAD,0.6939815739194217
2026,20260423,20260423NCWO0,0.0,2026_POSTHOC,V10_WORKLOAD,0.4326433317175579
2026,20260423,20260423OBLT0,1.0,2026_POSTHOC,V10_WORKLOAD,0.3952222232300801
2026,20260423,20260423SKSS0,0.0,2026_POSTHOC,V10_WORKLOAD,0.4811061660843941
2026,20260424,20260424KTSK0,1.0,2026_POSTHOC,V10_WORKLOAD,0.3765558276505955
2026,20260424,20260424LGOB0,0.0,2026_POSTHOC,V10_WORKLOAD,0.4265714389158356
2026,20260424,20260424LTHT0,1.0,2026_POSTHOC,V10_WORKLOAD,0.6206946308988366
2026,20260424,20260424NCHH0,0.0,2026_POSTHOC,V10_WORKLOAD,0.5344140209594722
2026,20260424,20260424SSWO0,1.0,2026_POSTHOC,V10_WORKLOAD,0.4560831777356205
2026,20260425,20260425KTSK0,1.0,2026_POSTHOC,V10_WORKLOAD,0.38653367339834716
2026,20260425,20260425LGOB0,0.0,2026_POSTHOC,V10_WORKLOAD,0.3998179321988587
2026,20260425,20260425LTHT0,1.0,2026_POSTHOC,V10_WORKLOAD,0.5564683339998959
2026,20260425,20260425NCHH0,1.0,2026_POSTHOC,V10_WORKLOAD,0.43616627170128675
2026,20260425,20260425SSWO0,1.0,2026_POSTHOC,V10_WORKLOAD,0.43009688338974467
2026,20260426,20260426KTSK0,0.0,2026_POSTHOC,V10_WORKLOAD,0.4002622350594445
2026,20260426,20260426LGOB0,1.0,2026_POSTHOC,V10_WORKLOAD,0.48321043820610393
2026,20260426,20260426NCHH0,0.0,2026_POSTHOC,V10_WORKLOAD,0.43947218385771386
2026,20260426,20260426SSWO0,1.0,2026_POSTHOC,V10_WORKLOAD,0.45667694517251595
2026,20260428,20260428HTNC0,1.0,2026_POSTHOC,V10_WORKLOAD,0.4275268338475525
2026,20260428,20260428LGKT0,1.0,2026_POSTHOC,V10_WORKLOAD,0.41261927716788616
2026,20260428,20260428SKHH0,1.0,2026_POSTHOC,V10_WORKLOAD,0.5193939470259842
2026,20260428,20260428SSOB0,0.0,2026_POSTHOC,V10_WORKLOAD,0.4242090750238556
2026,20260428,20260428WOLT0,1.0,2026_POSTHOC,V10_WORKLOAD,0.3647064323043833
2026,20260429,20260429HTNC0,0.0,2026_POSTHOC,V10_WORKLOAD,0.6339066678208581
2026,20260429,20260429LGKT0,1.0,2026_POSTHOC,V10_WORKLOAD,0.6393850323022268
2026,20260429,20260429SKHH0,0.0,2026_POSTHOC,V10_WORKLOAD,0.3395395808504041
2026,20260429,20260429SSOB0,1.0,2026_POSTHOC,V10_WORKLOAD,0.5439726017130235
2026,20260429,20260429WOLT0,0.0,2026_POSTHOC,V10_WORKLOAD,0.560907035136061
2026,20260430,20260430HTNC0,1.0,2026_POSTHOC,V10_WORKLOAD,0.36027947012211664
2026,20260430,20260430LGKT0,0.0,2026_POSTHOC,V10_WORKLOAD,0.5449920574435472
2026,20260430,20260430SKHH0,0.0,2026_POSTHOC,V10_WORKLOAD,0.563620706757165
2026,20260430,20260430SSOB0,1.0,2026_POSTHOC,V10_WORKLOAD,0.507050310365652
2026,20260430,20260430WOLT0,1.0,2026_POSTHOC,V10_WORKLOAD,0.49425622879223124
2026,20260501,20260501HHSS0,1.0,2026_POSTHOC,V10_WORKLOAD,0.5620141593776637
2026,20260501,20260501KTHT0,0.0,2026_POSTHOC,V10_WORKLOAD,0.4616345850177045
2026,20260501,20260501LTSK0,0.0,2026_POSTHOC,V10_WORKLOAD,0.4866412622080635
2026,20260501,20260501NCLG0,1.0,2026_POSTHOC,V10_WORKLOAD,0.5804768885005358
2026,20260501,20260501OBWO0,0.0,2026_POSTHOC,V10_WORKLOAD,0.47564103522980905
2026,20260502,20260502HHSS0,0.0,2026_POSTHOC,V10_WORKLOAD,0.4977344957086889
2026,20260502,20260502KTHT0,1.0,2026_POSTHOC,V10_WORKLOAD,0.3210467934016456
2026,20260502,20260502LTSK0,0.0,2026_POSTHOC,V10_WORKLOAD,0.4865012442762952
2026,20260502,20260502NCLG0,1.0,2026_POSTHOC,V10_WORKLOAD,0.5316126558630582
2026,20260502,20260502OBWO0,1.0,2026_POSTHOC,V10_WORKLOAD,0.35494744743535195
2026,20260503,20260503HHSS0,1.0,2026_POSTHOC,V10_WORKLOAD,0.606702698048684
2026,20260503,20260503KTHT0,0.0,2026_POSTHOC,V10_WORKLOAD,0.5131054062452134
2026,20260503,20260503LTSK0,0.0,2026_POSTHOC,V10_WORKLOAD,0.5205377601936331
2026,20260503,20260503NCLG0,0.0,2026_POSTHOC,V10_WORKLOAD,0.5429897971606418
2026,20260503,20260503OBWO0,0.0,2026_POSTHOC,V10_WORKLOAD,0.396217254569086
2026,20260505,20260505HHHT0,1.0,2026_POSTHOC,V10_WORKLOAD,0.5811899829864005
2026,20260505,20260505LTKT0,1.0,2026_POSTHOC,V10_WORKLOAD,0.5442650552067663
2026,20260505,20260505OBLG0,1.0,2026_POSTHOC,V10_WORKLOAD,0.5018332329326337
2026,20260505,20260505WOSS0,1.0,2026_POSTHOC,V10_WORKLOAD,0.6102196143777716
2026,20260506,20260506HHHT0,0.0,2026_POSTHOC,V10_WORKLOAD,0.6612661385065703
2026,20260506,20260506LTKT0,0.0,2026_POSTHOC,V10_WORKLOAD,0.5151698401226713
2026,20260506,20260506NCSK0,1.0,2026_POSTHOC,V10_WORKLOAD,0.4862318693622189
2026,20260506,20260506OBLG0,1.0,2026_POSTHOC,V10_WORKLOAD,0.49980907627774435
2026,20260506,20260506WOSS0,1.0,2026_POSTHOC,V10_WORKLOAD,0.5748679188007153
2026,20260507,20260507HHHT0,0.0,2026_POSTHOC,V10_WORKLOAD,0.695912649464784
2026,20260507,20260507NCSK0,0.0,2026_POSTHOC,V10_WORKLOAD,0.44359821539647387
2026,20260507,20260507OBLG0,0.0,2026_POSTHOC,V10_WORKLOAD,0.5607752786495017
2026,20260507,20260507WOSS0,1.0,2026_POSTHOC,V10_WORKLOAD,0.8261733107339021
2026,20260508,20260508HTLT0,0.0,2026_POSTHOC,V10_WORKLOAD,0.5579622288200944
2026,20260508,20260508KTWO0,0.0,2026_POSTHOC,V10_WORKLOAD,0.3420698913107572
2026,20260508,20260508LGHH0,0.0,2026_POSTHOC,V10_WORKLOAD,0.36788124990268467
2026,20260508,20260508SKOB0,0.0,2026_POSTHOC,V10_WORKLOAD,0.5303913141900755
2026,20260508,20260508SSNC0,0.0,2026_POSTHOC,V10_WORKLOAD,0.42010020277718835
2026,20260509,20260509HTLT0,0.0,2026_POSTHOC,V10_WORKLOAD,0.38469040413726124
2026,20260509,20260509LGHH0,1.0,2026_POSTHOC,V10_WORKLOAD,0.4166510981459057
2026,20260509,20260509SKOB0,1.0,2026_POSTHOC,V10_WORKLOAD,0.5120383185679392
2026,20260509,20260509SSNC0,0.0,2026_POSTHOC,V10_WORKLOAD,0.3517353267559717
2026,20260510,20260510HTLT0,1.0,2026_POSTHOC,V10_WORKLOAD,0.5735845090018694
2026,20260510,20260510KTWO0,1.0,2026_POSTHOC,V10_WORKLOAD,0.46257387925084475
2026,20260510,20260510LGHH0,1.0,2026_POSTHOC,V10_WORKLOAD,0.4052113740801746
2026,20260510,20260510SKOB0,1.0,2026_POSTHOC,V10_WORKLOAD,0.6474024033472995
2026,20260510,20260510SSNC0,0.0,2026_POSTHOC,V10_WORKLOAD,0.42907212266109496
2026,20260512,20260512HHWO0,0.0,2026_POSTHOC,V10_WORKLOAD,0.36109576061216875
2026,20260512,20260512NCLT0,0.0,2026_POSTHOC,V10_WORKLOAD,0.5177762663914758
2026,20260512,20260512OBHT0,0.0,2026_POSTHOC,V10_WORKLOAD,0.641462082594014
2026,20260512,20260512SKKT0,0.0,2026_POSTHOC,V10_WORKLOAD,0.5529157102375728
2026,20260512,20260512SSLG0,0.0,2026_POSTHOC,V10_WORKLOAD,0.518074386314546
2026,20260513,20260513HHWO0,1.0,2026_POSTHOC,V10_WORKLOAD,0.2861622943501649
2026,20260513,20260513NCLT0,1.0,2026_POSTHOC,V10_WORKLOAD,0.5469722724915135
2026,20260513,20260513OBHT0,1.0,2026_POSTHOC,V10_WORKLOAD,0.6561966133623234
2026,20260513,20260513SKKT0,1.0,2026_POSTHOC,V10_WORKLOAD,0.5961102924271231
2026,20260513,20260513SSLG0,1.0,2026_POSTHOC,V10_WORKLOAD,0.4822407181539876
2026,20260514,20260514HHWO0,0.0,2026_POSTHOC,V10_WORKLOAD,0.501142270665756
2026,20260514,20260514NCLT0,0.0,2026_POSTHOC,V10_WORKLOAD,0.5476599111807418
2026,20260514,20260514OBHT0,1.0,2026_POSTHOC,V10_WORKLOAD,0.4720377037847092
2026,20260514,20260514SKKT0,0.0,2026_POSTHOC,V10_WORKLOAD,0.6029654863522668
2026,20260514,20260514SSLG0,0.0,2026_POSTHOC,V10_WORKLOAD,0.5882494862435955
2026,20260515,20260515HHKT0,0.0,2026_POSTHOC,V10_WORKLOAD,0.5167460436131359
2026,20260515,20260515HTSS0,0.0,2026_POSTHOC,V10_WORKLOAD,0.6018361105145655
2026,20260515,20260515LGSK0,0.0,2026_POSTHOC,V10_WORKLOAD,0.3761315573925731
2026,20260515,20260515LTOB0,0.0,2026_POSTHOC,V10_WORKLOAD,0.6387514069761528
2026,20260515,20260515WONC0,0.0,2026_POSTHOC,V10_WORKLOAD,0.48700519070192444
2026,20260516,20260516HHKT0,0.0,2026_POSTHOC,V10_WORKLOAD,0.5459280436690662
2026,20260516,20260516HTSS0,1.0,2026_POSTHOC,V10_WORKLOAD,0.6145765057475906
2026,20260516,20260516LGSK0,1.0,2026_POSTHOC,V10_WORKLOAD,0.5002909692207894
2026,20260516,20260516LTOB0,1.0,2026_POSTHOC,V10_WORKLOAD,0.5840384875543316
2026,20260516,20260516WONC0,1.0,2026_POSTHOC,V10_WORKLOAD,0.6082719651589045
2026,20260517,20260517HHKT0,1.0,2026_POSTHOC,V10_WORKLOAD,0.45982862318433443
2026,20260517,20260517HTSS0,0.0,2026_POSTHOC,V10_WORKLOAD,0.6282990358347353
2026,20260517,20260517LGSK0,0.0,2026_POSTHOC,V10_WORKLOAD,0.49178991959674295
2026,20260517,20260517LTOB0,1.0,2026_POSTHOC,V10_WORKLOAD,0.446143096245197
2026,20260517,20260517WONC0,0.0,2026_POSTHOC,V10_WORKLOAD,0.6079482433587985
2026,20260519,20260519KTSS0,1.0,2026_POSTHOC,V10_WORKLOAD,0.5239502263007015
2026,20260519,20260519LGHT0,1.0,2026_POSTHOC,V10_WORKLOAD,0.5553761347633371
2026,20260519,20260519LTHH0,0.0,2026_POSTHOC,V10_WORKLOAD,0.42143420115312924
2026,20260519,20260519NCOB0,1.0,2026_POSTHOC,V10_WORKLOAD,0.5630089656245264
2026,20260519,20260519SKWO0,1.0,2026_POSTHOC,V10_WORKLOAD,0.3596781903320782
2026,20260520,20260520SKWO0,1.0,2026_POSTHOC,V10_WORKLOAD,0.45333427614945915
2026,20260521,20260521KTSS0,1.0,2026_POSTHOC,V10_WORKLOAD,0.6199947485512985
2026,20260521,20260521LGHT0,0.0,2026_POSTHOC,V10_WORKLOAD,0.6024438890760877
2026,20260521,20260521LTHH0,0.0,2026_POSTHOC,V10_WORKLOAD,0.4049059943042658
2026,20260521,20260521NCOB0,1.0,2026_POSTHOC,V10_WORKLOAD,0.5263654905709267
2026,20260521,20260521SKWO0,1.0,2026_POSTHOC,V10_WORKLOAD,0.5485710577780893
2026,20260522,20260522NCKT0,1.0,2026_POSTHOC,V10_WORKLOAD,0.7590078049788963
2026,20260522,20260522OBHH0,1.0,2026_POSTHOC,V10_WORKLOAD,0.41289329826471144
2026,20260522,20260522SKHT0,1.0,2026_POSTHOC,V10_WORKLOAD,0.5845215860006898
2026,20260522,20260522SSLT0,0.0,2026_POSTHOC,V10_WORKLOAD,0.36842369227683736
2026,20260522,20260522WOLG0,0.0,2026_POSTHOC,V10_WORKLOAD,0.5004493889659966
2026,20260523,20260523NCKT0,1.0,2026_POSTHOC,V10_WORKLOAD,0.5295942899729811
2026,20260523,20260523OBHH0,1.0,2026_POSTHOC,V10_WORKLOAD,0.3742362386425296
2026,20260523,20260523SKHT0,1.0,2026_POSTHOC,V10_WORKLOAD,0.5659353860207978
2026,20260523,20260523SSLT0,1.0,2026_POSTHOC,V10_WORKLOAD,0.4217166845969829
2026,20260523,20260523WOLG0,1.0,2026_POSTHOC,V10_WORKLOAD,0.6152582632252085
2026,20260524,20260524NCKT0,0.0,2026_POSTHOC,V10_WORKLOAD,0.3977913525730402
2026,20260524,20260524OBHH0,1.0,2026_POSTHOC,V10_WORKLOAD,0.5608764391189802
2026,20260524,20260524SKHT0,1.0,2026_POSTHOC,V10_WORKLOAD,0.6937864176723388
2026,20260524,20260524SSLT0,0.0,2026_POSTHOC,V10_WORKLOAD,0.5196942414897772
2026,20260524,20260524WOLG0,1.0,2026_POSTHOC,V10_WORKLOAD,0.5615176093236137
2026,20260526,20260526HTWO0,0.0,2026_POSTHOC,V10_WORKLOAD,0.474492399329214
2026,20260526,20260526KTOB0,0.0,2026_POSTHOC,V10_WORKLOAD,0.49595687583566156
2026,20260526,20260526LGLT0,0.0,2026_POSTHOC,V10_WORKLOAD,0.48704077175687577
2026,20260527,20260527HHNC0,1.0,2026_POSTHOC,V10_WORKLOAD,0.49846263992577333
2026,20260527,20260527HTWO0,0.0,2026_POSTHOC,V10_WORKLOAD,0.4431288332040478
2026,20260527,20260527KTOB0,1.0,2026_POSTHOC,V10_WORKLOAD,0.41645729804770976
2026,20260527,20260527LGLT0,0.0,2026_POSTHOC,V10_WORKLOAD,0.5013088568652687
2026,20260527,20260527SSSK0,0.0,2026_POSTHOC,V10_WORKLOAD,0.29041515777977783
2026,20260528,20260528HHNC0,0.0,2026_POSTHOC,V10_WORKLOAD,0.29888640773362285
2026,20260528,20260528HTWO0,0.0,2026_POSTHOC,V10_WORKLOAD,0.44979538682922093
2026,20260528,20260528KTOB0,0.0,2026_POSTHOC,V10_WORKLOAD,0.5185152674838419
2026,20260528,20260528LGLT0,1.0,2026_POSTHOC,V10_WORKLOAD,0.5216164620200776
2026,20260528,20260528SSSK0,0.0,2026_POSTHOC,V10_WORKLOAD,0.3554106173644703
2026,20260529,20260529HTLG0,1.0,2026_POSTHOC,V10_WORKLOAD,0.6223198216219591
2026,20260529,20260529KTWO0,0.0,2026_POSTHOC,V10_WORKLOAD,0.39765920147074024
2026,20260529,20260529LTNC0,0.0,2026_POSTHOC,V10_WORKLOAD,0.4887127211671826
2026,20260529,20260529OBSS0,0.0,2026_POSTHOC,V10_WORKLOAD,0.5558428847187612
2026,20260529,20260529SKHH0,1.0,2026_POSTHOC,V10_WORKLOAD,0.5760273371415184
2026,20260530,20260530HTLG0,1.0,2026_POSTHOC,V10_WORKLOAD,0.3855830646708062
2026,20260530,20260530KTWO0,0.0,2026_POSTHOC,V10_WORKLOAD,0.4430300197829252
2026,20260530,20260530LTNC0,1.0,2026_POSTHOC,V10_WORKLOAD,0.6717978849778972
2026,20260530,20260530OBSS0,0.0,2026_POSTHOC,V10_WORKLOAD,0.6383058893109671
2026,20260530,20260530SKHH0,1.0,2026_POSTHOC,V10_WORKLOAD,0.6223974533911042
2026,20260531,20260531HTLG0,1.0,2026_POSTHOC,V10_WORKLOAD,0.596567767550408
2026,20260531,20260531KTWO0,0.0,2026_POSTHOC,V10_WORKLOAD,0.34959633817436986
2026,20260531,20260531LTNC0,1.0,2026_POSTHOC,V10_WORKLOAD,0.4024559924268299
2026,20260531,20260531OBSS0,1.0,2026_POSTHOC,V10_WORKLOAD,0.4860578228794522
2026,20260531,20260531SKHH0,1.0,2026_POSTHOC,V10_WORKLOAD,0.560590585669889
2026,20260602,20260602HHOB0,1.0,2026_POSTHOC,V10_WORKLOAD,0.5507262491423306
2026,20260602,20260602LGKT0,0.0,2026_POSTHOC,V10_WORKLOAD,0.45688023100374436
2026,20260602,20260602LTHT0,1.0,2026_POSTHOC,V10_WORKLOAD,0.6064349092159486
2026,20260602,20260602NCSS0,1.0,2026_POSTHOC,V10_WORKLOAD,0.6806549401444332
2026,20260602,20260602WOSK0,0.0,2026_POSTHOC,V10_WORKLOAD,0.500531160371835
2026,20260603,20260603LGKT0,1.0,2026_POSTHOC,V10_WORKLOAD,0.6173994666513528
2026,20260603,20260603LTHT0,0.0,2026_POSTHOC,V10_WORKLOAD,0.5827187066903923
2026,20260603,20260603NCSS0,0.0,2026_POSTHOC,V10_WORKLOAD,0.7298610703909442
2026,20260603,20260603WOSK0,1.0,2026_POSTHOC,V10_WORKLOAD,0.5279412420483435
2026,20260604,20260604HHOB0,1.0,2026_POSTHOC,V10_WORKLOAD,0.569073488029972
2026,20260604,20260604LGKT0,0.0,2026_POSTHOC,V10_WORKLOAD,0.43067573770532724
2026,20260604,20260604LTHT0,1.0,2026_POSTHOC,V10_WORKLOAD,0.49304652123575676
2026,20260604,20260604NCSS0,0.0,2026_POSTHOC,V10_WORKLOAD,0.6259135616146142
2026,20260604,20260604WOSK0,1.0,2026_POSTHOC,V10_WORKLOAD,0.5040669414931068
2026,20260605,20260605HHLT0,0.0,2026_POSTHOC,V10_WORKLOAD,0.4159931626701362
2026,20260605,20260605KTSK0,1.0,2026_POSTHOC,V10_WORKLOAD,0.5370779942957524
2026,20260605,20260605LGNC0,0.0,2026_POSTHOC,V10_WORKLOAD,0.5625576293281389
2026,20260605,20260605SSHT0,1.0,2026_POSTHOC,V10_WORKLOAD,0.5358174342330029
2026,20260605,20260605WOOB0,1.0,2026_POSTHOC,V10_WORKLOAD,0.5819527937731214
2026,20260606,20260606HHLT0,0.0,2026_POSTHOC,V10_WORKLOAD,0.3941958273759559
2026,20260606,20260606KTSK0,0.0,2026_POSTHOC,V10_WORKLOAD,0.4692870091959156
2026,20260606,20260606LGNC0,1.0,2026_POSTHOC,V10_WORKLOAD,0.3722082015425548
2026,20260606,20260606SSHT0,0.0,2026_POSTHOC,V10_WORKLOAD,0.45670197889324343
2026,20260606,20260606WOOB0,1.0,2026_POSTHOC,V10_WORKLOAD,0.5858011607932603
2026,20260607,20260607HHLT0,0.0,2026_POSTHOC,V10_WORKLOAD,0.5966211479147775
2026,20260607,20260607KTSK0,1.0,2026_POSTHOC,V10_WORKLOAD,0.39549645145094897
2026,20260607,20260607LGNC0,1.0,2026_POSTHOC,V10_WORKLOAD,0.43808310814358287
2026,20260607,20260607SSHT0,1.0,2026_POSTHOC,V10_WORKLOAD,0.6058893004763469
2026,20260607,20260607WOOB0,0.0,2026_POSTHOC,V10_WORKLOAD,0.521555464326449
2026,20260609,20260609HTHH0,0.0,2026_POSTHOC,V10_WORKLOAD,0.5292135685431587
2026,20260609,20260609NCWO0,1.0,2026_POSTHOC,V10_WORKLOAD,0.6022403939395716
2026,20260609,20260609OBLT0,0.0,2026_POSTHOC,V10_WORKLOAD,0.40663555939546747
2026,20260609,20260609SKLG0,1.0,2026_POSTHOC,V10_WORKLOAD,0.5926602619848678
2026,20260609,20260609SSKT0,1.0,2026_POSTHOC,V10_WORKLOAD,0.5339827099420363
2026,20260610,20260610HTHH0,1.0,2026_POSTHOC,V10_WORKLOAD,0.47504249196480397
2026,20260610,20260610NCWO0,0.0,2026_POSTHOC,V10_WORKLOAD,0.41488013350192443
2026,20260610,20260610OBLT0,1.0,2026_POSTHOC,V10_WORKLOAD,0.36794058030427423
2026,20260610,20260610SKLG0,1.0,2026_POSTHOC,V10_WORKLOAD,0.6940029259376965
2026,20260610,20260610SSKT0,1.0,2026_POSTHOC,V10_WORKLOAD,0.3872601518449106
2026,20260611,20260611HTHH0,1.0,2026_POSTHOC,V10_WORKLOAD,0.46085221530996706
2026,20260611,20260611NCWO0,0.0,2026_POSTHOC,V10_WORKLOAD,0.3783155598457725
2026,20260611,20260611OBLT0,0.0,2026_POSTHOC,V10_WORKLOAD,0.49395122331417163
2026,20260611,20260611SKLG0,1.0,2026_POSTHOC,V10_WORKLOAD,0.49739648678245885
2026,20260611,20260611SSKT0,0.0,2026_POSTHOC,V10_WORKLOAD,0.3960663527990434
2026,20260612,20260612HHWO0,1.0,2026_POSTHOC,V10_WORKLOAD,0.39281076605763304
2026,20260612,20260612LTLG0,0.0,2026_POSTHOC,V10_WORKLOAD,0.623564381149427
2026,20260612,20260612NCKT0,1.0,2026_POSTHOC,V10_WORKLOAD,0.45798288497074596
2026,20260612,20260612OBHT0,0.0,2026_POSTHOC,V10_WORKLOAD,0.46945418685747153
2026,20260612,20260612SKSS0,0.0,2026_POSTHOC,V10_WORKLOAD,0.5734088025122789
2026,20260613,20260613HHWO0,1.0,2026_POSTHOC,V10_WORKLOAD,0.5805018015679301
2026,20260613,20260613LTLG0,1.0,2026_POSTHOC,V10_WORKLOAD,0.5909818186708088
2026,20260613,20260613NCKT0,1.0,2026_POSTHOC,V10_WORKLOAD,0.5455578212117973
2026,20260613,20260613OBHT0,1.0,2026_POSTHOC,V10_WORKLOAD,0.5327370736364488
2026,20260613,20260613SKSS0,1.0,2026_POSTHOC,V10_WORKLOAD,0.6292092012875088
2026,20260614,20260614HHWO0,1.0,2026_POSTHOC,V10_WORKLOAD,0.43657638122838616
2026,20260614,20260614LTLG0,1.0,2026_POSTHOC,V10_WORKLOAD,0.5476859455225226
2026,20260614,20260614OBHT0,0.0,2026_POSTHOC,V10_WORKLOAD,0.3441398698692094
2026,20260614,20260614SKSS0,1.0,2026_POSTHOC,V10_WORKLOAD,0.556062430182936
2026,20260616,20260616HHNC0,1.0,2026_POSTHOC,V10_WORKLOAD,0.46132004049023884
2026,20260616,20260616KTOB0,0.0,2026_POSTHOC,V10_WORKLOAD,0.39248915942567
2026,20260616,20260616LGHT0,0.0,2026_POSTHOC,V10_WORKLOAD,0.3712126382028411
2026,20260616,20260616LTSK0,0.0,2026_POSTHOC,V10_WORKLOAD,0.4308597159145313
2026,20260616,20260616WOSS0,1.0,2026_POSTHOC,V10_WORKLOAD,0.6885571306263589
2026,20260617,20260617HHNC0,1.0,2026_POSTHOC,V10_WORKLOAD,0.5070111040692451
2026,20260617,20260617KTOB0,0.0,2026_POSTHOC,V10_WORKLOAD,0.3842752953039317
2026,20260617,20260617LGHT0,1.0,2026_POSTHOC,V10_WORKLOAD,0.6555052152866845
2026,20260617,20260617LTSK0,0.0,2026_POSTHOC,V10_WORKLOAD,0.4821968486225251
2026,20260617,20260617WOSS0,1.0,2026_POSTHOC,V10_WORKLOAD,0.6032223015421696
2026,20260618,20260618HHNC0,1.0,2026_POSTHOC,V10_WORKLOAD,0.46938668304674735
2026,20260618,20260618KTOB0,1.0,2026_POSTHOC,V10_WORKLOAD,0.4682086466657391
2026,20260618,20260618LGHT0,1.0,2026_POSTHOC,V10_WORKLOAD,0.3684019396775119
2026,20260618,20260618WOSS0,1.0,2026_POSTHOC,V10_WORKLOAD,0.6359099312758423
2026,20260619,20260619HTKT0,0.0,2026_POSTHOC,V10_WORKLOAD,0.4762680208158464
2026,20260619,20260619LTWO0,0.0,2026_POSTHOC,V10_WORKLOAD,0.617611834009751
2026,20260619,20260619OBLG0,1.0,2026_POSTHOC,V10_WORKLOAD,0.4061942425078786
2026,20260619,20260619SKNC0,1.0,2026_POSTHOC,V10_WORKLOAD,0.48592159890431696
2026,20260620,20260620HTKT0,1.0,2026_POSTHOC,V10_WORKLOAD,0.46758653792817984
2026,20260620,20260620LTWO0,0.0,2026_POSTHOC,V10_WORKLOAD,0.4644909539933619
2026,20260620,20260620OBLG0,1.0,2026_POSTHOC,V10_WORKLOAD,0.5247636373563594
2026,20260620,20260620SKNC0,0.0,2026_POSTHOC,V10_WORKLOAD,0.562454235406724
2026,20260620,20260620SSHH0,1.0,2026_POSTHOC,V10_WORKLOAD,0.48679275256668725
2026,20260621,20260621HTKT0,0.0,2026_POSTHOC,V10_WORKLOAD,0.6124949166911751
2026,20260621,20260621LTWO0,0.0,2026_POSTHOC,V10_WORKLOAD,0.3749644272819931
2026,20260621,20260621OBLG0,1.0,2026_POSTHOC,V10_WORKLOAD,0.5300755849123379
2026,20260621,20260621SKNC0,0.0,2026_POSTHOC,V10_WORKLOAD,0.4460668238277096
2026,20260621,20260621SSHH0,0.0,2026_POSTHOC,V10_WORKLOAD,0.4633787901124512
2026,20260623,20260623HTWO0,0.0,2026_POSTHOC,V10_WORKLOAD,0.3379532675780492
2026,20260623,20260623NCLT0,1.0,2026_POSTHOC,V10_WORKLOAD,0.46227669309954883
2026,20260623,20260623OBHH0,1.0,2026_POSTHOC,V10_WORKLOAD,0.621360408175423
2026,20260623,20260623SKKT0,1.0,2026_POSTHOC,V10_WORKLOAD,0.6500145954179212
2026,20260623,20260623SSLG0,1.0,2026_POSTHOC,V10_WORKLOAD,0.4221405039576934
2026,20260624,20260624HTWO0,0.0,2026_POSTHOC,V10_WORKLOAD,0.4428202437831317
2026,20260624,20260624NCLT0,1.0,2026_POSTHOC,V10_WORKLOAD,0.4812408027007341
2026,20260624,20260624OBHH0,0.0,2026_POSTHOC,V10_WORKLOAD,0.4402801509547213
2026,20260624,20260624SKKT0,0.0,2026_POSTHOC,V10_WORKLOAD,0.60242054014874
2026,20260624,20260624SSLG0,1.0,2026_POSTHOC,V10_WORKLOAD,0.5069028235050754
2026,20260625,20260625HTWO0,0.0,2026_POSTHOC,V10_WORKLOAD,0.44824906783635626
2026,20260625,20260625NCLT0,0.0,2026_POSTHOC,V10_WORKLOAD,0.4297188940822994
2026,20260625,20260625OBHH0,0.0,2026_POSTHOC,V10_WORKLOAD,0.41413540817557226
2026,20260625,20260625SKKT0,1.0,2026_POSTHOC,V10_WORKLOAD,0.5759435809393247
2026,20260625,20260625SSLG0,0.0,2026_POSTHOC,V10_WORKLOAD,0.3665455539574332
2026,20260626,20260626HHSK0,0.0,2026_POSTHOC,V10_WORKLOAD,0.4369378406987764
2026,20260626,20260626HTOB0,1.0,2026_POSTHOC,V10_WORKLOAD,0.634825146287218
2026,20260626,20260626KTSS0,1.0,2026_POSTHOC,V10_WORKLOAD,0.4636760688955239
2026,20260626,20260626LGLT0,1.0,2026_POSTHOC,V10_WORKLOAD,0.41840797331202645
2026,20260626,20260626WONC0,1.0,2026_POSTHOC,V10_WORKLOAD,0.4666737217531793
2026,20260627,20260627HHSK0,0.0,2026_POSTHOC,V10_WORKLOAD,0.40670639827587907
2026,20260627,20260627HTOB0,1.0,2026_POSTHOC,V10_WORKLOAD,0.5438024070192353
2026,20260627,20260627KTSS0,1.0,2026_POSTHOC,V10_WORKLOAD,0.6090395556568493
2026,20260627,20260627LGLT0,0.0,2026_POSTHOC,V10_WORKLOAD,0.38785773557055386
2026,20260627,20260627WONC0,0.0,2026_POSTHOC,V10_WORKLOAD,0.6313189157759154
2026,20260628,20260628HHSK0,0.0,2026_POSTHOC,V10_WORKLOAD,0.34921675136892644
2026,20260628,20260628HTOB0,0.0,2026_POSTHOC,V10_WORKLOAD,0.5843199867596576
2026,20260628,20260628KTSS0,1.0,2026_POSTHOC,V10_WORKLOAD,0.46426024081636946
2026,20260628,20260628LGLT0,1.0,2026_POSTHOC,V10_WORKLOAD,0.5282769597184864
2026,20260628,20260628WONC0,1.0,2026_POSTHOC,V10_WORKLOAD,0.6370617683278221
2026,20260630,20260630LGWO0,1.0,2026_POSTHOC,V10_WORKLOAD,0.32579501501432784
2026,20260630,20260630LTOB0,1.0,2026_POSTHOC,V10_WORKLOAD,0.55832260607486
2026,20260630,20260630SKHT0,1.0,2026_POSTHOC,V10_WORKLOAD,0.6814815713959361
2026,20260630,20260630SSNC0,0.0,2026_POSTHOC,V10_WORKLOAD,0.4362226410066295
2026,20260701,20260701KTHH0,0.0,2026_POSTHOC,V10_WORKLOAD,0.41635946801785845
2026,20260701,20260701LGWO0,0.0,2026_POSTHOC,V10_WORKLOAD,0.6122814133459527
2026,20260701,20260701LTOB0,0.0,2026_POSTHOC,V10_WORKLOAD,0.5435383899222326
2026,20260701,20260701SSNC0,1.0,2026_POSTHOC,V10_WORKLOAD,0.3628165856318603
2026,20260702,20260702KTHH0,1.0,2026_POSTHOC,V10_WORKLOAD,0.5050928162445648
2026,20260702,20260702LGWO0,0.0,2026_POSTHOC,V10_WORKLOAD,0.3285624504857839
2026,20260702,20260702LTOB0,1.0,2026_POSTHOC,V10_WORKLOAD,0.5742393821412437
2026,20260702,20260702SKHT0,1.0,2026_POSTHOC,V10_WORKLOAD,0.6020646153782854
2026,20260702,20260702SSNC0,0.0,2026_POSTHOC,V10_WORKLOAD,0.410629806463698
2026,20260703,20260703HHLG0,0.0,2026_POSTHOC,V10_WORKLOAD,0.5025469140819977
2026,20260703,20260703LTKT0,0.0,2026_POSTHOC,V10_WORKLOAD,0.5050288235353682
2026,20260703,20260703NCHT0,0.0,2026_POSTHOC,V10_WORKLOAD,0.4538752508399213
2026,20260703,20260703OBWO0,1.0,2026_POSTHOC,V10_WORKLOAD,0.3613462256161499
2026,20260703,20260703SSSK0,0.0,2026_POSTHOC,V10_WORKLOAD,0.3381785893335854
2026,20260704,20260704HHLG0,1.0,2026_POSTHOC,V10_WORKLOAD,0.4524854912095741
2026,20260704,20260704LTKT0,0.0,2026_POSTHOC,V10_WORKLOAD,0.49902502190993614
2026,20260704,20260704NCHT0,0.0,2026_POSTHOC,V10_WORKLOAD,0.41685860070574565
2026,20260704,20260704OBWO0,0.0,2026_POSTHOC,V10_WORKLOAD,0.44546351184730265
2026,20260704,20260704SSSK0,0.0,2026_POSTHOC,V10_WORKLOAD,0.36958267098623576
2026,20260705,20260705LTKT0,1.0,2026_POSTHOC,V10_WORKLOAD,0.4766428550451127
2026,20260705,20260705OBWO0,0.0,2026_POSTHOC,V10_WORKLOAD,0.28978542409916347
2026,20260705,20260705SSSK0,0.0,2026_POSTHOC,V10_WORKLOAD,0.43663481418179745
2026,20260707,20260707HTLT0,1.0,2026_POSTHOC,V10_WORKLOAD,0.5773447694679431
2026,20260707,20260707LGSS0,1.0,2026_POSTHOC,V10_WORKLOAD,0.5485188319017638
2026,20260707,20260707NCHH0,0.0,2026_POSTHOC,V10_WORKLOAD,0.46095761166897276
2026,20260707,20260707SKOB0,0.0,2026_POSTHOC,V10_WORKLOAD,0.6051079966452483
2026,20260707,20260707WOKT0,1.0,2026_POSTHOC,V10_WORKLOAD,0.574489194959351
2026,20260708,20260708HTLT0,1.0,2026_POSTHOC,V10_WORKLOAD,0.4499380264919469
2026,20260708,20260708LGSS0,0.0,2026_POSTHOC,V10_WORKLOAD,0.5102522847879609
2026,20260708,20260708SKOB0,1.0,2026_POSTHOC,V10_WORKLOAD,0.760220829296049
2026,20260708,20260708WOKT0,1.0,2026_POSTHOC,V10_WORKLOAD,0.5662588451379683
2026,20260709,20260709HTLT0,0.0,2026_POSTHOC,V10_WORKLOAD,0.5240955337327827
2026,20260709,20260709LGSS0,1.0,2026_POSTHOC,V10_WORKLOAD,0.5298855915072272
2026,20260709,20260709NCHH0,1.0,2026_POSTHOC,V10_WORKLOAD,0.4801263308570726
2026,20260709,20260709SKOB0,1.0,2026_POSTHOC,V10_WORKLOAD,0.5935163101679002
2025,20250322,20250322HHKT0,0.0,2025_HOLDOUT,V10_MATCHUP,0.8016588074306422
2025,20250322,20250322LTLG0,1.0,2025_HOLDOUT,V10_MATCHUP,0.6913863264132889
2025,20250322,20250322NCHT0,1.0,2025_HOLDOUT,V10_MATCHUP,0.805635459634032
2025,20250322,20250322OBSK0,1.0,2025_HOLDOUT,V10_MATCHUP,0.7315416691699059
2025,20250322,20250322WOSS0,1.0,2025_HOLDOUT,V10_MATCHUP,0.8306834713106367
2025,20250323,20250323HHKT0,1.0,2025_HOLDOUT,V10_MATCHUP,0.5218338815928921
2025,20250323,20250323LTLG0,1.0,2025_HOLDOUT,V10_MATCHUP,0.6610691747777012
2025,20250323,20250323NCHT0,0.0,2025_HOLDOUT,V10_MATCHUP,0.7705748624291812
2025,20250323,20250323OBSK0,1.0,2025_HOLDOUT,V10_MATCHUP,0.6329557072836863
2025,20250323,20250323WOSS0,1.0,2025_HOLDOUT,V10_MATCHUP,0.6680295790977009
2025,20250325,20250325HHLG0,1.0,2025_HOLDOUT,V10_MATCHUP,0.5492590077614109
2025,20250325,20250325LTSK0,0.0,2025_HOLDOUT,V10_MATCHUP,0.6772314404046279
2025,20250325,20250325NCSS0,1.0,2025_HOLDOUT,V10_MATCHUP,0.5733904557493678
2025,20250325,20250325OBKT0,1.0,2025_HOLDOUT,V10_MATCHUP,0.6289648537505224
2025,20250325,20250325WOHT0,1.0,2025_HOLDOUT,V10_MATCHUP,0.6464036877457228
2025,20250326,20250326HHLG0,1.0,2025_HOLDOUT,V10_MATCHUP,0.6961129434791745
2025,20250326,20250326LTSK0,1.0,2025_HOLDOUT,V10_MATCHUP,0.6203043798426962
2025,20250326,20250326NCSS0,0.0,2025_HOLDOUT,V10_MATCHUP,0.6683674697398791
2025,20250326,20250326OBKT0,0.0,2025_HOLDOUT,V10_MATCHUP,0.66971711251483
2025,20250326,20250326WOHT0,0.0,2025_HOLDOUT,V10_MATCHUP,0.6670392043764926
2025,20250327,20250327HHLG0,1.0,2025_HOLDOUT,V10_MATCHUP,0.6762824173189816
2025,20250327,20250327LTSK0,1.0,2025_HOLDOUT,V10_MATCHUP,0.6419254049471921
2025,20250327,20250327NCSS0,0.0,2025_HOLDOUT,V10_MATCHUP,0.6147312463136586
2025,20250327,20250327OBKT0,1.0,2025_HOLDOUT,V10_MATCHUP,0.6691538650900882
2025,20250327,20250327WOHT0,0.0,2025_HOLDOUT,V10_MATCHUP,0.5390030835002301
2025,20250328,20250328HTHH0,1.0,2025_HOLDOUT,V10_MATCHUP,0.4178845292896654
2025,20250328,20250328KTLT0,0.0,2025_HOLDOUT,V10_MATCHUP,0.35203433864642847
2025,20250328,20250328LGNC0,0.0,2025_HOLDOUT,V10_MATCHUP,0.36603557244013957
2025,20250328,20250328SKWO0,1.0,2025_HOLDOUT,V10_MATCHUP,0.3905773235372163
2025,20250328,20250328SSOB0,1.0,2025_HOLDOUT,V10_MATCHUP,0.3904507094164679
2025,20250329,20250329HTHH0,1.0,2025_HOLDOUT,V10_MATCHUP,0.5509284520945246
2025,20250329,20250329KTLT0,1.0,2025_HOLDOUT,V10_MATCHUP,0.36595009232616194
2025,20250329,20250329LGNC0,0.0,2025_HOLDOUT,V10_MATCHUP,0.3861052013497028
2025,20250329,20250329SKWO0,1.0,2025_HOLDOUT,V10_MATCHUP,0.3882491338056818
2025,20250329,20250329SSOB0,0.0,2025_HOLDOUT,V10_MATCHUP,0.5235929573324057
2025,20250330,20250330HTHH0,0.0,2025_HOLDOUT,V10_MATCHUP,0.5827345683398022
2025,20250330,20250330SKWO0,0.0,2025_HOLDOUT,V10_MATCHUP,0.3800002255128065
2025,20250330,20250330SSOB0,0.0,2025_HOLDOUT,V10_MATCHUP,0.3515716469987619
2025,20250402,20250402LGKT0,1.0,2025_HOLDOUT,V10_MATCHUP,0.3385649336904247
2025,20250402,20250402LTHH0,0.0,2025_HOLDOUT,V10_MATCHUP,0.52412685744047
2025,20250402,20250402SSHT0,0.0,2025_HOLDOUT,V10_MATCHUP,0.36251414056385545
2025,20250402,20250402WOOB0,1.0,2025_HOLDOUT,V10_MATCHUP,0.4006391773620386
2025,20250403,20250403LGKT0,0.0,2025_HOLDOUT,V10_MATCHUP,0.41552876535128813
2025,20250403,20250403LTHH0,0.0,2025_HOLDOUT,V10_MATCHUP,0.5818029824775006
2025,20250403,20250403SSHT0,1.0,2025_HOLDOUT,V10_MATCHUP,0.3030594055163479
2025,20250403,20250403WOOB0,1.0,2025_HOLDOUT,V10_MATCHUP,0.47456337584898384
2025,20250404,20250404HHSS0,1.0,2025_HOLDOUT,V10_MATCHUP,0.5833782892228578
2025,20250404,20250404HTLG0,1.0,2025_HOLDOUT,V10_MATCHUP,0.5621603770702712
2025,20250404,20250404KTSK0,1.0,2025_HOLDOUT,V10_MATCHUP,0.41982490141177603
2025,20250404,20250404NCWO0,1.0,2025_HOLDOUT,V10_MATCHUP,0.43572113293102477
2025,20250404,20250404OBLT0,0.0,2025_HOLDOUT,V10_MATCHUP,0.5092521788735899
2025,20250405,20250405HHSS0,0.0,2025_HOLDOUT,V10_MATCHUP,0.3950188317389167
2025,20250405,20250405NCWO0,0.0,2025_HOLDOUT,V10_MATCHUP,0.4519216979382809
2025,20250405,20250405OBLT0,1.0,2025_HOLDOUT,V10_MATCHUP,0.5237782608951407
2025,20250406,20250406HHSS0,1.0,2025_HOLDOUT,V10_MATCHUP,0.633934286217253
2025,20250406,20250406HTLG0,1.0,2025_HOLDOUT,V10_MATCHUP,0.6582880124550063
2025,20250406,20250406KTSK0,1.0,2025_HOLDOUT,V10_MATCHUP,0.5228716304691665
2025,20250406,20250406NCWO0,0.0,2025_HOLDOUT,V10_MATCHUP,0.4149569327275809
2025,20250406,20250406OBLT0,0.0,2025_HOLDOUT,V10_MATCHUP,0.6231666976794853
2025,20250408,20250408HHOB0,1.0,2025_HOLDOUT,V10_MATCHUP,0.4397960443286578
2025,20250408,20250408HTLT0,0.0,2025_HOLDOUT,V10_MATCHUP,0.4845865659683726
2025,20250408,20250408LGWO0,0.0,2025_HOLDOUT,V10_MATCHUP,0.31372623869535243
2025,20250408,20250408NCKT0,1.0,2025_HOLDOUT,V10_MATCHUP,0.677946976381604
2025,20250408,20250408SKSS0,1.0,2025_HOLDOUT,V10_MATCHUP,0.503164353624712
2025,20250409,20250409HHOB0,0.0,2025_HOLDOUT,V10_MATCHUP,0.4845345112607014
2025,20250409,20250409HTLT0,0.0,2025_HOLDOUT,V10_MATCHUP,0.35623166410449847
2025,20250409,20250409LGWO0,1.0,2025_HOLDOUT,V10_MATCHUP,0.3581939739829174
2025,20250409,20250409NCKT0,1.0,2025_HOLDOUT,V10_MATCHUP,0.5819249346752705
2025,20250409,20250409SKSS0,0.0,2025_HOLDOUT,V10_MATCHUP,0.6206129702453993
2025,20250410,20250410HHOB0,0.0,2025_HOLDOUT,V10_MATCHUP,0.536543197054026
2025,20250410,20250410HTLT0,1.0,2025_HOLDOUT,V10_MATCHUP,0.5316496057565391
2025,20250410,20250410LGWO0,0.0,2025_HOLDOUT,V10_MATCHUP,0.3354611895363753
2025,20250410,20250410NCKT0,0.0,2025_HOLDOUT,V10_MATCHUP,0.4445796057614121
2025,20250410,20250410SKSS0,1.0,2025_HOLDOUT,V10_MATCHUP,0.5283760729424637
2025,20250411,20250411LTNC0,0.0,2025_HOLDOUT,V10_MATCHUP,0.47671065162924287
2025,20250411,20250411OBLG0,1.0,2025_HOLDOUT,V10_MATCHUP,0.6398958377121648
2025,20250411,20250411SKHT0,0.0,2025_HOLDOUT,V10_MATCHUP,0.5366585443838265
2025,20250411,20250411SSKT0,1.0,2025_HOLDOUT,V10_MATCHUP,0.5544595064825136
2025,20250411,20250411WOHH0,1.0,2025_HOLDOUT,V10_MATCHUP,0.6962723876217045
2025,20250412,20250412LTNC0,0.0,2025_HOLDOUT,V10_MATCHUP,0.5824024339696621
2025,20250412,20250412OBLG0,1.0,2025_HOLDOUT,V10_MATCHUP,0.7222023549435864
2025,20250412,20250412WOHH0,0.0,2025_HOLDOUT,V10_MATCHUP,0.5648560834136881
2025,20250413,20250413LTNC0,1.0,2025_HOLDOUT,V10_MATCHUP,0.5382857778032383
2025,20250413,20250413OBLG0,0.0,2025_HOLDOUT,V10_MATCHUP,0.6860191561928105
2025,20250413,20250413SKHT0,1.0,2025_HOLDOUT,V10_MATCHUP,0.47245815455525014
2025,20250413,20250413SSKT0,1.0,2025_HOLDOUT,V10_MATCHUP,0.415326416795851
2025,20250413,20250413WOHH0,1.0,2025_HOLDOUT,V10_MATCHUP,0.6186974255969101
2025,20250415,20250415HHSK0,0.0,2025_HOLDOUT,V10_MATCHUP,0.4416293119698322
2025,20250415,20250415KTHT0,1.0,2025_HOLDOUT,V10_MATCHUP,0.4419234793390932
2025,20250415,20250415SSLG0,1.0,2025_HOLDOUT,V10_MATCHUP,0.4546382406026793
2025,20250415,20250415WOLT0,1.0,2025_HOLDOUT,V10_MATCHUP,0.4250526594094759
2025,20250416,20250416HHSK0,0.0,2025_HOLDOUT,V10_MATCHUP,0.424448679693787
2025,20250416,20250416KTHT0,0.0,2025_HOLDOUT,V10_MATCHUP,0.4590338435793566
2025,20250416,20250416SSLG0,1.0,2025_HOLDOUT,V10_MATCHUP,0.6799327278970416
2025,20250416,20250416WOLT0,1.0,2025_HOLDOUT,V10_MATCHUP,0.5915860775653385
2025,20250417,20250417HHSK0,0.0,2025_HOLDOUT,V10_MATCHUP,0.4812392463924473
2025,20250417,20250417KTHT0,1.0,2025_HOLDOUT,V10_MATCHUP,0.39405583951237133
2025,20250417,20250417SSLG0,0.0,2025_HOLDOUT,V10_MATCHUP,0.5580422379625326
2025,20250417,20250417WOLT0,1.0,2025_HOLDOUT,V10_MATCHUP,0.6174201051072201
2025,20250418,20250418HTOB0,1.0,2025_HOLDOUT,V10_MATCHUP,0.5282312623516652
2025,20250418,20250418KTWO0,1.0,2025_HOLDOUT,V10_MATCHUP,0.27264379001806366
2025,20250418,20250418LGSK0,0.0,2025_HOLDOUT,V10_MATCHUP,0.22706814494628466
2025,20250418,20250418LTSS0,0.0,2025_HOLDOUT,V10_MATCHUP,0.4497969129827329
2025,20250418,20250418NCHH0,1.0,2025_HOLDOUT,V10_MATCHUP,0.46276208812207825
2025,20250419,20250419HTOB0,0.0,2025_HOLDOUT,V10_MATCHUP,0.4176593047654942
2025,20250419,20250419KTWO0,0.0,2025_HOLDOUT,V10_MATCHUP,0.34630822578076115
2025,20250419,20250419LGSK0,0.0,2025_HOLDOUT,V10_MATCHUP,0.3259968415160918
2025,20250419,20250419LTSS0,1.0,2025_HOLDOUT,V10_MATCHUP,0.34295983910705646
2025,20250419,20250419NCHH0,1.0,2025_HOLDOUT,V10_MATCHUP,0.5395153330275764
2025,20250420,20250420HTOB0,0.0,2025_HOLDOUT,V10_MATCHUP,0.39434156031349044
2025,20250420,20250420KTWO0,0.0,2025_HOLDOUT,V10_MATCHUP,0.37878049650439966
2025,20250420,20250420LGSK0,1.0,2025_HOLDOUT,V10_MATCHUP,0.4518064801766057
2025,20250420,20250420LTSS0,0.0,2025_HOLDOUT,V10_MATCHUP,0.5886270151375389
2025,20250420,20250420NCHH0,1.0,2025_HOLDOUT,V10_MATCHUP,0.6727726634956662
2025,20250422,20250422NCLG0,0.0,2025_HOLDOUT,V10_MATCHUP,0.679969020611139
2025,20250422,20250422OBWO0,1.0,2025_HOLDOUT,V10_MATCHUP,0.5588832104105452
2025,20250422,20250422SKKT0,1.0,2025_HOLDOUT,V10_MATCHUP,0.5260468132338519
2025,20250423,20250423HHLT0,0.0,2025_HOLDOUT,V10_MATCHUP,0.561096953283778
2025,20250423,20250423HTSS0,1.0,2025_HOLDOUT,V10_MATCHUP,0.5049116337813516
2025,20250423,20250423NCLG0,1.0,2025_HOLDOUT,V10_MATCHUP,0.5328494789802969
2025,20250423,20250423OBWO0,0.0,2025_HOLDOUT,V10_MATCHUP,0.429200583748203
2025,20250423,20250423SKKT0,0.0,2025_HOLDOUT,V10_MATCHUP,0.5389222942755306
2025,20250424,20250424HHLT0,1.0,2025_HOLDOUT,V10_MATCHUP,0.5220886974345555
2025,20250424,20250424HTSS0,1.0,2025_HOLDOUT,V10_MATCHUP,0.6785674717934428
2025,20250424,20250424NCLG0,0.0,2025_HOLDOUT,V10_MATCHUP,0.6889522791938686
2025,20250424,20250424OBWO0,0.0,2025_HOLDOUT,V10_MATCHUP,0.3225136656488449
2025,20250424,20250424SKKT0,0.0,2025_HOLDOUT,V10_MATCHUP,0.3630043465109634
2025,20250425,20250425KTHH0,0.0,2025_HOLDOUT,V10_MATCHUP,0.4245011955134807
2025,20250425,20250425LGHT0,0.0,2025_HOLDOUT,V10_MATCHUP,0.42597290845426417
2025,20250425,20250425LTOB0,0.0,2025_HOLDOUT,V10_MATCHUP,0.35404300373906133
2025,20250425,20250425NCSS0,1.0,2025_HOLDOUT,V10_MATCHUP,0.6133902997727072
2025,20250425,20250425WOSK0,1.0,2025_HOLDOUT,V10_MATCHUP,0.5791416181658824
2025,20250426,20250426KTHH0,1.0,2025_HOLDOUT,V10_MATCHUP,0.4003867128469589
2025,20250426,20250426LGHT0,1.0,2025_HOLDOUT,V10_MATCHUP,0.6222177811850446
2025,20250426,20250426LTOB0,0.0,2025_HOLDOUT,V10_MATCHUP,0.5062795258433801
2025,20250426,20250426NCSS0,1.0,2025_HOLDOUT,V10_MATCHUP,0.7142371180371481
2025,20250426,20250426WOSK0,0.0,2025_HOLDOUT,V10_MATCHUP,0.4839799795630858
2025,20250427,20250427KTHH0,1.0,2025_HOLDOUT,V10_MATCHUP,0.6380860280459822
2025,20250427,20250427LGHT0,1.0,2025_HOLDOUT,V10_MATCHUP,0.4130399794686659
2025,20250427,20250427LTOB0,1.0,2025_HOLDOUT,V10_MATCHUP,0.4213646614622153
2025,20250427,20250427NCSS0,1.0,2025_HOLDOUT,V10_MATCHUP,0.5424378412790686
2025,20250427,20250427WOSK0,0.0,2025_HOLDOUT,V10_MATCHUP,0.4897781123623346
2025,20250429,20250429KTOB0,0.0,2025_HOLDOUT,V10_MATCHUP,0.47661272795985865
2025,20250429,20250429LGHH0,1.0,2025_HOLDOUT,V10_MATCHUP,0.45805393512390896
2025,20250429,20250429LTWO0,0.0,2025_HOLDOUT,V10_MATCHUP,0.2956930085852859
2025,20250429,20250429NCHT0,1.0,2025_HOLDOUT,V10_MATCHUP,0.508786160447823
2025,20250429,20250429SSSK0,0.0,2025_HOLDOUT,V10_MATCHUP,0.387666238441167
2025,20250430,20250430KTOB0,0.0,2025_HOLDOUT,V10_MATCHUP,0.4750018174110851
2025,20250430,20250430LGHH0,1.0,2025_HOLDOUT,V10_MATCHUP,0.40233955692501666
2025,20250430,20250430LTWO0,0.0,2025_HOLDOUT,V10_MATCHUP,0.2257340717018065
2025,20250430,20250430NCHT0,0.0,2025_HOLDOUT,V10_MATCHUP,0.5008686103082326
2025,20250501,20250501LTWO0,0.0,2025_HOLDOUT,V10_MATCHUP,0.28675274013944585
2025,20250501,20250501SSSK0,1.0,2025_HOLDOUT,V10_MATCHUP,0.41098423971535125
2025,20250502,20250502HHHT0,0.0,2025_HOLDOUT,V10_MATCHUP,0.6029632444726837
2025,20250502,20250502NCLT0,1.0,2025_HOLDOUT,V10_MATCHUP,0.525964500951555
2025,20250502,20250502OBSS0,1.0,2025_HOLDOUT,V10_MATCHUP,0.5723277839526592
2025,20250502,20250502SKLG0,0.0,2025_HOLDOUT,V10_MATCHUP,0.6131164432079907
2025,20250502,20250502WOKT0,0.0,2025_HOLDOUT,V10_MATCHUP,0.5382760485840755
2025,20250503,20250503NCLT0,0.0,2025_HOLDOUT,V10_MATCHUP,0.5871608094005952
2025,20250503,20250503OBSS0,0.0,2025_HOLDOUT,V10_MATCHUP,0.5799624809902585
2025,20250503,20250503SKLG0,1.0,2025_HOLDOUT,V10_MATCHUP,0.6577704717761312
2025,20250503,20250503WOKT0,1.0,2025_HOLDOUT,V10_MATCHUP,0.5057970174540546
2025,20250504,20250504HHHT0,0.0,2025_HOLDOUT,V10_MATCHUP,0.4798640522238512
2025,20250504,20250504NCLT0,0.0,2025_HOLDOUT,V10_MATCHUP,0.7005279236109082
2025,20250504,20250504OBSS0,0.0,2025_HOLDOUT,V10_MATCHUP,0.4457073837187016
2025,20250504,20250504SKLG0,1.0,2025_HOLDOUT,V10_MATCHUP,0.6621961911978008
2025,20250504,20250504WOKT0,1.0,2025_HOLDOUT,V10_MATCHUP,0.654467117871337
2025,20250505,20250505HTWO0,0.0,2025_HOLDOUT,V10_MATCHUP,0.3624344585485767
2025,20250505,20250505LGOB0,1.0,2025_HOLDOUT,V10_MATCHUP,0.4188058039464859
2025,20250505,20250505NCKT0,0.0,2025_HOLDOUT,V10_MATCHUP,0.42046004495099193
2025,20250505,20250505SKLT0,0.0,2025_HOLDOUT,V10_MATCHUP,0.5328177010823707
2025,20250505,20250505SSHH0,1.0,2025_HOLDOUT,V10_MATCHUP,0.503307060985015
2025,20250506,20250506HTWO0,0.0,2025_HOLDOUT,V10_MATCHUP,0.3242372442227649
2025,20250506,20250506LGOB0,0.0,2025_HOLDOUT,V10_MATCHUP,0.310168867229958
2025,20250506,20250506NCKT0,0.0,2025_HOLDOUT,V10_MATCHUP,0.5757052490715177
2025,20250506,20250506SKLT0,1.0,2025_HOLDOUT,V10_MATCHUP,0.5910253571151325
2025,20250506,20250506SSHH0,1.0,2025_HOLDOUT,V10_MATCHUP,0.5359297288253465
2025,20250507,20250507HTWO0,1.0,2025_HOLDOUT,V10_MATCHUP,0.4893742905668164
2025,20250507,20250507LGOB0,1.0,2025_HOLDOUT,V10_MATCHUP,0.6661358536149006
2025,20250507,20250507NCKT0,0.0,2025_HOLDOUT,V10_MATCHUP,0.7319173761071964
2025,20250507,20250507SKLT0,1.0,2025_HOLDOUT,V10_MATCHUP,0.644663209829613
2025,20250507,20250507SSHH0,1.0,2025_HOLDOUT,V10_MATCHUP,0.7001930364991317
2025,20250509,20250509HHWO0,0.0,2025_HOLDOUT,V10_MATCHUP,0.4486822613014597
2025,20250510,20250510HHWO0,0.0,2025_HOLDOUT,V10_MATCHUP,0.22513704671236526
2025,20250510,20250510HTSK0,0.0,2025_HOLDOUT,V10_MATCHUP,0.4183120338190707
2025,20250510,20250510LGSS1,0.0,2025_HOLDOUT,V10_MATCHUP,0.5505371751327826
2025,20250510,20250510LGSS2,0.0,2025_HOLDOUT,V10_MATCHUP,0.4004941276220207
2025,20250510,20250510LTKT0,0.0,2025_HOLDOUT,V10_MATCHUP,0.6052859555067293
2025,20250511,20250511HHWO0,0.0,2025_HOLDOUT,V10_MATCHUP,0.30617634173766967
2025,20250511,20250511HTSK1,1.0,2025_HOLDOUT,V10_MATCHUP,0.3936888755323486
2025,20250511,20250511HTSK2,1.0,2025_HOLDOUT,V10_MATCHUP,0.3328210692753062
2025,20250511,20250511LGSS0,0.0,2025_HOLDOUT,V10_MATCHUP,0.5016416740139812
2025,20250511,20250511LTKT1,0.0,2025_HOLDOUT,V10_MATCHUP,0.4090780032215074
2025,20250511,20250511NCOB1,0.0,2025_HOLDOUT,V10_MATCHUP,0.47683968433611873
2025,20250511,20250511NCOB2,0.0,2025_HOLDOUT,V10_MATCHUP,0.47658315606731577
2025,20250513,20250513KTSS0,1.0,2025_HOLDOUT,V10_MATCHUP,0.4878456436685762
2025,20250513,20250513LTHT0,1.0,2025_HOLDOUT,V10_MATCHUP,0.41662688537178466
2025,20250513,20250513NCSK0,1.0,2025_HOLDOUT,V10_MATCHUP,0.40950761497240096
2025,20250513,20250513OBHH0,0.0,2025_HOLDOUT,V10_MATCHUP,0.6932041151540425
2025,20250513,20250513WOLG0,1.0,2025_HOLDOUT,V10_MATCHUP,0.7717397865364968
2025,20250514,20250514KTSS0,0.0,2025_HOLDOUT,V10_MATCHUP,0.5436841402854231
2025,20250514,20250514LTHT0,0.0,2025_HOLDOUT,V10_MATCHUP,0.40878821062929366
2025,20250514,20250514NCSK0,0.0,2025_HOLDOUT,V10_MATCHUP,0.5791628254184676
2025,20250514,20250514OBHH0,0.0,2025_HOLDOUT,V10_MATCHUP,0.5246710905594539
2025,20250514,20250514WOLG0,1.0,2025_HOLDOUT,V10_MATCHUP,0.5750702444461405
2025,20250515,20250515KTSS0,1.0,2025_HOLDOUT,V10_MATCHUP,0.5122944072225945
2025,20250515,20250515LTHT0,1.0,2025_HOLDOUT,V10_MATCHUP,0.5451479064565816
2025,20250515,20250515NCSK0,1.0,2025_HOLDOUT,V10_MATCHUP,0.47499893891578604
2025,20250515,20250515OBHH0,0.0,2025_HOLDOUT,V10_MATCHUP,0.5521685179839663
2025,20250515,20250515WOLG0,1.0,2025_HOLDOUT,V10_MATCHUP,0.5676153403681838
2025,20250517,20250517KTLG1,0.0,2025_HOLDOUT,V10_MATCHUP,0.6104587027298943
2025,20250517,20250517KTLG2,0.0,2025_HOLDOUT,V10_MATCHUP,0.5036977276887883
2025,20250517,20250517OBHT1,1.0,2025_HOLDOUT,V10_MATCHUP,0.5376185386027453
2025,20250517,20250517OBHT2,1.0,2025_HOLDOUT,V10_MATCHUP,0.5490748711005028
2025,20250517,20250517SKHH1,1.0,2025_HOLDOUT,V10_MATCHUP,0.610273247035549
2025,20250517,20250517SKHH2,0.0,2025_HOLDOUT,V10_MATCHUP,0.5511898984960112
2025,20250517,20250517SSLT1,1.0,2025_HOLDOUT,V10_MATCHUP,0.538358725740197
2025,20250517,20250517SSLT2,1.0,2025_HOLDOUT,V10_MATCHUP,0.3901918934256667
2025,20250517,20250517WONC1,1.0,2025_HOLDOUT,V10_MATCHUP,0.6723281472169619
2025,20250517,20250517WONC2,0.0,2025_HOLDOUT,V10_MATCHUP,0.5565520278367523
2025,20250518,20250518KTLG0,1.0,2025_HOLDOUT,V10_MATCHUP,0.5842745213431532
2025,20250518,20250518OBHT0,1.0,2025_HOLDOUT,V10_MATCHUP,0.48639002977406404
2025,20250518,20250518SKHH0,0.0,2025_HOLDOUT,V10_MATCHUP,0.6592194496772351
2025,20250518,20250518SSLT0,1.0,2025_HOLDOUT,V10_MATCHUP,0.6018380983311469
2025,20250518,20250518WONC0,1.0,2025_HOLDOUT,V10_MATCHUP,0.7026120277970967
2025,20250520,20250520HHNC0,0.0,2025_HOLDOUT,V10_MATCHUP,0.31228133943231
2025,20250520,20250520HTKT0,1.0,2025_HOLDOUT,V10_MATCHUP,0.48682952144057906
2025,20250520,20250520LGLT0,0.0,2025_HOLDOUT,V10_MATCHUP,0.292506508814741
2025,20250520,20250520SKOB0,0.0,2025_HOLDOUT,V10_MATCHUP,0.6214108587428551
2025,20250520,20250520SSWO0,0.0,2025_HOLDOUT,V10_MATCHUP,0.3397936698261148
2025,20250521,20250521HHNC0,1.0,2025_HOLDOUT,V10_MATCHUP,0.6004170895798275
2025,20250521,20250521HTKT0,1.0,2025_HOLDOUT,V10_MATCHUP,0.49841797789945297
2025,20250521,20250521SKOB0,0.0,2025_HOLDOUT,V10_MATCHUP,0.4171362279602115
2025,20250521,20250521SSWO0,0.0,2025_HOLDOUT,V10_MATCHUP,0.31236678629556525
2025,20250522,20250522HHNC0,1.0,2025_HOLDOUT,V10_MATCHUP,0.30067206947620995
2025,20250522,20250522HTKT0,0.0,2025_HOLDOUT,V10_MATCHUP,0.4674280197678645
2025,20250522,20250522LGLT0,1.0,2025_HOLDOUT,V10_MATCHUP,0.43961003077318234
2025,20250522,20250522SKOB0,1.0,2025_HOLDOUT,V10_MATCHUP,0.39958215078961146
2025,20250522,20250522SSWO0,0.0,2025_HOLDOUT,V10_MATCHUP,0.3119706321963409
2025,20250523,20250523HTSS0,0.0,2025_HOLDOUT,V10_MATCHUP,0.39782423660775446
2025,20250523,20250523KTWO0,0.0,2025_HOLDOUT,V10_MATCHUP,0.38119137883143356
2025,20250523,20250523LGSK0,0.0,2025_HOLDOUT,V10_MATCHUP,0.43226806314902266
2025,20250523,20250523LTHH0,1.0,2025_HOLDOUT,V10_MATCHUP,0.44139854893742114
2025,20250524,20250524HTSS0,1.0,2025_HOLDOUT,V10_MATCHUP,0.4642629829070609
2025,20250524,20250524KTWO0,0.0,2025_HOLDOUT,V10_MATCHUP,0.2735890966986515
2025,20250524,20250524LGSK0,1.0,2025_HOLDOUT,V10_MATCHUP,0.3567595794657749
2025,20250524,20250524LTHH0,0.0,2025_HOLDOUT,V10_MATCHUP,0.47067540919860273
2025,20250524,20250524NCOB0,0.0,2025_HOLDOUT,V10_MATCHUP,0.3810730379078645
2025,20250525,20250525HTSS0,1.0,2025_HOLDOUT,V10_MATCHUP,0.6157507898072476
2025,20250525,20250525KTWO0,0.0,2025_HOLDOUT,V10_MATCHUP,0.2568794688580918
2025,20250525,20250525LGSK0,0.0,2025_HOLDOUT,V10_MATCHUP,0.3260673205939607
2025,20250525,20250525LTHH0,1.0,2025_HOLDOUT,V10_MATCHUP,0.4682429239131251
2025,20250525,20250525NCOB0,1.0,2025_HOLDOUT,V10_MATCHUP,0.49301242523959116
2025,20250527,20250527HHLG0,1.0,2025_HOLDOUT,V10_MATCHUP,0.6554486665486187
2025,20250527,20250527LTSS0,1.0,2025_HOLDOUT,V10_MATCHUP,0.5487260503780506
2025,20250527,20250527OBKT0,1.0,2025_HOLDOUT,V10_MATCHUP,0.6583345395548149
2025,20250527,20250527WOHT0,1.0,2025_HOLDOUT,V10_MATCHUP,0.5663446121933734
2025,20250528,20250528HHLG0,0.0,2025_HOLDOUT,V10_MATCHUP,0.35445394199344116
2025,20250528,20250528NCSK0,1.0,2025_HOLDOUT,V10_MATCHUP,0.5711031583997691
2025,20250528,20250528OBKT0,0.0,2025_HOLDOUT,V10_MATCHUP,0.5656592466161006
2025,20250528,20250528WOHT0,1.0,2025_HOLDOUT,V10_MATCHUP,0.6125868491282817
2025,20250529,20250529HHLG0,1.0,2025_HOLDOUT,V10_MATCHUP,0.4904421249935861
2025,20250529,20250529LTSS0,1.0,2025_HOLDOUT,V10_MATCHUP,0.41295791201579835
2025,20250529,20250529NCSK0,1.0,2025_HOLDOUT,V10_MATCHUP,0.3232908922496701
2025,20250529,20250529OBKT0,1.0,2025_HOLDOUT,V10_MATCHUP,0.5359012045989139
2025,20250530,20250530HHNC0,0.0,2025_HOLDOUT,V10_MATCHUP,0.4749099292933964
2025,20250530,20250530HTKT0,1.0,2025_HOLDOUT,V10_MATCHUP,0.5749694141806438
2025,20250530,20250530OBWO0,0.0,2025_HOLDOUT,V10_MATCHUP,0.3731353606831382
2025,20250530,20250530SKLT0,1.0,2025_HOLDOUT,V10_MATCHUP,0.6413269522579224
2025,20250530,20250530SSLG0,0.0,2025_HOLDOUT,V10_MATCHUP,0.543196733396587
2025,20250531,20250531HHNC0,0.0,2025_HOLDOUT,V10_MATCHUP,0.4352979326774996
2025,20250531,20250531HTKT0,1.0,2025_HOLDOUT,V10_MATCHUP,0.6642017947723146
2025,20250531,20250531OBWO0,1.0,2025_HOLDOUT,V10_MATCHUP,0.3988207511784837
2025,20250531,20250531SKLT0,0.0,2025_HOLDOUT,V10_MATCHUP,0.5672652456207105
2025,20250531,20250531SSLG0,0.0,2025_HOLDOUT,V10_MATCHUP,0.48578179111099173
2025,20250601,20250601HHNC0,1.0,2025_HOLDOUT,V10_MATCHUP,0.5645324716321114
2025,20250601,20250601HTKT0,0.0,2025_HOLDOUT,V10_MATCHUP,0.3363250438770225
2025,20250601,20250601OBWO0,1.0,2025_HOLDOUT,V10_MATCHUP,0.4614265680509785
2025,20250601,20250601SKLT0,0.0,2025_HOLDOUT,V10_MATCHUP,0.40207457584069695
2025,20250601,20250601SSLG0,0.0,2025_HOLDOUT,V10_MATCHUP,0.5531423284627008
2025,20250603,20250603HTOB0,0.0,2025_HOLDOUT,V10_MATCHUP,0.4279162457499387
2025,20250603,20250603KTHH0,1.0,2025_HOLDOUT,V10_MATCHUP,0.6178349785632263
2025,20250603,20250603LGNC0,0.0,2025_HOLDOUT,V10_MATCHUP,0.27439797201966115
2025,20250603,20250603SSSK0,1.0,2025_HOLDOUT,V10_MATCHUP,0.3699588795493057
2025,20250603,20250603WOLT0,1.0,2025_HOLDOUT,V10_MATCHUP,0.6572107141980553
2025,20250604,20250604HTOB0,0.0,2025_HOLDOUT,V10_MATCHUP,0.330546119841751
2025,20250604,20250604KTHH0,1.0,2025_HOLDOUT,V10_MATCHUP,0.5464616156592474
2025,20250604,20250604LGNC0,1.0,2025_HOLDOUT,V10_MATCHUP,0.45520631941712436
2025,20250604,20250604SSSK0,1.0,2025_HOLDOUT,V10_MATCHUP,0.413102150673559
2025,20250604,20250604WOLT0,0.0,2025_HOLDOUT,V10_MATCHUP,0.7115231942663246
2025,20250605,20250605HTOB0,1.0,2025_HOLDOUT,V10_MATCHUP,0.3604994974316973
2025,20250605,20250605KTHH0,0.0,2025_HOLDOUT,V10_MATCHUP,0.5781287256995867
2025,20250605,20250605LGNC0,0.0,2025_HOLDOUT,V10_MATCHUP,0.4994724261639514
2025,20250605,20250605SSSK0,0.0,2025_HOLDOUT,V10_MATCHUP,0.5358792820084136
2025,20250605,20250605WOLT0,0.0,2025_HOLDOUT,V10_MATCHUP,0.6387970096891735
2025,20250606,20250606HHHT0,1.0,2025_HOLDOUT,V10_MATCHUP,0.4761226779882748
2025,20250606,20250606LGWO0,1.0,2025_HOLDOUT,V10_MATCHUP,0.32165602149558514
2025,20250606,20250606LTOB0,1.0,2025_HOLDOUT,V10_MATCHUP,0.5185394273873046
2025,20250606,20250606NCSS0,1.0,2025_HOLDOUT,V10_MATCHUP,0.6150292362099358
2025,20250606,20250606SKKT0,1.0,2025_HOLDOUT,V10_MATCHUP,0.5604413913313925
2025,20250607,20250607HHHT0,0.0,2025_HOLDOUT,V10_MATCHUP,0.546616272893716
2025,20250607,20250607LGWO0,1.0,2025_HOLDOUT,V10_MATCHUP,0.23068738997858396
2025,20250607,20250607LTOB0,0.0,2025_HOLDOUT,V10_MATCHUP,0.5486123064061034
2025,20250607,20250607NCSS0,0.0,2025_HOLDOUT,V10_MATCHUP,0.5565923301722617
2025,20250607,20250607SKKT0,1.0,2025_HOLDOUT,V10_MATCHUP,0.5254280588899213
2025,20250608,20250608HHHT0,1.0,2025_HOLDOUT,V10_MATCHUP,0.4253099645300011
2025,20250608,20250608LGWO0,0.0,2025_HOLDOUT,V10_MATCHUP,0.3233943332183903
2025,20250608,20250608LTOB0,0.0,2025_HOLDOUT,V10_MATCHUP,0.4396648290328224
2025,20250608,20250608NCSS0,1.0,2025_HOLDOUT,V10_MATCHUP,0.7659982473817455
2025,20250608,20250608SKKT0,0.0,2025_HOLDOUT,V10_MATCHUP,0.5399432644921214
2025,20250610,20250610LTKT0,1.0,2025_HOLDOUT,V10_MATCHUP,0.43096485454534705
2025,20250610,20250610OBHH0,1.0,2025_HOLDOUT,V10_MATCHUP,0.5581126542548377
2025,20250610,20250610SKLG0,0.0,2025_HOLDOUT,V10_MATCHUP,0.637920904449611
2025,20250610,20250610SSHT0,0.0,2025_HOLDOUT,V10_MATCHUP,0.6252649451709138
2025,20250611,20250611LTKT0,0.0,2025_HOLDOUT,V10_MATCHUP,0.5668773942406352
2025,20250611,20250611NCWO0,0.0,2025_HOLDOUT,V10_MATCHUP,0.3772468484998145
2025,20250611,20250611OBHH0,1.0,2025_HOLDOUT,V10_MATCHUP,0.5228371066931239
2025,20250611,20250611SKLG0,1.0,2025_HOLDOUT,V10_MATCHUP,0.5253385839021484
2025,20250611,20250611SSHT0,1.0,2025_HOLDOUT,V10_MATCHUP,0.5963696532209819
2025,20250612,20250612LTKT0,0.0,2025_HOLDOUT,V10_MATCHUP,0.64798719472968
2025,20250612,20250612NCWO0,0.0,2025_HOLDOUT,V10_MATCHUP,0.37279824667940226
2025,20250612,20250612OBHH0,1.0,2025_HOLDOUT,V10_MATCHUP,0.40252402507970053
2025,20250612,20250612SKLG0,1.0,2025_HOLDOUT,V10_MATCHUP,0.6588660341200375
2025,20250612,20250612SSHT0,0.0,2025_HOLDOUT,V10_MATCHUP,0.36643709879494385
2025,20250613,20250613HTNC0,1.0,2025_HOLDOUT,V10_MATCHUP,0.4609537435744247
2025,20250614,20250614HTNC0,0.0,2025_HOLDOUT,V10_MATCHUP,0.3344009145781237
2025,20250614,20250614KTSS0,0.0,2025_HOLDOUT,V10_MATCHUP,0.6452387267884347
2025,20250614,20250614LTSK0,0.0,2025_HOLDOUT,V10_MATCHUP,0.4210545526858779
2025,20250614,20250614WOOB0,1.0,2025_HOLDOUT,V10_MATCHUP,0.5543660910422222
2025,20250615,20250615HTNC0,0.0,2025_HOLDOUT,V10_MATCHUP,0.5405401208500392
2025,20250615,20250615KTSS0,0.0,2025_HOLDOUT,V10_MATCHUP,0.4158177326833692
2025,20250615,20250615LGHH0,1.0,2025_HOLDOUT,V10_MATCHUP,0.41241235789676617
2025,20250615,20250615LTSK0,1.0,2025_HOLDOUT,V10_MATCHUP,0.6098467475562886
2025,20250615,20250615WOOB0,1.0,2025_HOLDOUT,V10_MATCHUP,0.4926356844166342
2025,20250617,20250617HHLT0,0.0,2025_HOLDOUT,V10_MATCHUP,0.45438410181089645
2025,20250617,20250617KTHT0,1.0,2025_HOLDOUT,V10_MATCHUP,0.3580613556887551
2025,20250617,20250617NCLG0,0.0,2025_HOLDOUT,V10_MATCHUP,0.45325972614116083
2025,20250617,20250617OBSS0,1.0,2025_HOLDOUT,V10_MATCHUP,0.5737401283408946
2025,20250617,20250617SKWO0,0.0,2025_HOLDOUT,V10_MATCHUP,0.33552840508673376
2025,20250618,20250618HHLT0,1.0,2025_HOLDOUT,V10_MATCHUP,0.44840563436494657
2025,20250618,20250618KTHT0,1.0,2025_HOLDOUT,V10_MATCHUP,0.3716144580384145
2025,20250618,20250618NCLG0,1.0,2025_HOLDOUT,V10_MATCHUP,0.6319897413648373
2025,20250618,20250618OBSS0,1.0,2025_HOLDOUT,V10_MATCHUP,0.5917349639600927
2025,20250618,20250618SKWO0,1.0,2025_HOLDOUT,V10_MATCHUP,0.4851921114679528
2025,20250619,20250619HHLT0,1.0,2025_HOLDOUT,V10_MATCHUP,0.5047533151260372
2025,20250619,20250619KTHT0,1.0,2025_HOLDOUT,V10_MATCHUP,0.6038510420489142
2025,20250619,20250619NCLG0,0.0,2025_HOLDOUT,V10_MATCHUP,0.31898146685739714
2025,20250619,20250619OBSS0,0.0,2025_HOLDOUT,V10_MATCHUP,0.3612215464784483
2025,20250619,20250619SKWO0,0.0,2025_HOLDOUT,V10_MATCHUP,0.43637466200430597
2025,20250620,20250620SSLT0,1.0,2025_HOLDOUT,V10_MATCHUP,0.6675861106521671
2025,20250621,20250621NCKT0,1.0,2025_HOLDOUT,V10_MATCHUP,0.5774698796636065
2025,20250621,20250621OBLG0,0.0,2025_HOLDOUT,V10_MATCHUP,0.5938594649968063
2025,20250622,20250622HTSK0,0.0,2025_HOLDOUT,V10_MATCHUP,0.4949102389550091
2025,20250622,20250622NCKT0,0.0,2025_HOLDOUT,V10_MATCHUP,0.41424242222601687
2025,20250622,20250622OBLG0,1.0,2025_HOLDOUT,V10_MATCHUP,0.5700215937322514
2025,20250622,20250622SSLT0,1.0,2025_HOLDOUT,V10_MATCHUP,0.4409624509325151
2025,20250622,20250622WOHH0,1.0,2025_HOLDOUT,V10_MATCHUP,0.666984587137939
2025,20250624,20250624HTWO0,1.0,2025_HOLDOUT,V10_MATCHUP,0.38979158657466495
2025,20250624,20250624LGKT0,1.0,2025_HOLDOUT,V10_MATCHUP,0.43549021179776676
2025,20250624,20250624SKOB0,1.0,2025_HOLDOUT,V10_MATCHUP,0.3568573161858429
2025,20250625,20250625HHSS0,1.0,2025_HOLDOUT,V10_MATCHUP,0.4998881174987243
2025,20250625,20250625HTWO0,0.0,2025_HOLDOUT,V10_MATCHUP,0.40179757484622947
2025,20250625,20250625LTNC0,1.0,2025_HOLDOUT,V10_MATCHUP,0.5086176235122923
2025,20250626,20250626HHSS0,0.0,2025_HOLDOUT,V10_MATCHUP,0.4136630068258513
2025,20250626,20250626LGKT0,0.0,2025_HOLDOUT,V10_MATCHUP,0.4274506228617745
2025,20250626,20250626LTNC0,0.0,2025_HOLDOUT,V10_MATCHUP,0.3888238864585887
2025,20250626,20250626SKOB0,0.0,2025_HOLDOUT,V10_MATCHUP,0.5237381451084979
2025,20250627,20250627HHSK0,1.0,2025_HOLDOUT,V10_MATCHUP,0.5024180997441997
2025,20250627,20250627HTLG0,1.0,2025_HOLDOUT,V10_MATCHUP,0.5262574414132883
2025,20250627,20250627KTLT0,0.0,2025_HOLDOUT,V10_MATCHUP,0.35070376318684154
2025,20250627,20250627OBNC0,1.0,2025_HOLDOUT,V10_MATCHUP,0.5539613921581822
2025,20250627,20250627SSWO0,1.0,2025_HOLDOUT,V10_MATCHUP,0.37062701176844526
2025,20250628,20250628HHSK0,0.0,2025_HOLDOUT,V10_MATCHUP,0.48718765909928985
2025,20250628,20250628HTLG0,0.0,2025_HOLDOUT,V10_MATCHUP,0.5922442096669365
2025,20250628,20250628KTLT0,0.0,2025_HOLDOUT,V10_MATCHUP,0.44548700279862047
2025,20250628,20250628OBNC0,1.0,2025_HOLDOUT,V10_MATCHUP,0.5663049191465596
2025,20250628,20250628SSWO0,1.0,2025_HOLDOUT,V10_MATCHUP,0.34926652178711876
2025,20250629,20250629HHSK0,1.0,2025_HOLDOUT,V10_MATCHUP,0.43287182685419123
2025,20250629,20250629HTLG0,0.0,2025_HOLDOUT,V10_MATCHUP,0.6237654108332505
2025,20250629,20250629KTLT0,1.0,2025_HOLDOUT,V10_MATCHUP,0.565785157266139
2025,20250629,20250629OBNC0,0.0,2025_HOLDOUT,V10_MATCHUP,0.4916364418070506
2025,20250629,20250629SSWO0,1.0,2025_HOLDOUT,V10_MATCHUP,0.4384191952066524
2025,20250701,20250701LGLT0,0.0,2025_HOLDOUT,V10_MATCHUP,0.5058545143831552
2025,20250701,20250701NCHH0,1.0,2025_HOLDOUT,V10_MATCHUP,0.4714619505370986
2025,20250701,20250701SKHT0,1.0,2025_HOLDOUT,V10_MATCHUP,0.38555373396666737
2025,20250701,20250701SSOB0,0.0,2025_HOLDOUT,V10_MATCHUP,0.3567834223148303
2025,20250701,20250701WOKT0,0.0,2025_HOLDOUT,V10_MATCHUP,0.6288922842392936
2025,20250702,20250702LGLT0,1.0,2025_HOLDOUT,V10_MATCHUP,0.45437598619192376
2025,20250702,20250702NCHH0,0.0,2025_HOLDOUT,V10_MATCHUP,0.679283675162976
2025,20250702,20250702SKHT0,0.0,2025_HOLDOUT,V10_MATCHUP,0.4297019037710446
2025,20250702,20250702SSOB0,1.0,2025_HOLDOUT,V10_MATCHUP,0.5162871964324356
2025,20250702,20250702WOKT0,1.0,2025_HOLDOUT,V10_MATCHUP,0.5602475052789141
2025,20250703,20250703LGLT0,1.0,2025_HOLDOUT,V10_MATCHUP,0.3129650737901928
2025,20250703,20250703SKHT0,1.0,2025_HOLDOUT,V10_MATCHUP,0.5183213514641027
2025,20250703,20250703SSOB0,0.0,2025_HOLDOUT,V10_MATCHUP,0.48182534878411165
2025,20250703,20250703WOKT0,1.0,2025_HOLDOUT,V10_MATCHUP,0.628544517765597
2025,20250704,20250704HHWO0,0.0,2025_HOLDOUT,V10_MATCHUP,0.2997265464558191
2025,20250704,20250704KTOB0,0.0,2025_HOLDOUT,V10_MATCHUP,0.5078291622225165
2025,20250704,20250704LGSS0,1.0,2025_HOLDOUT,V10_MATCHUP,0.3824952074753597
2025,20250704,20250704LTHT0,1.0,2025_HOLDOUT,V10_MATCHUP,0.5940154064894376
2025,20250704,20250704SKNC0,0.0,2025_HOLDOUT,V10_MATCHUP,0.49670872948270683
2025,20250705,20250705HHWO0,0.0,2025_HOLDOUT,V10_MATCHUP,0.32711411783441896
2025,20250705,20250705KTOB0,1.0,2025_HOLDOUT,V10_MATCHUP,0.39908647722887314
2025,20250705,20250705LGSS0,1.0,2025_HOLDOUT,V10_MATCHUP,0.3906758625674345
2025,20250705,20250705LTHT0,1.0,2025_HOLDOUT,V10_MATCHUP,0.4594954407087297
2025,20250705,20250705SKNC0,0.0,2025_HOLDOUT,V10_MATCHUP,0.40780021426996516
2025,20250706,20250706HHWO0,0.0,2025_HOLDOUT,V10_MATCHUP,0.3076985421064376
2025,20250706,20250706KTOB0,1.0,2025_HOLDOUT,V10_MATCHUP,0.3779332250836561
2025,20250706,20250706LGSS0,0.0,2025_HOLDOUT,V10_MATCHUP,0.5446379972786426
2025,20250706,20250706LTHT0,0.0,2025_HOLDOUT,V10_MATCHUP,0.3300247059845879
2025,20250706,20250706SKNC0,1.0,2025_HOLDOUT,V10_MATCHUP,0.6234834618374331
2025,20250708,20250708HTHH0,1.0,2025_HOLDOUT,V10_MATCHUP,0.5538217460229609
2025,20250708,20250708KTSK0,1.0,2025_HOLDOUT,V10_MATCHUP,0.6032053392488714
2025,20250708,20250708OBLT0,0.0,2025_HOLDOUT,V10_MATCHUP,0.5123466943965018
2025,20250708,20250708SSNC0,1.0,2025_HOLDOUT,V10_MATCHUP,0.43501707461873884
2025,20250708,20250708WOLG0,1.0,2025_HOLDOUT,V10_MATCHUP,0.5502436309356052
2025,20250709,20250709HTHH0,1.0,2025_HOLDOUT,V10_MATCHUP,0.4649027746357585
2025,20250709,20250709KTSK0,0.0,2025_HOLDOUT,V10_MATCHUP,0.44125095735203596
2025,20250709,20250709OBLT0,1.0,2025_HOLDOUT,V10_MATCHUP,0.4675981384225231
2025,20250709,20250709SSNC0,1.0,2025_HOLDOUT,V10_MATCHUP,0.4758295234976125
2025,20250709,20250709WOLG0,1.0,2025_HOLDOUT,V10_MATCHUP,0.6066412461778559
2025,20250710,20250710HTHH0,1.0,2025_HOLDOUT,V10_MATCHUP,0.35991963743823785
2025,20250710,20250710KTSK0,0.0,2025_HOLDOUT,V10_MATCHUP,0.5312333900520715
2025,20250710,20250710OBLT0,0.0,2025_HOLDOUT,V10_MATCHUP,0.3999427925348606
2025,20250710,20250710SSNC0,1.0,2025_HOLDOUT,V10_MATCHUP,0.5711958439424378
2025,20250710,20250710WOLG0,0.0,2025_HOLDOUT,V10_MATCHUP,0.5901044395497269
2025,20250718,20250718HHKT0,0.0,2025_HOLDOUT,V10_MATCHUP,0.36604150040926886
2025,20250718,20250718LTLG0,1.0,2025_HOLDOUT,V10_MATCHUP,0.46548362192497494
2025,20250719,20250719HHKT0,0.0,2025_HOLDOUT,V10_MATCHUP,0.4352489719486988
2025,20250719,20250719LTLG0,0.0,2025_HOLDOUT,V10_MATCHUP,0.40514353915358764
2025,20250719,20250719OBSK0,0.0,2025_HOLDOUT,V10_MATCHUP,0.539796055861365
2025,20250720,20250720HHKT0,0.0,2025_HOLDOUT,V10_MATCHUP,0.4588895524127596
2025,20250720,20250720LTLG0,1.0,2025_HOLDOUT,V10_MATCHUP,0.6174907927853239
2025,20250720,20250720NCHT0,1.0,2025_HOLDOUT,V10_MATCHUP,0.37241717979666294
2025,20250720,20250720OBSK0,0.0,2025_HOLDOUT,V10_MATCHUP,0.5037321742686327
2025,20250720,20250720WOSS0,1.0,2025_HOLDOUT,V10_MATCHUP,0.5970298621277974
2025,20250722,20250722HHOB0,0.0,2025_HOLDOUT,V10_MATCHUP,0.4438464859483545
2025,20250722,20250722KTNC0,0.0,2025_HOLDOUT,V10_MATCHUP,0.48501321776379314
2025,20250722,20250722LGHT0,0.0,2025_HOLDOUT,V10_MATCHUP,0.48693032053535285
2025,20250722,20250722LTWO0,1.0,2025_HOLDOUT,V10_MATCHUP,0.414388183567636
2025,20250722,20250722SKSS0,1.0,2025_HOLDOUT,V10_MATCHUP,0.5143906343127361
2025,20250723,20250723HHOB0,1.0,2025_HOLDOUT,V10_MATCHUP,0.426154997579504
2025,20250723,20250723KTNC0,0.0,2025_HOLDOUT,V10_MATCHUP,0.58671013998291
2025,20250723,20250723LGHT0,0.0,2025_HOLDOUT,V10_MATCHUP,0.430403528092474
2025,20250723,20250723LTWO0,0.0,2025_HOLDOUT,V10_MATCHUP,0.40618376211691104
2025,20250723,20250723SKSS0,1.0,2025_HOLDOUT,V10_MATCHUP,0.4759610291792089
2025,20250724,20250724KTNC0,0.0,2025_HOLDOUT,V10_MATCHUP,0.39708527555992523
2025,20250724,20250724LGHT0,0.0,2025_HOLDOUT,V10_MATCHUP,0.46758679625671007
2025,20250724,20250724LTWO0,0.0,2025_HOLDOUT,V10_MATCHUP,0.36070637364372715
2025,20250724,20250724SKSS0,0.0,2025_HOLDOUT,V10_MATCHUP,0.519074022844743
2025,20250725,20250725HTLT0,1.0,2025_HOLDOUT,V10_MATCHUP,0.6925927072342215
2025,20250725,20250725LGOB0,0.0,2025_HOLDOUT,V10_MATCHUP,0.4593951889066306
2025,20250725,20250725SKHH0,1.0,2025_HOLDOUT,V10_MATCHUP,0.5383642220004555
2025,20250725,20250725SSKT0,1.0,2025_HOLDOUT,V10_MATCHUP,0.6364164439869354
2025,20250725,20250725WONC0,1.0,2025_HOLDOUT,V10_MATCHUP,0.5301385016736798
2025,20250726,20250726HTLT0,1.0,2025_HOLDOUT,V10_MATCHUP,0.6284469988698486
2025,20250726,20250726LGOB0,0.0,2025_HOLDOUT,V10_MATCHUP,0.3889301135798001
2025,20250726,20250726SKHH0,0.0,2025_HOLDOUT,V10_MATCHUP,0.5831366740940049
2025,20250726,20250726SSKT0,0.0,2025_HOLDOUT,V10_MATCHUP,0.4865610481203301
2025,20250726,20250726WONC0,1.0,2025_HOLDOUT,V10_MATCHUP,0.5536812992181553
2025,20250727,20250727HTLT0,1.0,2025_HOLDOUT,V10_MATCHUP,0.4073941036264077
2025,20250727,20250727LGOB0,1.0,2025_HOLDOUT,V10_MATCHUP,0.6357833092400597
2025,20250727,20250727SKHH0,0.0,2025_HOLDOUT,V10_MATCHUP,0.5423905091391653
2025,20250727,20250727SSKT0,1.0,2025_HOLDOUT,V10_MATCHUP,0.47705101340885275
2025,20250727,20250727WONC0,1.0,2025_HOLDOUT,V10_MATCHUP,0.6351117283378283
2025,20250729,20250729KTLG0,1.0,2025_HOLDOUT,V10_MATCHUP,0.6003720409318957
2025,20250729,20250729NCLT0,1.0,2025_HOLDOUT,V10_MATCHUP,0.5059916349408615
2025,20250729,20250729OBHT0,0.0,2025_HOLDOUT,V10_MATCHUP,0.5732376606605435
2025,20250729,20250729SSHH0,0.0,2025_HOLDOUT,V10_MATCHUP,0.4282069896918841
2025,20250729,20250729WOSK0,1.0,2025_HOLDOUT,V10_MATCHUP,0.44039395650527957
2025,20250730,20250730KTLG0,1.0,2025_HOLDOUT,V10_MATCHUP,0.6416706795772098
2025,20250730,20250730NCLT0,0.0,2025_HOLDOUT,V10_MATCHUP,0.6875120809560952
2025,20250730,20250730SSHH0,1.0,2025_HOLDOUT,V10_MATCHUP,0.6527258998036652
2025,20250731,20250731KTLG0,1.0,2025_HOLDOUT,V10_MATCHUP,0.5208673851995037
2025,20250731,20250731NCLT0,1.0,2025_HOLDOUT,V10_MATCHUP,0.6237599996339148
2025,20250731,20250731OBHT0,1.0,2025_HOLDOUT,V10_MATCHUP,0.3612338316336356
2025,20250731,20250731SSHH0,1.0,2025_HOLDOUT,V10_MATCHUP,0.7660912841132068
2025,20250731,20250731WOSK0,1.0,2025_HOLDOUT,V10_MATCHUP,0.6617810358423657
2025,20250801,20250801HHHT0,1.0,2025_HOLDOUT,V10_MATCHUP,0.2329264240993947
2025,20250801,20250801KTNC0,1.0,2025_HOLDOUT,V10_MATCHUP,0.467442586362956
2025,20250801,20250801LGSS0,0.0,2025_HOLDOUT,V10_MATCHUP,0.4591162611791491
2025,20250801,20250801LTWO0,1.0,2025_HOLDOUT,V10_MATCHUP,0.4770401325759972
2025,20250801,20250801SKOB0,0.0,2025_HOLDOUT,V10_MATCHUP,0.4524080479439889
2025,20250802,20250802KTNC0,1.0,2025_HOLDOUT,V10_MATCHUP,0.7004395098754583
2025,20250802,20250802LGSS0,0.0,2025_HOLDOUT,V10_MATCHUP,0.45359055818569893
2025,20250802,20250802LTWO0,0.0,2025_HOLDOUT,V10_MATCHUP,0.3785268560633992
2025,20250802,20250802SKOB0,1.0,2025_HOLDOUT,V10_MATCHUP,0.46290100525411687
2025,20250803,20250803LGSS0,0.0,2025_HOLDOUT,V10_MATCHUP,0.3470130470849002
2025,20250803,20250803LTWO0,0.0,2025_HOLDOUT,V10_MATCHUP,0.31967962290368934
2025,20250803,20250803SKOB0,0.0,2025_HOLDOUT,V10_MATCHUP,0.4694367456792439
2025,20250805,20250805HTLT0,0.0,2025_HOLDOUT,V10_MATCHUP,0.46025814842623886
2025,20250805,20250805KTHH0,0.0,2025_HOLDOUT,V10_MATCHUP,0.6549315227948733
2025,20250805,20250805OBLG0,1.0,2025_HOLDOUT,V10_MATCHUP,0.6313763991027639
2025,20250805,20250805SSSK0,0.0,2025_HOLDOUT,V10_MATCHUP,0.48123275585691244
2025,20250805,20250805WONC0,0.0,2025_HOLDOUT,V10_MATCHUP,0.5646936584904946
2025,20250806,20250806HTLT0,1.0,2025_HOLDOUT,V10_MATCHUP,0.4676501982302514
2025,20250806,20250806KTHH0,1.0,2025_HOLDOUT,V10_MATCHUP,0.6885253101403898
2025,20250806,20250806OBLG0,0.0,2025_HOLDOUT,V10_MATCHUP,0.3954755817357311
2025,20250806,20250806SSSK0,1.0,2025_HOLDOUT,V10_MATCHUP,0.5389684514208937
2025,20250806,20250806WONC0,0.0,2025_HOLDOUT,V10_MATCHUP,0.569827352611025
2025,20250807,20250807HTLT0,0.0,2025_HOLDOUT,V10_MATCHUP,0.3870702192758871
2025,20250807,20250807KTHH0,0.0,2025_HOLDOUT,V10_MATCHUP,0.5659592687580801
2025,20250807,20250807OBLG0,1.0,2025_HOLDOUT,V10_MATCHUP,0.6306559177053197
2025,20250807,20250807SSSK0,0.0,2025_HOLDOUT,V10_MATCHUP,0.4325874684970121
2025,20250807,20250807WONC0,0.0,2025_HOLDOUT,V10_MATCHUP,0.5517570889039025
2025,20250808,20250808HHLG0,1.0,2025_HOLDOUT,V10_MATCHUP,0.5878513182012682
2025,20250808,20250808HTNC0,1.0,2025_HOLDOUT,V10_MATCHUP,0.5228670016176947
2025,20250808,20250808OBWO0,0.0,2025_HOLDOUT,V10_MATCHUP,0.31397974066478623
2025,20250808,20250808SKLT0,0.0,2025_HOLDOUT,V10_MATCHUP,0.5868076051468569
2025,20250808,20250808SSKT0,0.0,2025_HOLDOUT,V10_MATCHUP,0.4818430138787064
2025,20250809,20250809HHLG0,1.0,2025_HOLDOUT,V10_MATCHUP,0.6793788936499494
2025,20250809,20250809OBWO0,0.0,2025_HOLDOUT,V10_MATCHUP,0.44513209190412895
2025,20250809,20250809SSKT0,1.0,2025_HOLDOUT,V10_MATCHUP,0.4988384755653489
2025,20250810,20250810HHLG0,0.0,2025_HOLDOUT,V10_MATCHUP,0.556911176174271
2025,20250810,20250810HTNC0,1.0,2025_HOLDOUT,V10_MATCHUP,0.6959324490084188
2025,20250810,20250810OBWO0,1.0,2025_HOLDOUT,V10_MATCHUP,0.4908232763880346
2025,20250810,20250810SKLT0,0.0,2025_HOLDOUT,V10_MATCHUP,0.6351716264286025
2025,20250810,20250810SSKT0,1.0,2025_HOLDOUT,V10_MATCHUP,0.4040213403061838
2025,20250812,20250812HTSS0,0.0,2025_HOLDOUT,V10_MATCHUP,0.41897119701938507
2025,20250812,20250812LGKT0,0.0,2025_HOLDOUT,V10_MATCHUP,0.4722268044845086
2025,20250812,20250812LTHH0,1.0,2025_HOLDOUT,V10_MATCHUP,0.5824435774337711
2025,20250812,20250812NCOB0,0.0,2025_HOLDOUT,V10_MATCHUP,0.5263463884095697
2025,20250812,20250812WOSK0,1.0,2025_HOLDOUT,V10_MATCHUP,0.6715200378591073
2025,20250813,20250813HTSS0,0.0,2025_HOLDOUT,V10_MATCHUP,0.5148021194450769
2025,20250813,20250813LTHH0,1.0,2025_HOLDOUT,V10_MATCHUP,0.617837186716141
2025,20250814,20250814HTSS0,0.0,2025_HOLDOUT,V10_MATCHUP,0.4941681711828941
2025,20250814,20250814LTHH0,1.0,2025_HOLDOUT,V10_MATCHUP,0.5198741014264927
2025,20250814,20250814NCOB0,1.0,2025_HOLDOUT,V10_MATCHUP,0.41199458917085124
2025,20250814,20250814WOSK0,0.0,2025_HOLDOUT,V10_MATCHUP,0.4853881508034183
2025,20250815,20250815HHNC0,0.0,2025_HOLDOUT,V10_MATCHUP,0.6415998427228002
2025,20250815,20250815HTOB0,1.0,2025_HOLDOUT,V10_MATCHUP,0.5380967502912014
2025,20250815,20250815KTWO0,1.0,2025_HOLDOUT,V10_MATCHUP,0.3196209509800016
2025,20250815,20250815LGSK0,0.0,2025_HOLDOUT,V10_MATCHUP,0.39676768867242196
2025,20250815,20250815SSLT0,0.0,2025_HOLDOUT,V10_MATCHUP,0.42179255755644596
2025,20250816,20250816HHNC0,1.0,2025_HOLDOUT,V10_MATCHUP,0.39562756896991397
2025,20250816,20250816HTOB0,1.0,2025_HOLDOUT,V10_MATCHUP,0.6214610955468711
2025,20250816,20250816KTWO0,1.0,2025_HOLDOUT,V10_MATCHUP,0.46306222908917455
2025,20250816,20250816LGSK0,1.0,2025_HOLDOUT,V10_MATCHUP,0.30660949090987555
2025,20250816,20250816SSLT0,0.0,2025_HOLDOUT,V10_MATCHUP,0.5584043886271798
2025,20250817,20250817HHNC0,1.0,2025_HOLDOUT,V10_MATCHUP,0.521720467092219
2025,20250817,20250817HTOB0,1.0,2025_HOLDOUT,V10_MATCHUP,0.31302654868834573
2025,20250817,20250817KTWO0,0.0,2025_HOLDOUT,V10_MATCHUP,0.4447492910105415
2025,20250817,20250817LGSK0,0.0,2025_HOLDOUT,V10_MATCHUP,0.27914986064792874
2025,20250819,20250819LTLG0,1.0,2025_HOLDOUT,V10_MATCHUP,0.6094696708518782
2025,20250819,20250819OBHH0,0.0,2025_HOLDOUT,V10_MATCHUP,0.6237785103247103
2025,20250819,20250819SKKT0,1.0,2025_HOLDOUT,V10_MATCHUP,0.475021937525891
2025,20250819,20250819SSNC0,0.0,2025_HOLDOUT,V10_MATCHUP,0.4324825823745583
2025,20250819,20250819WOHT0,1.0,2025_HOLDOUT,V10_MATCHUP,0.6837182349645525
2025,20250820,20250820LTLG0,1.0,2025_HOLDOUT,V10_MATCHUP,0.610873267123293
2025,20250820,20250820OBHH0,0.0,2025_HOLDOUT,V10_MATCHUP,0.3995170468408695
2025,20250820,20250820SKKT0,0.0,2025_HOLDOUT,V10_MATCHUP,0.38438842935200246
2025,20250820,20250820SSNC0,0.0,2025_HOLDOUT,V10_MATCHUP,0.31393478119949375
2025,20250820,20250820WOHT0,0.0,2025_HOLDOUT,V10_MATCHUP,0.6004124403597125
2025,20250821,20250821OBHH0,0.0,2025_HOLDOUT,V10_MATCHUP,0.5162349191223187
2025,20250821,20250821SKKT0,0.0,2025_HOLDOUT,V10_MATCHUP,0.3915916601052811
2025,20250821,20250821SSNC0,1.0,2025_HOLDOUT,V10_MATCHUP,0.5100826679761592
2025,20250821,20250821WOHT0,0.0,2025_HOLDOUT,V10_MATCHUP,0.5606603122732344
2025,20250822,20250822KTOB0,0.0,2025_HOLDOUT,V10_MATCHUP,0.3989698187975979
2025,20250822,20250822LGHT0,0.0,2025_HOLDOUT,V10_MATCHUP,0.2786011215747489
2025,20250822,20250822LTNC0,1.0,2025_HOLDOUT,V10_MATCHUP,0.4174454649643117
2025,20250822,20250822SKHH0,0.0,2025_HOLDOUT,V10_MATCHUP,0.635059153176708
2025,20250822,20250822WOSS0,1.0,2025_HOLDOUT,V10_MATCHUP,0.36500787071999913
2025,20250823,20250823KTOB0,0.0,2025_HOLDOUT,V10_MATCHUP,0.45279165297152857
2025,20250823,20250823LGHT0,0.0,2025_HOLDOUT,V10_MATCHUP,0.409146576187598
2025,20250823,20250823LTNC0,1.0,2025_HOLDOUT,V10_MATCHUP,0.3957951110920412
2025,20250823,20250823SKHH0,1.0,2025_HOLDOUT,V10_MATCHUP,0.33417684243204604
2025,20250823,20250823WOSS0,1.0,2025_HOLDOUT,V10_MATCHUP,0.529484038511934
2025,20250824,20250824KTOB0,0.0,2025_HOLDOUT,V10_MATCHUP,0.4244876721921571
2025,20250824,20250824LGHT0,0.0,2025_HOLDOUT,V10_MATCHUP,0.4431935987250765
2025,20250824,20250824LTNC0,0.0,2025_HOLDOUT,V10_MATCHUP,0.4841077993466638
2025,20250824,20250824SKHH0,1.0,2025_HOLDOUT,V10_MATCHUP,0.5960659861368168
2025,20250824,20250824WOSS0,1.0,2025_HOLDOUT,V10_MATCHUP,0.6506082143817913
2025,20250826,20250826HHWO0,0.0,2025_HOLDOUT,V10_MATCHUP,0.3715889271989697
2025,20250826,20250826HTSK0,1.0,2025_HOLDOUT,V10_MATCHUP,0.4052774386336508
2025,20250826,20250826KTLT0,1.0,2025_HOLDOUT,V10_MATCHUP,0.4712518434734069
2025,20250826,20250826LGNC0,1.0,2025_HOLDOUT,V10_MATCHUP,0.3845352500716445
2025,20250826,20250826SSOB0,0.0,2025_HOLDOUT,V10_MATCHUP,0.3629028112350914
2025,20250827,20250827HHWO0,0.0,2025_HOLDOUT,V10_MATCHUP,0.3167915434978746
2025,20250827,20250827HTSK0,0.0,2025_HOLDOUT,V10_MATCHUP,0.5785166207638827
2025,20250827,20250827KTLT0,0.0,2025_HOLDOUT,V10_MATCHUP,0.47532814337390744
2025,20250827,20250827LGNC0,0.0,2025_HOLDOUT,V10_MATCHUP,0.19470042975847826
2025,20250827,20250827SSOB0,0.0,2025_HOLDOUT,V10_MATCHUP,0.38385474665373465
2025,20250828,20250828HHWO0,0.0,2025_HOLDOUT,V10_MATCHUP,0.3251420420524696
2025,20250828,20250828HTSK0,0.0,2025_HOLDOUT,V10_MATCHUP,0.52528352777981
2025,20250828,20250828KTLT0,1.0,2025_HOLDOUT,V10_MATCHUP,0.4536189165679338
2025,20250828,20250828LGNC0,0.0,2025_HOLDOUT,V10_MATCHUP,0.3627149172801021
2025,20250828,20250828SSOB0,1.0,2025_HOLDOUT,V10_MATCHUP,0.3802009358209159
2025,20250829,20250829HTKT0,0.0,2025_HOLDOUT,V10_MATCHUP,0.3796320290801481
2025,20250829,20250829NCSK0,1.0,2025_HOLDOUT,V10_MATCHUP,0.6562125709114401
2025,20250829,20250829OBLT0,0.0,2025_HOLDOUT,V10_MATCHUP,0.40689109562400755
2025,20250829,20250829SSHH0,0.0,2025_HOLDOUT,V10_MATCHUP,0.3571837998041193
2025,20250829,20250829WOLG0,0.0,2025_HOLDOUT,V10_MATCHUP,0.7292411007294404
2025,20250830,20250830HTKT0,1.0,2025_HOLDOUT,V10_MATCHUP,0.334220495099921
2025,20250830,20250830NCSK0,0.0,2025_HOLDOUT,V10_MATCHUP,0.5134484854073875
2025,20250830,20250830SSHH0,0.0,2025_HOLDOUT,V10_MATCHUP,0.39381753069911485
2025,20250830,20250830WOLG0,1.0,2025_HOLDOUT,V10_MATCHUP,0.731773509326388
2025,20250831,20250831HTKT0,1.0,2025_HOLDOUT,V10_MATCHUP,0.45860299091856777
2025,20250831,20250831NCSK0,1.0,2025_HOLDOUT,V10_MATCHUP,0.41906308484881544
2025,20250831,20250831OBLT0,1.0,2025_HOLDOUT,V10_MATCHUP,0.5521223542553125
2025,20250831,20250831SSHH0,0.0,2025_HOLDOUT,V10_MATCHUP,0.2755346039183799
2025,20250831,20250831WOLG0,0.0,2025_HOLDOUT,V10_MATCHUP,0.6638629360252806
2025,20250902,20250902HTHH0,1.0,2025_HOLDOUT,V10_MATCHUP,0.5120974274795169
2025,20250902,20250902LTLG0,1.0,2025_HOLDOUT,V10_MATCHUP,0.5796619140992927
2025,20250902,20250902NCKT0,0.0,2025_HOLDOUT,V10_MATCHUP,0.6551383131542877
2025,20250902,20250902WOSK0,1.0,2025_HOLDOUT,V10_MATCHUP,0.6370031811181527
2025,20250903,20250903LTKT0,1.0,2025_HOLDOUT,V10_MATCHUP,0.4641202821304688
2025,20250903,20250903NCHH0,1.0,2025_HOLDOUT,V10_MATCHUP,0.6334083634222026
2025,20250903,20250903SKHT0,0.0,2025_HOLDOUT,V10_MATCHUP,0.6396017593187414
2025,20250903,20250903WOSS0,0.0,2025_HOLDOUT,V10_MATCHUP,0.533371057615477
2025,20250904,20250904LGKT0,0.0,2025_HOLDOUT,V10_MATCHUP,0.2825271061896272
2025,20250904,20250904OBNC0,0.0,2025_HOLDOUT,V10_MATCHUP,0.386242688227711
2025,20250905,20250905LTSK0,1.0,2025_HOLDOUT,V10_MATCHUP,0.6165034763167451
2025,20250905,20250905OBNC0,0.0,2025_HOLDOUT,V10_MATCHUP,0.4470799417873414
2025,20250905,20250905WOSS0,1.0,2025_HOLDOUT,V10_MATCHUP,0.5994516651447707
2025,20250906,20250906HHSS0,0.0,2025_HOLDOUT,V10_MATCHUP,0.46605242306500105
2025,20250906,20250906HTNC0,0.0,2025_HOLDOUT,V10_MATCHUP,0.41471611463271535
2025,20250907,20250907HHSS0,1.0,2025_HOLDOUT,V10_MATCHUP,0.6593773449866402
2025,20250907,20250907HTNC0,1.0,2025_HOLDOUT,V10_MATCHUP,0.3748748757155206
2025,20250907,20250907SKLG0,0.0,2025_HOLDOUT,V10_MATCHUP,0.575895168208602
2025,20250909,20250909HHLT0,0.0,2025_HOLDOUT,V10_MATCHUP,0.3864251349949077
2025,20250909,20250909LGWO0,1.0,2025_HOLDOUT,V10_MATCHUP,0.3766035143287019
2025,20250909,20250909OBKT0,1.0,2025_HOLDOUT,V10_MATCHUP,0.5218073372178931
2025,20250910,20250910HHLT0,0.0,2025_HOLDOUT,V10_MATCHUP,0.39361815990735616
2025,20250910,20250910LGOB0,0.0,2025_HOLDOUT,V10_MATCHUP,0.33187477650712255
2025,20250910,20250910SKNC0,1.0,2025_HOLDOUT,V10_MATCHUP,0.3197771352331178
2025,20250910,20250910SSHT0,1.0,2025_HOLDOUT,V10_MATCHUP,0.5404357266565569
2025,20250911,20250911KTLG0,0.0,2025_HOLDOUT,V10_MATCHUP,0.6117538829503006
2025,20250911,20250911LTHT0,0.0,2025_HOLDOUT,V10_MATCHUP,0.5073893941906942
2025,20250911,20250911NCWO0,1.0,2025_HOLDOUT,V10_MATCHUP,0.33064787637339876
2025,20250911,20250911SKSS0,0.0,2025_HOLDOUT,V10_MATCHUP,0.5631659866035612
2025,20250912,20250912OBHT0,1.0,2025_HOLDOUT,V10_MATCHUP,0.4601610054309591
2025,20250913,20250913HTLG0,0.0,2025_HOLDOUT,V10_MATCHUP,0.7217640515747582
2025,20250913,20250913KTSS0,0.0,2025_HOLDOUT,V10_MATCHUP,0.5531742366889296
2025,20250913,20250913OBNC0,1.0,2025_HOLDOUT,V10_MATCHUP,0.4251005661333782
2025,20250913,20250913SKLT0,1.0,2025_HOLDOUT,V10_MATCHUP,0.34409565687044813
2025,20250913,20250913WOHH0,1.0,2025_HOLDOUT,V10_MATCHUP,0.6685284780362664
2025,20250914,20250914HTLG0,1.0,2025_HOLDOUT,V10_MATCHUP,0.45443983771119156
2025,20250914,20250914KTSS0,1.0,2025_HOLDOUT,V10_MATCHUP,0.4758864837627408
2025,20250914,20250914OBNC0,1.0,2025_HOLDOUT,V10_MATCHUP,0.7436298664311721
2025,20250914,20250914WOHH0,0.0,2025_HOLDOUT,V10_MATCHUP,0.6873316645764577
2025,20250915,20250915WOHH0,1.0,2025_HOLDOUT,V10_MATCHUP,0.6183970333721606
2025,20250916,20250916HHHT0,0.0,2025_HOLDOUT,V10_MATCHUP,0.3570167999411801
2025,20250916,20250916LGKT0,0.0,2025_HOLDOUT,V10_MATCHUP,0.37283769318283577
2025,20250916,20250916LTSS0,1.0,2025_HOLDOUT,V10_MATCHUP,0.5974191450800468
2025,20250916,20250916SKNC0,0.0,2025_HOLDOUT,V10_MATCHUP,0.3636839812221809
2025,20250916,20250916WOOB0,0.0,2025_HOLDOUT,V10_MATCHUP,0.4501558612630985
2025,20250917,20250917HHHT0,0.0,2025_HOLDOUT,V10_MATCHUP,0.26608719659276175
2025,20250917,20250917SKNC0,1.0,2025_HOLDOUT,V10_MATCHUP,0.4259867377530619
2025,20250917,20250917WOOB0,0.0,2025_HOLDOUT,V10_MATCHUP,0.49865081968203645
2025,20250918,20250918HHHT0,0.0,2025_HOLDOUT,V10_MATCHUP,0.6427169227107475
2025,20250918,20250918LGKT1,0.0,2025_HOLDOUT,V10_MATCHUP,0.3673852346487656
2025,20250918,20250918LGKT2,0.0,2025_HOLDOUT,V10_MATCHUP,0.3359982459806425
2025,20250918,20250918SSNC0,0.0,2025_HOLDOUT,V10_MATCHUP,0.27367987139867644
2025,20250918,20250918WOOB0,1.0,2025_HOLDOUT,V10_MATCHUP,0.5537749933792284
2025,20250919,20250919LTNC0,0.0,2025_HOLDOUT,V10_MATCHUP,0.5345023655033906
2025,20250920,20250920HHKT0,1.0,2025_HOLDOUT,V10_MATCHUP,0.3280158795776304
2025,20250920,20250920NCHT0,1.0,2025_HOLDOUT,V10_MATCHUP,0.5909287339576633
2025,20250920,20250920OBSK0,1.0,2025_HOLDOUT,V10_MATCHUP,0.6581499743249053
2025,20250920,20250920SSLG0,0.0,2025_HOLDOUT,V10_MATCHUP,0.4407010192630861
2025,20250920,20250920WOLT0,0.0,2025_HOLDOUT,V10_MATCHUP,0.6934820563027705
2025,20250921,20250921NCHT0,0.0,2025_HOLDOUT,V10_MATCHUP,0.4439943552216538
2025,20250921,20250921OBSK0,1.0,2025_HOLDOUT,V10_MATCHUP,0.5739313605627904
2025,20250921,20250921SSKT0,1.0,2025_HOLDOUT,V10_MATCHUP,0.5112533359024624
2025,20250922,20250922OBSK0,0.0,2025_HOLDOUT,V10_MATCHUP,0.6380692554950991
2025,20250923,20250923HTSK0,1.0,2025_HOLDOUT,V10_MATCHUP,0.5978698691851979
2025,20250923,20250923NCLT0,0.0,2025_HOLDOUT,V10_MATCHUP,0.5866532680958959
2025,20250923,20250923OBSS0,1.0,2025_HOLDOUT,V10_MATCHUP,0.5833583049349125
2025,20250923,20250923WOKT0,1.0,2025_HOLDOUT,V10_MATCHUP,0.5114206742412452
2025,20250924,20250924HTWO0,0.0,2025_HOLDOUT,V10_MATCHUP,0.44387089316922124
2025,20250924,20250924LGNC0,1.0,2025_HOLDOUT,V10_MATCHUP,0.29536056152195533
2025,20250924,20250924LTSS0,1.0,2025_HOLDOUT,V10_MATCHUP,0.6782629015884052
2025,20250925,20250925HHOB0,1.0,2025_HOLDOUT,V10_MATCHUP,0.40181027122119417
2025,20250925,20250925KTSK0,0.0,2025_HOLDOUT,V10_MATCHUP,0.5602695022268772
2025,20250925,20250925LGLT0,0.0,2025_HOLDOUT,V10_MATCHUP,0.33533708935646556
2025,20250925,20250925WOSS0,1.0,2025_HOLDOUT,V10_MATCHUP,0.6067425629455612
2025,20250926,20250926KTSK0,1.0,2025_HOLDOUT,V10_MATCHUP,0.5214124782232021
2025,20250926,20250926LGHH0,1.0,2025_HOLDOUT,V10_MATCHUP,0.44103372534222346
2025,20250926,20250926NCOB0,0.0,2025_HOLDOUT,V10_MATCHUP,0.3418664019641536
2025,20250926,20250926SSLT0,1.0,2025_HOLDOUT,V10_MATCHUP,0.28628518881270804
2025,20250927,20250927LGHH0,0.0,2025_HOLDOUT,V10_MATCHUP,0.5339502953571326
2025,20250927,20250927NCHT0,0.0,2025_HOLDOUT,V10_MATCHUP,0.49681497101688193
2025,20250927,20250927SKOB0,0.0,2025_HOLDOUT,V10_MATCHUP,0.4447649687015683
2025,20250928,20250928LTOB0,1.0,2025_HOLDOUT,V10_MATCHUP,0.457902217679755
2025,20250928,20250928SSWO0,0.0,2025_HOLDOUT,V10_MATCHUP,0.3400566661580484
2025,20250929,20250929LGHH0,1.0,2025_HOLDOUT,V10_MATCHUP,0.31242351538475877
2025,20250929,20250929LTSK0,1.0,2025_HOLDOUT,V10_MATCHUP,0.6997660117697753
2025,20250929,20250929NCHT0,0.0,2025_HOLDOUT,V10_MATCHUP,0.25818123079487604
2025,20250930,20250930HTSS0,1.0,2025_HOLDOUT,V10_MATCHUP,0.7629481154258598
2025,20250930,20250930KTNC0,1.0,2025_HOLDOUT,V10_MATCHUP,0.45401165928919746
2025,20250930,20250930LTHH0,1.0,2025_HOLDOUT,V10_MATCHUP,0.73093405173187
2025,20250930,20250930OBLG0,0.0,2025_HOLDOUT,V10_MATCHUP,0.572588013627525
2025,20250930,20250930SKWO0,0.0,2025_HOLDOUT,V10_MATCHUP,0.4717291925568859
2025,20251001,20251001HHSK0,1.0,2025_HOLDOUT,V10_MATCHUP,0.2780287930281499
2025,20251001,20251001KTHT0,0.0,2025_HOLDOUT,V10_MATCHUP,0.3922610660472212
2025,20251001,20251001NCLG0,0.0,2025_HOLDOUT,V10_MATCHUP,0.7249779382456443
2025,20251002,20251002SKHT0,1.0,2025_HOLDOUT,V10_MATCHUP,0.47087704908476435
2025,20251004,20251004SKNC0,1.0,2025_HOLDOUT,V10_MATCHUP,0.641420827694629
2025,20251004,20251004SSHT0,1.0,2025_HOLDOUT,V10_MATCHUP,0.7073830584047377
2026,20260328,20260328HTSK0,1.0,2026_POSTHOC,V10_MATCHUP,0.835891521649503
2026,20260328,20260328KTLG0,0.0,2026_POSTHOC,V10_MATCHUP,0.8797959256183041
2026,20260328,20260328LTSS0,0.0,2026_POSTHOC,V10_MATCHUP,0.8879012297362103
2026,20260328,20260328OBNC0,1.0,2026_POSTHOC,V10_MATCHUP,0.8175287738293018
2026,20260328,20260328WOHH0,1.0,2026_POSTHOC,V10_MATCHUP,0.8235150297216353
2026,20260329,20260329HTSK0,1.0,2026_POSTHOC,V10_MATCHUP,0.7530042333089212
2026,20260329,20260329KTLG0,0.0,2026_POSTHOC,V10_MATCHUP,0.395783304431616
2026,20260329,20260329LTSS0,0.0,2026_POSTHOC,V10_MATCHUP,0.5315885765330997
2026,20260329,20260329OBNC0,0.0,2026_POSTHOC,V10_MATCHUP,0.6207136310287892
2026,20260329,20260329WOHH0,1.0,2026_POSTHOC,V10_MATCHUP,0.6547429535273874
2026,20260331,20260331HTLG0,0.0,2026_POSTHOC,V10_MATCHUP,0.6534604914482036
2026,20260331,20260331KTHH0,0.0,2026_POSTHOC,V10_MATCHUP,0.47877482476060595
2026,20260331,20260331LTNC0,1.0,2026_POSTHOC,V10_MATCHUP,0.46231571841235874
2026,20260331,20260331WOSK0,1.0,2026_POSTHOC,V10_MATCHUP,0.7060237473451534
2026,20260401,20260401HTLG0,1.0,2026_POSTHOC,V10_MATCHUP,0.654700059921231
2026,20260401,20260401KTHH0,0.0,2026_POSTHOC,V10_MATCHUP,0.5224450691857326
2026,20260401,20260401LTNC0,1.0,2026_POSTHOC,V10_MATCHUP,0.5629267210777683
2026,20260401,20260401OBSS0,1.0,2026_POSTHOC,V10_MATCHUP,0.513465358426863
2026,20260401,20260401WOSK0,0.0,2026_POSTHOC,V10_MATCHUP,0.7025112254440931
2026,20260402,20260402HTLG0,1.0,2026_POSTHOC,V10_MATCHUP,0.7579805086742654
2026,20260402,20260402KTHH0,0.0,2026_POSTHOC,V10_MATCHUP,0.49160849647933696
2026,20260402,20260402LTNC0,1.0,2026_POSTHOC,V10_MATCHUP,0.6385383471518354
2026,20260402,20260402OBSS0,1.0,2026_POSTHOC,V10_MATCHUP,0.6173079453928052
2026,20260402,20260402WOSK0,1.0,2026_POSTHOC,V10_MATCHUP,0.688030181463785
2026,20260403,20260403HHOB0,0.0,2026_POSTHOC,V10_MATCHUP,0.5489246803172341
2026,20260403,20260403LGWO0,1.0,2026_POSTHOC,V10_MATCHUP,0.3893226863447065
2026,20260403,20260403NCHT0,0.0,2026_POSTHOC,V10_MATCHUP,0.4902927641732849
2026,20260403,20260403SKLT0,0.0,2026_POSTHOC,V10_MATCHUP,0.459578642160763
2026,20260403,20260403SSKT0,0.0,2026_POSTHOC,V10_MATCHUP,0.3264112425252167
2026,20260404,20260404HHOB0,0.0,2026_POSTHOC,V10_MATCHUP,0.45658362098807687
2026,20260404,20260404LGWO0,0.0,2026_POSTHOC,V10_MATCHUP,0.28343448658410014
2026,20260404,20260404NCHT0,0.0,2026_POSTHOC,V10_MATCHUP,0.3464504066315708
2026,20260404,20260404SKLT0,0.0,2026_POSTHOC,V10_MATCHUP,0.49767428323015966
2026,20260404,20260404SSKT0,0.0,2026_POSTHOC,V10_MATCHUP,0.4726046265995591
2026,20260405,20260405HHOB0,1.0,2026_POSTHOC,V10_MATCHUP,0.6839973896010391
2026,20260405,20260405LGWO0,0.0,2026_POSTHOC,V10_MATCHUP,0.3134114065968225
2026,20260405,20260405NCHT0,1.0,2026_POSTHOC,V10_MATCHUP,0.43329856260179644
2026,20260405,20260405SKLT0,0.0,2026_POSTHOC,V10_MATCHUP,0.40138826138842737
2026,20260405,20260405SSKT0,1.0,2026_POSTHOC,V10_MATCHUP,0.5342769862505619
2026,20260407,20260407HHSK0,0.0,2026_POSTHOC,V10_MATCHUP,0.5034390282760333
2026,20260407,20260407KTLT0,0.0,2026_POSTHOC,V10_MATCHUP,0.4148745663369699
2026,20260407,20260407LGNC0,0.0,2026_POSTHOC,V10_MATCHUP,0.4434444229557543
2026,20260407,20260407SSHT0,0.0,2026_POSTHOC,V10_MATCHUP,0.39154310733995684
2026,20260407,20260407WOOB0,0.0,2026_POSTHOC,V10_MATCHUP,0.47968689804760206
2026,20260408,20260408HHSK0,0.0,2026_POSTHOC,V10_MATCHUP,0.6051018874773045
2026,20260408,20260408KTLT0,1.0,2026_POSTHOC,V10_MATCHUP,0.2707137419103524
2026,20260408,20260408LGNC0,0.0,2026_POSTHOC,V10_MATCHUP,0.40906982937011926
2026,20260408,20260408SSHT0,1.0,2026_POSTHOC,V10_MATCHUP,0.34816771594649115
2026,20260408,20260408WOOB0,1.0,2026_POSTHOC,V10_MATCHUP,0.7577240149596747
2026,20260410,20260410HTHH0,0.0,2026_POSTHOC,V10_MATCHUP,0.4169169029808936
2026,20260410,20260410LTWO0,0.0,2026_POSTHOC,V10_MATCHUP,0.581158902198435
2026,20260410,20260410NCSS0,1.0,2026_POSTHOC,V10_MATCHUP,0.6453407636660178
2026,20260410,20260410OBKT0,0.0,2026_POSTHOC,V10_MATCHUP,0.5326262857247606
2026,20260410,20260410SKLG0,1.0,2026_POSTHOC,V10_MATCHUP,0.48843502647338966
2026,20260411,20260411HTHH0,0.0,2026_POSTHOC,V10_MATCHUP,0.6439403448618645
2026,20260411,20260411LTWO0,0.0,2026_POSTHOC,V10_MATCHUP,0.41310869653757076
2026,20260411,20260411NCSS0,1.0,2026_POSTHOC,V10_MATCHUP,0.47196946385400107
2026,20260411,20260411OBKT0,1.0,2026_POSTHOC,V10_MATCHUP,0.5124542789636174
2026,20260411,20260411SKLG0,1.0,2026_POSTHOC,V10_MATCHUP,0.6340004927359324
2026,20260412,20260412HTHH0,0.0,2026_POSTHOC,V10_MATCHUP,0.40204352911450575
2026,20260412,20260412LTWO0,1.0,2026_POSTHOC,V10_MATCHUP,0.4386605468044582
2026,20260412,20260412NCSS0,1.0,2026_POSTHOC,V10_MATCHUP,0.6394809006541834
2026,20260412,20260412OBKT0,1.0,2026_POSTHOC,V10_MATCHUP,0.6120688454383921
2026,20260412,20260412SKLG0,1.0,2026_POSTHOC,V10_MATCHUP,0.570820392224888
2026,20260414,20260414KTNC0,1.0,2026_POSTHOC,V10_MATCHUP,0.40778213122869367
2026,20260414,20260414LTLG0,1.0,2026_POSTHOC,V10_MATCHUP,0.6474277363084217
2026,20260414,20260414OBSK0,0.0,2026_POSTHOC,V10_MATCHUP,0.47672887796092095
2026,20260414,20260414SSHH0,0.0,2026_POSTHOC,V10_MATCHUP,0.43955297725803805
2026,20260414,20260414WOHT0,1.0,2026_POSTHOC,V10_MATCHUP,0.6010511502432575
2026,20260415,20260415KTNC0,0.0,2026_POSTHOC,V10_MATCHUP,0.44994458750265576
2026,20260415,20260415LTLG0,0.0,2026_POSTHOC,V10_MATCHUP,0.734440603018536
2026,20260415,20260415OBSK0,1.0,2026_POSTHOC,V10_MATCHUP,0.5746046677592506
2026,20260415,20260415SSHH0,0.0,2026_POSTHOC,V10_MATCHUP,0.3836228907580401
2026,20260415,20260415WOHT0,1.0,2026_POSTHOC,V10_MATCHUP,0.7053470283774721
2026,20260416,20260416KTNC0,0.0,2026_POSTHOC,V10_MATCHUP,0.5693283620731148
2026,20260416,20260416LTLG0,1.0,2026_POSTHOC,V10_MATCHUP,0.5831636448997796
2026,20260416,20260416OBSK0,1.0,2026_POSTHOC,V10_MATCHUP,0.5908122755320743
2026,20260416,20260416SSHH0,0.0,2026_POSTHOC,V10_MATCHUP,0.3128868875420968
2026,20260416,20260416WOHT0,1.0,2026_POSTHOC,V10_MATCHUP,0.5757296026963836
2026,20260417,20260417HTOB0,0.0,2026_POSTHOC,V10_MATCHUP,0.6699918688882659
2026,20260417,20260417WOKT0,1.0,2026_POSTHOC,V10_MATCHUP,0.5749402978203748
2026,20260418,20260418HHLT0,0.0,2026_POSTHOC,V10_MATCHUP,0.4881524241622644
2026,20260418,20260418HTOB0,1.0,2026_POSTHOC,V10_MATCHUP,0.339383698836932
2026,20260418,20260418LGSS0,1.0,2026_POSTHOC,V10_MATCHUP,0.4602781140392684
2026,20260418,20260418SKNC0,0.0,2026_POSTHOC,V10_MATCHUP,0.5406699534604524
2026,20260418,20260418WOKT0,1.0,2026_POSTHOC,V10_MATCHUP,0.6501633034982396
2026,20260419,20260419HHLT0,0.0,2026_POSTHOC,V10_MATCHUP,0.5632255798306117
2026,20260419,20260419HTOB0,1.0,2026_POSTHOC,V10_MATCHUP,0.49882563638806166
2026,20260419,20260419LGSS0,0.0,2026_POSTHOC,V10_MATCHUP,0.45838653897633996
2026,20260419,20260419SKNC0,1.0,2026_POSTHOC,V10_MATCHUP,0.5458308784599419
2026,20260419,20260419WOKT0,0.0,2026_POSTHOC,V10_MATCHUP,0.6300876223214559
2026,20260421,20260421HHLG0,1.0,2026_POSTHOC,V10_MATCHUP,0.626939977368233
2026,20260421,20260421HTKT0,1.0,2026_POSTHOC,V10_MATCHUP,0.7273018799411334
2026,20260421,20260421NCWO0,1.0,2026_POSTHOC,V10_MATCHUP,0.38453220008927413
2026,20260421,20260421OBLT0,0.0,2026_POSTHOC,V10_MATCHUP,0.49075532766906044
2026,20260421,20260421SKSS0,0.0,2026_POSTHOC,V10_MATCHUP,0.5431338878139343
2026,20260422,20260422HHLG0,1.0,2026_POSTHOC,V10_MATCHUP,0.6183081357589316
2026,20260422,20260422HTKT0,1.0,2026_POSTHOC,V10_MATCHUP,0.38749406265891173
2026,20260422,20260422NCWO0,1.0,2026_POSTHOC,V10_MATCHUP,0.6318759379147803
2026,20260422,20260422OBLT0,0.0,2026_POSTHOC,V10_MATCHUP,0.3914339649796315
2026,20260422,20260422SKSS0,0.0,2026_POSTHOC,V10_MATCHUP,0.663025849168656
2026,20260423,20260423HHLG0,0.0,2026_POSTHOC,V10_MATCHUP,0.6552197665726962
2026,20260423,20260423HTKT0,1.0,2026_POSTHOC,V10_MATCHUP,0.7175845037850422
2026,20260423,20260423NCWO0,0.0,2026_POSTHOC,V10_MATCHUP,0.3949139222456643
2026,20260423,20260423OBLT0,1.0,2026_POSTHOC,V10_MATCHUP,0.3767494328834996
2026,20260423,20260423SKSS0,0.0,2026_POSTHOC,V10_MATCHUP,0.4841408951425661
2026,20260424,20260424KTSK0,1.0,2026_POSTHOC,V10_MATCHUP,0.3719963588062596
2026,20260424,20260424LGOB0,0.0,2026_POSTHOC,V10_MATCHUP,0.407587932360505
2026,20260424,20260424LTHT0,1.0,2026_POSTHOC,V10_MATCHUP,0.635687271341687
2026,20260424,20260424NCHH0,0.0,2026_POSTHOC,V10_MATCHUP,0.5391625125163201
2026,20260424,20260424SSWO0,1.0,2026_POSTHOC,V10_MATCHUP,0.45132774900946987
2026,20260425,20260425KTSK0,1.0,2026_POSTHOC,V10_MATCHUP,0.37386822255365054
2026,20260425,20260425LGOB0,0.0,2026_POSTHOC,V10_MATCHUP,0.3664809783954745
2026,20260425,20260425LTHT0,1.0,2026_POSTHOC,V10_MATCHUP,0.5644791678559051
2026,20260425,20260425NCHH0,1.0,2026_POSTHOC,V10_MATCHUP,0.4283658143601782
2026,20260425,20260425SSWO0,1.0,2026_POSTHOC,V10_MATCHUP,0.3983831091258699
2026,20260426,20260426KTSK0,0.0,2026_POSTHOC,V10_MATCHUP,0.3973119115196478
2026,20260426,20260426LGOB0,1.0,2026_POSTHOC,V10_MATCHUP,0.4686618360817726
2026,20260426,20260426NCHH0,0.0,2026_POSTHOC,V10_MATCHUP,0.4262408209235
2026,20260426,20260426SSWO0,1.0,2026_POSTHOC,V10_MATCHUP,0.43883856886882805
2026,20260428,20260428HTNC0,1.0,2026_POSTHOC,V10_MATCHUP,0.4073609667006622
2026,20260428,20260428LGKT0,1.0,2026_POSTHOC,V10_MATCHUP,0.38918205881147316
2026,20260428,20260428SKHH0,1.0,2026_POSTHOC,V10_MATCHUP,0.5092685471974878
2026,20260428,20260428SSOB0,0.0,2026_POSTHOC,V10_MATCHUP,0.41020759516950867
2026,20260428,20260428WOLT0,1.0,2026_POSTHOC,V10_MATCHUP,0.33089699757913205
2026,20260429,20260429HTNC0,0.0,2026_POSTHOC,V10_MATCHUP,0.6551447131697989
2026,20260429,20260429LGKT0,1.0,2026_POSTHOC,V10_MATCHUP,0.6400574925175482
2026,20260429,20260429SKHH0,0.0,2026_POSTHOC,V10_MATCHUP,0.3396332858388945
2026,20260429,20260429SSOB0,1.0,2026_POSTHOC,V10_MATCHUP,0.5508601336179852
2026,20260429,20260429WOLT0,0.0,2026_POSTHOC,V10_MATCHUP,0.5427021650071874
2026,20260430,20260430HTNC0,1.0,2026_POSTHOC,V10_MATCHUP,0.3460816217411761
2026,20260430,20260430LGKT0,0.0,2026_POSTHOC,V10_MATCHUP,0.5356639333379694
2026,20260430,20260430SKHH0,0.0,2026_POSTHOC,V10_MATCHUP,0.5580787927566684
2026,20260430,20260430SSOB0,1.0,2026_POSTHOC,V10_MATCHUP,0.5244917938003101
2026,20260430,20260430WOLT0,1.0,2026_POSTHOC,V10_MATCHUP,0.4806829923240204
2026,20260501,20260501HHSS0,1.0,2026_POSTHOC,V10_MATCHUP,0.5697907259133049
2026,20260501,20260501KTHT0,0.0,2026_POSTHOC,V10_MATCHUP,0.44073108891716356
2026,20260501,20260501LTSK0,0.0,2026_POSTHOC,V10_MATCHUP,0.49460877560886407
2026,20260501,20260501NCLG0,1.0,2026_POSTHOC,V10_MATCHUP,0.5849275296312078
2026,20260501,20260501OBWO0,0.0,2026_POSTHOC,V10_MATCHUP,0.4623142795603613
2026,20260502,20260502HHSS0,0.0,2026_POSTHOC,V10_MATCHUP,0.50222881110313
2026,20260502,20260502KTHT0,1.0,2026_POSTHOC,V10_MATCHUP,0.30359871650358866
2026,20260502,20260502LTSK0,0.0,2026_POSTHOC,V10_MATCHUP,0.4995268156131158
2026,20260502,20260502NCLG0,1.0,2026_POSTHOC,V10_MATCHUP,0.5423655189555194
2026,20260502,20260502OBWO0,1.0,2026_POSTHOC,V10_MATCHUP,0.3366596864122437
2026,20260503,20260503HHSS0,1.0,2026_POSTHOC,V10_MATCHUP,0.6144547379576285
2026,20260503,20260503KTHT0,0.0,2026_POSTHOC,V10_MATCHUP,0.5143393597056095
2026,20260503,20260503LTSK0,0.0,2026_POSTHOC,V10_MATCHUP,0.5433818172849362
2026,20260503,20260503NCLG0,0.0,2026_POSTHOC,V10_MATCHUP,0.5693526172968265
2026,20260503,20260503OBWO0,0.0,2026_POSTHOC,V10_MATCHUP,0.3657933422149159
2026,20260505,20260505HHHT0,1.0,2026_POSTHOC,V10_MATCHUP,0.588095703376948
2026,20260505,20260505LTKT0,1.0,2026_POSTHOC,V10_MATCHUP,0.5813925219994045
2026,20260505,20260505OBLG0,1.0,2026_POSTHOC,V10_MATCHUP,0.5025390511613808
2026,20260505,20260505WOSS0,1.0,2026_POSTHOC,V10_MATCHUP,0.6334784688999411
2026,20260506,20260506HHHT0,0.0,2026_POSTHOC,V10_MATCHUP,0.6691141672090917
2026,20260506,20260506LTKT0,0.0,2026_POSTHOC,V10_MATCHUP,0.5243259980039071
2026,20260506,20260506NCSK0,1.0,2026_POSTHOC,V10_MATCHUP,0.4846549588232484
2026,20260506,20260506OBLG0,1.0,2026_POSTHOC,V10_MATCHUP,0.49816985132918384
2026,20260506,20260506WOSS0,1.0,2026_POSTHOC,V10_MATCHUP,0.5839804313879929
2026,20260507,20260507HHHT0,0.0,2026_POSTHOC,V10_MATCHUP,0.6966335826599097
2026,20260507,20260507NCSK0,0.0,2026_POSTHOC,V10_MATCHUP,0.445359159562662
2026,20260507,20260507OBLG0,0.0,2026_POSTHOC,V10_MATCHUP,0.5631171297784874
2026,20260507,20260507WOSS0,1.0,2026_POSTHOC,V10_MATCHUP,0.8544526100227013
2026,20260508,20260508HTLT0,0.0,2026_POSTHOC,V10_MATCHUP,0.5564901102088332
2026,20260508,20260508KTWO0,0.0,2026_POSTHOC,V10_MATCHUP,0.3165236266211253
2026,20260508,20260508LGHH0,0.0,2026_POSTHOC,V10_MATCHUP,0.31913156364842865
2026,20260508,20260508SKOB0,0.0,2026_POSTHOC,V10_MATCHUP,0.523970898002881
2026,20260508,20260508SSNC0,0.0,2026_POSTHOC,V10_MATCHUP,0.41033013388064304
2026,20260509,20260509HTLT0,0.0,2026_POSTHOC,V10_MATCHUP,0.3525995772076902
2026,20260509,20260509LGHH0,1.0,2026_POSTHOC,V10_MATCHUP,0.38965520210401067
2026,20260509,20260509SKOB0,1.0,2026_POSTHOC,V10_MATCHUP,0.5281489098133741
2026,20260509,20260509SSNC0,0.0,2026_POSTHOC,V10_MATCHUP,0.3312314612587158
2026,20260510,20260510HTLT0,1.0,2026_POSTHOC,V10_MATCHUP,0.5905799117465117
2026,20260510,20260510KTWO0,1.0,2026_POSTHOC,V10_MATCHUP,0.4284750996934556
2026,20260510,20260510LGHH0,1.0,2026_POSTHOC,V10_MATCHUP,0.36851713302781436
2026,20260510,20260510SKOB0,1.0,2026_POSTHOC,V10_MATCHUP,0.6500375481739156
2026,20260510,20260510SSNC0,0.0,2026_POSTHOC,V10_MATCHUP,0.42499689116632494
2026,20260512,20260512HHWO0,0.0,2026_POSTHOC,V10_MATCHUP,0.33942898077933786
2026,20260512,20260512NCLT0,0.0,2026_POSTHOC,V10_MATCHUP,0.501987355209166
2026,20260512,20260512OBHT0,0.0,2026_POSTHOC,V10_MATCHUP,0.6352437994467773
2026,20260512,20260512SKKT0,0.0,2026_POSTHOC,V10_MATCHUP,0.557732910337203
2026,20260512,20260512SSLG0,0.0,2026_POSTHOC,V10_MATCHUP,0.5324596306856039
2026,20260513,20260513HHWO0,1.0,2026_POSTHOC,V10_MATCHUP,0.2554758602162144
2026,20260513,20260513NCLT0,1.0,2026_POSTHOC,V10_MATCHUP,0.542597266544363
2026,20260513,20260513OBHT0,1.0,2026_POSTHOC,V10_MATCHUP,0.6709439406142422
2026,20260513,20260513SKKT0,1.0,2026_POSTHOC,V10_MATCHUP,0.6021338091093282
2026,20260513,20260513SSLG0,1.0,2026_POSTHOC,V10_MATCHUP,0.4632268567051431
2026,20260514,20260514HHWO0,0.0,2026_POSTHOC,V10_MATCHUP,0.4882794822811363
2026,20260514,20260514NCLT0,0.0,2026_POSTHOC,V10_MATCHUP,0.5433779926172585
2026,20260514,20260514OBHT0,1.0,2026_POSTHOC,V10_MATCHUP,0.45947685356468143
2026,20260514,20260514SKKT0,0.0,2026_POSTHOC,V10_MATCHUP,0.6039479669025846
2026,20260514,20260514SSLG0,0.0,2026_POSTHOC,V10_MATCHUP,0.5765248598898215
2026,20260515,20260515HHKT0,0.0,2026_POSTHOC,V10_MATCHUP,0.5256674672278591
2026,20260515,20260515HTSS0,0.0,2026_POSTHOC,V10_MATCHUP,0.5997809357230067
2026,20260515,20260515LGSK0,0.0,2026_POSTHOC,V10_MATCHUP,0.35195194595013995
2026,20260515,20260515LTOB0,0.0,2026_POSTHOC,V10_MATCHUP,0.6543878622451799
2026,20260515,20260515WONC0,0.0,2026_POSTHOC,V10_MATCHUP,0.4877540629854394
2026,20260516,20260516HHKT0,0.0,2026_POSTHOC,V10_MATCHUP,0.5531963251752187
2026,20260516,20260516HTSS0,1.0,2026_POSTHOC,V10_MATCHUP,0.6280750892870313
2026,20260516,20260516LGSK0,1.0,2026_POSTHOC,V10_MATCHUP,0.4847697051025822
2026,20260516,20260516LTOB0,1.0,2026_POSTHOC,V10_MATCHUP,0.596308968416179
2026,20260516,20260516WONC0,1.0,2026_POSTHOC,V10_MATCHUP,0.6434728038579732
2026,20260517,20260517HHKT0,1.0,2026_POSTHOC,V10_MATCHUP,0.4449356476819442
2026,20260517,20260517HTSS0,0.0,2026_POSTHOC,V10_MATCHUP,0.6387380452387348
2026,20260517,20260517LGSK0,0.0,2026_POSTHOC,V10_MATCHUP,0.46677682921115765
2026,20260517,20260517LTOB0,1.0,2026_POSTHOC,V10_MATCHUP,0.46144275608284063
2026,20260517,20260517WONC0,0.0,2026_POSTHOC,V10_MATCHUP,0.6228054760208876
2026,20260519,20260519KTSS0,1.0,2026_POSTHOC,V10_MATCHUP,0.5267647210354682
2026,20260519,20260519LGHT0,1.0,2026_POSTHOC,V10_MATCHUP,0.5558904413369143
2026,20260519,20260519LTHH0,0.0,2026_POSTHOC,V10_MATCHUP,0.4237066631028038
2026,20260519,20260519NCOB0,1.0,2026_POSTHOC,V10_MATCHUP,0.5642501178444155
2026,20260519,20260519SKWO0,1.0,2026_POSTHOC,V10_MATCHUP,0.32740142181834014
2026,20260520,20260520SKWO0,1.0,2026_POSTHOC,V10_MATCHUP,0.4298995265210784
2026,20260521,20260521KTSS0,1.0,2026_POSTHOC,V10_MATCHUP,0.619357226987481
2026,20260521,20260521LGHT0,0.0,2026_POSTHOC,V10_MATCHUP,0.6041146225424728
2026,20260521,20260521LTHH0,0.0,2026_POSTHOC,V10_MATCHUP,0.41171973395225564
2026,20260521,20260521NCOB0,1.0,2026_POSTHOC,V10_MATCHUP,0.5265172839816167
2026,20260521,20260521SKWO0,1.0,2026_POSTHOC,V10_MATCHUP,0.5449211228261666
2026,20260522,20260522NCKT0,1.0,2026_POSTHOC,V10_MATCHUP,0.7729378330495996
2026,20260522,20260522OBHH0,1.0,2026_POSTHOC,V10_MATCHUP,0.40530555696128895
2026,20260522,20260522SKHT0,1.0,2026_POSTHOC,V10_MATCHUP,0.5852365228327823
2026,20260522,20260522SSLT0,0.0,2026_POSTHOC,V10_MATCHUP,0.3431221380963605
2026,20260522,20260522WOLG0,0.0,2026_POSTHOC,V10_MATCHUP,0.5138838565953937
2026,20260523,20260523NCKT0,1.0,2026_POSTHOC,V10_MATCHUP,0.5169896934388856
2026,20260523,20260523OBHH0,1.0,2026_POSTHOC,V10_MATCHUP,0.3398787517790785
2026,20260523,20260523SKHT0,1.0,2026_POSTHOC,V10_MATCHUP,0.5783003812893375
2026,20260523,20260523SSLT0,1.0,2026_POSTHOC,V10_MATCHUP,0.4092027419321282
2026,20260523,20260523WOLG0,1.0,2026_POSTHOC,V10_MATCHUP,0.6350827414586269
2026,20260524,20260524NCKT0,0.0,2026_POSTHOC,V10_MATCHUP,0.4020315015869135
2026,20260524,20260524OBHH0,1.0,2026_POSTHOC,V10_MATCHUP,0.5507609982859234
2026,20260524,20260524SKHT0,1.0,2026_POSTHOC,V10_MATCHUP,0.707221387661376
2026,20260524,20260524SSLT0,0.0,2026_POSTHOC,V10_MATCHUP,0.49648451777996455
2026,20260524,20260524WOLG0,1.0,2026_POSTHOC,V10_MATCHUP,0.5799445561880749
2026,20260526,20260526HTWO0,0.0,2026_POSTHOC,V10_MATCHUP,0.4745389497630816
2026,20260526,20260526KTOB0,0.0,2026_POSTHOC,V10_MATCHUP,0.47886419426120125
2026,20260526,20260526LGLT0,0.0,2026_POSTHOC,V10_MATCHUP,0.47560816819620366
2026,20260527,20260527HHNC0,1.0,2026_POSTHOC,V10_MATCHUP,0.496213464788842
2026,20260527,20260527HTWO0,0.0,2026_POSTHOC,V10_MATCHUP,0.41335473975961334
2026,20260527,20260527KTOB0,1.0,2026_POSTHOC,V10_MATCHUP,0.40925107922631293
2026,20260527,20260527LGLT0,0.0,2026_POSTHOC,V10_MATCHUP,0.47586698948663014
2026,20260527,20260527SSSK0,0.0,2026_POSTHOC,V10_MATCHUP,0.26851643123447944
2026,20260528,20260528HHNC0,0.0,2026_POSTHOC,V10_MATCHUP,0.27860856030582093
2026,20260528,20260528HTWO0,0.0,2026_POSTHOC,V10_MATCHUP,0.41883271904221764
2026,20260528,20260528KTOB0,0.0,2026_POSTHOC,V10_MATCHUP,0.5021106992166927
2026,20260528,20260528LGLT0,1.0,2026_POSTHOC,V10_MATCHUP,0.4869279224995182
2026,20260528,20260528SSSK0,0.0,2026_POSTHOC,V10_MATCHUP,0.32265098616178206
2026,20260529,20260529HTLG0,1.0,2026_POSTHOC,V10_MATCHUP,0.6304335639279678
2026,20260529,20260529KTWO0,0.0,2026_POSTHOC,V10_MATCHUP,0.3838532831043319
2026,20260529,20260529LTNC0,0.0,2026_POSTHOC,V10_MATCHUP,0.4873750896401316
2026,20260529,20260529OBSS0,0.0,2026_POSTHOC,V10_MATCHUP,0.56396905300916
2026,20260529,20260529SKHH0,1.0,2026_POSTHOC,V10_MATCHUP,0.573736032596002
2026,20260530,20260530HTLG0,1.0,2026_POSTHOC,V10_MATCHUP,0.36792703037089663
2026,20260530,20260530KTWO0,0.0,2026_POSTHOC,V10_MATCHUP,0.396688656894858
2026,20260530,20260530LTNC0,1.0,2026_POSTHOC,V10_MATCHUP,0.6789830201467612
2026,20260530,20260530OBSS0,0.0,2026_POSTHOC,V10_MATCHUP,0.6420612551088533
2026,20260530,20260530SKHH0,1.0,2026_POSTHOC,V10_MATCHUP,0.6393192401530806
2026,20260531,20260531HTLG0,1.0,2026_POSTHOC,V10_MATCHUP,0.5893589915139329
2026,20260531,20260531KTWO0,0.0,2026_POSTHOC,V10_MATCHUP,0.31966549572428615
2026,20260531,20260531LTNC0,1.0,2026_POSTHOC,V10_MATCHUP,0.3893092205851811
2026,20260531,20260531OBSS0,1.0,2026_POSTHOC,V10_MATCHUP,0.4955283220887323
2026,20260531,20260531SKHH0,1.0,2026_POSTHOC,V10_MATCHUP,0.5695308337271572
2026,20260602,20260602HHOB0,1.0,2026_POSTHOC,V10_MATCHUP,0.5618513855010188
2026,20260602,20260602LGKT0,0.0,2026_POSTHOC,V10_MATCHUP,0.4528890032852863
2026,20260602,20260602LTHT0,1.0,2026_POSTHOC,V10_MATCHUP,0.6323820626446107
2026,20260602,20260602NCSS0,1.0,2026_POSTHOC,V10_MATCHUP,0.6930251062012097
2026,20260602,20260602WOSK0,0.0,2026_POSTHOC,V10_MATCHUP,0.4931375363487434
2026,20260603,20260603LGKT0,1.0,2026_POSTHOC,V10_MATCHUP,0.6165724231016082
2026,20260603,20260603LTHT0,0.0,2026_POSTHOC,V10_MATCHUP,0.6168278232563178
2026,20260603,20260603NCSS0,0.0,2026_POSTHOC,V10_MATCHUP,0.7479446899602831
2026,20260603,20260603WOSK0,1.0,2026_POSTHOC,V10_MATCHUP,0.5410370438353845
2026,20260604,20260604HHOB0,1.0,2026_POSTHOC,V10_MATCHUP,0.5916362693409123
2026,20260604,20260604LGKT0,0.0,2026_POSTHOC,V10_MATCHUP,0.4030119299757376
2026,20260604,20260604LTHT0,1.0,2026_POSTHOC,V10_MATCHUP,0.5090280569252216
2026,20260604,20260604NCSS0,0.0,2026_POSTHOC,V10_MATCHUP,0.6343560708822017
2026,20260604,20260604WOSK0,1.0,2026_POSTHOC,V10_MATCHUP,0.5073508588587644
2026,20260605,20260605HHLT0,0.0,2026_POSTHOC,V10_MATCHUP,0.3868314471509075
2026,20260605,20260605KTSK0,1.0,2026_POSTHOC,V10_MATCHUP,0.5090131218385681
2026,20260605,20260605LGNC0,0.0,2026_POSTHOC,V10_MATCHUP,0.5561830249489539
2026,20260605,20260605SSHT0,1.0,2026_POSTHOC,V10_MATCHUP,0.540175728158936
2026,20260605,20260605WOOB0,1.0,2026_POSTHOC,V10_MATCHUP,0.604404658870092
2026,20260606,20260606HHLT0,0.0,2026_POSTHOC,V10_MATCHUP,0.3728778541466218
2026,20260606,20260606KTSK0,0.0,2026_POSTHOC,V10_MATCHUP,0.4613980095103747
2026,20260606,20260606LGNC0,1.0,2026_POSTHOC,V10_MATCHUP,0.3505439049032816
2026,20260606,20260606SSHT0,0.0,2026_POSTHOC,V10_MATCHUP,0.450307824981907
2026,20260606,20260606WOOB0,1.0,2026_POSTHOC,V10_MATCHUP,0.5842961192687568
2026,20260607,20260607HHLT0,0.0,2026_POSTHOC,V10_MATCHUP,0.5867104154534603
2026,20260607,20260607KTSK0,1.0,2026_POSTHOC,V10_MATCHUP,0.374855286704706
2026,20260607,20260607LGNC0,1.0,2026_POSTHOC,V10_MATCHUP,0.4177717100665741
2026,20260607,20260607SSHT0,1.0,2026_POSTHOC,V10_MATCHUP,0.6100188001831738
2026,20260607,20260607WOOB0,0.0,2026_POSTHOC,V10_MATCHUP,0.5375078709997118
2026,20260609,20260609HTHH0,0.0,2026_POSTHOC,V10_MATCHUP,0.5314694983101658
2026,20260609,20260609NCWO0,1.0,2026_POSTHOC,V10_MATCHUP,0.6003193617948638
2026,20260609,20260609OBLT0,0.0,2026_POSTHOC,V10_MATCHUP,0.38001281582622476
2026,20260609,20260609SKLG0,1.0,2026_POSTHOC,V10_MATCHUP,0.6246820958442586
2026,20260609,20260609SSKT0,1.0,2026_POSTHOC,V10_MATCHUP,0.5360111292093475
2026,20260610,20260610HTHH0,1.0,2026_POSTHOC,V10_MATCHUP,0.47657673442463827
2026,20260610,20260610NCWO0,0.0,2026_POSTHOC,V10_MATCHUP,0.39570567020249225
2026,20260610,20260610OBLT0,1.0,2026_POSTHOC,V10_MATCHUP,0.3357783297700842
2026,20260610,20260610SKLG0,1.0,2026_POSTHOC,V10_MATCHUP,0.7141354721115127
2026,20260610,20260610SSKT0,1.0,2026_POSTHOC,V10_MATCHUP,0.3741190136443557
2026,20260611,20260611HTHH0,1.0,2026_POSTHOC,V10_MATCHUP,0.46160574627425743
2026,20260611,20260611NCWO0,0.0,2026_POSTHOC,V10_MATCHUP,0.368399305876466
2026,20260611,20260611OBLT0,0.0,2026_POSTHOC,V10_MATCHUP,0.4963638502990533
2026,20260611,20260611SKLG0,1.0,2026_POSTHOC,V10_MATCHUP,0.5036683231813343
2026,20260611,20260611SSKT0,0.0,2026_POSTHOC,V10_MATCHUP,0.3894382377706293
2026,20260612,20260612HHWO0,1.0,2026_POSTHOC,V10_MATCHUP,0.37518377020926275
2026,20260612,20260612LTLG0,0.0,2026_POSTHOC,V10_MATCHUP,0.6480308455710231
2026,20260612,20260612NCKT0,1.0,2026_POSTHOC,V10_MATCHUP,0.45859974492342304
2026,20260612,20260612OBHT0,0.0,2026_POSTHOC,V10_MATCHUP,0.4711399720123025
2026,20260612,20260612SKSS0,0.0,2026_POSTHOC,V10_MATCHUP,0.5807994632009978
2026,20260613,20260613HHWO0,1.0,2026_POSTHOC,V10_MATCHUP,0.5681494534377965
2026,20260613,20260613LTLG0,1.0,2026_POSTHOC,V10_MATCHUP,0.618390601408145
2026,20260613,20260613NCKT0,1.0,2026_POSTHOC,V10_MATCHUP,0.560864150275618
2026,20260613,20260613OBHT0,1.0,2026_POSTHOC,V10_MATCHUP,0.5294848161897597
2026,20260613,20260613SKSS0,1.0,2026_POSTHOC,V10_MATCHUP,0.6519226879233778
2026,20260614,20260614HHWO0,1.0,2026_POSTHOC,V10_MATCHUP,0.42697864620901343
2026,20260614,20260614LTLG0,1.0,2026_POSTHOC,V10_MATCHUP,0.5707148884884435
2026,20260614,20260614OBHT0,0.0,2026_POSTHOC,V10_MATCHUP,0.3238113141548422
2026,20260614,20260614SKSS0,1.0,2026_POSTHOC,V10_MATCHUP,0.5820206308868
2026,20260616,20260616HHNC0,1.0,2026_POSTHOC,V10_MATCHUP,0.4573615106758313
2026,20260616,20260616KTOB0,0.0,2026_POSTHOC,V10_MATCHUP,0.3822451832715533
2026,20260616,20260616LGHT0,0.0,2026_POSTHOC,V10_MATCHUP,0.33361383781242365
2026,20260616,20260616LTSK0,0.0,2026_POSTHOC,V10_MATCHUP,0.43852632496255756
2026,20260616,20260616WOSS0,1.0,2026_POSTHOC,V10_MATCHUP,0.7058278808253288
2026,20260617,20260617HHNC0,1.0,2026_POSTHOC,V10_MATCHUP,0.4833421017165823
2026,20260617,20260617KTOB0,0.0,2026_POSTHOC,V10_MATCHUP,0.37671956072041546
2026,20260617,20260617LGHT0,1.0,2026_POSTHOC,V10_MATCHUP,0.655044073664588
2026,20260617,20260617LTSK0,0.0,2026_POSTHOC,V10_MATCHUP,0.47439767062967025
2026,20260617,20260617WOSS0,1.0,2026_POSTHOC,V10_MATCHUP,0.6247762789629231
2026,20260618,20260618HHNC0,1.0,2026_POSTHOC,V10_MATCHUP,0.458692300844548
2026,20260618,20260618KTOB0,1.0,2026_POSTHOC,V10_MATCHUP,0.4476449796698002
2026,20260618,20260618LGHT0,1.0,2026_POSTHOC,V10_MATCHUP,0.34733875092058886
2026,20260618,20260618WOSS0,1.0,2026_POSTHOC,V10_MATCHUP,0.6458114204671496
2026,20260619,20260619HTKT0,0.0,2026_POSTHOC,V10_MATCHUP,0.4662483250658753
2026,20260619,20260619LTWO0,0.0,2026_POSTHOC,V10_MATCHUP,0.6272637565214131
2026,20260619,20260619OBLG0,1.0,2026_POSTHOC,V10_MATCHUP,0.403696687072579
2026,20260619,20260619SKNC0,1.0,2026_POSTHOC,V10_MATCHUP,0.4918459924089742
2026,20260620,20260620HTKT0,1.0,2026_POSTHOC,V10_MATCHUP,0.46808069115513573
2026,20260620,20260620LTWO0,0.0,2026_POSTHOC,V10_MATCHUP,0.4586467659655715
2026,20260620,20260620OBLG0,1.0,2026_POSTHOC,V10_MATCHUP,0.5304246620388332
2026,20260620,20260620SKNC0,0.0,2026_POSTHOC,V10_MATCHUP,0.5665754086389585
2026,20260620,20260620SSHH0,1.0,2026_POSTHOC,V10_MATCHUP,0.4806287271916443
2026,20260621,20260621HTKT0,0.0,2026_POSTHOC,V10_MATCHUP,0.6169100559783044
2026,20260621,20260621LTWO0,0.0,2026_POSTHOC,V10_MATCHUP,0.3719222359754022
2026,20260621,20260621OBLG0,1.0,2026_POSTHOC,V10_MATCHUP,0.5279672197891928
2026,20260621,20260621SKNC0,0.0,2026_POSTHOC,V10_MATCHUP,0.42978862575598537
2026,20260621,20260621SSHH0,0.0,2026_POSTHOC,V10_MATCHUP,0.45536529150842614
2026,20260623,20260623HTWO0,0.0,2026_POSTHOC,V10_MATCHUP,0.32285172635081955
2026,20260623,20260623NCLT0,1.0,2026_POSTHOC,V10_MATCHUP,0.450640155808596
2026,20260623,20260623OBHH0,1.0,2026_POSTHOC,V10_MATCHUP,0.6379074697044702
2026,20260623,20260623SKKT0,1.0,2026_POSTHOC,V10_MATCHUP,0.6676393355034292
2026,20260623,20260623SSLG0,1.0,2026_POSTHOC,V10_MATCHUP,0.42153856923422
2026,20260624,20260624HTWO0,0.0,2026_POSTHOC,V10_MATCHUP,0.4362021007650942
2026,20260624,20260624NCLT0,1.0,2026_POSTHOC,V10_MATCHUP,0.46346428570214654
2026,20260624,20260624OBHH0,0.0,2026_POSTHOC,V10_MATCHUP,0.4440852733312828
2026,20260624,20260624SKKT0,0.0,2026_POSTHOC,V10_MATCHUP,0.6117317534946607
2026,20260624,20260624SSLG0,1.0,2026_POSTHOC,V10_MATCHUP,0.5083643657082996
2026,20260625,20260625HTWO0,0.0,2026_POSTHOC,V10_MATCHUP,0.4270442109559643
2026,20260625,20260625NCLT0,0.0,2026_POSTHOC,V10_MATCHUP,0.4106357335259587
2026,20260625,20260625OBHH0,0.0,2026_POSTHOC,V10_MATCHUP,0.40573712186806893
2026,20260625,20260625SKKT0,1.0,2026_POSTHOC,V10_MATCHUP,0.5920121565222205
2026,20260625,20260625SSLG0,0.0,2026_POSTHOC,V10_MATCHUP,0.36397285123177253
2026,20260626,20260626HHSK0,0.0,2026_POSTHOC,V10_MATCHUP,0.4167263713368792
2026,20260626,20260626HTOB0,1.0,2026_POSTHOC,V10_MATCHUP,0.6417179875962447
2026,20260626,20260626KTSS0,1.0,2026_POSTHOC,V10_MATCHUP,0.4617917421007262
2026,20260626,20260626LGLT0,1.0,2026_POSTHOC,V10_MATCHUP,0.38458904387547627
2026,20260626,20260626WONC0,1.0,2026_POSTHOC,V10_MATCHUP,0.45976479978907686
2026,20260627,20260627HHSK0,0.0,2026_POSTHOC,V10_MATCHUP,0.3900797284372226
2026,20260627,20260627HTOB0,1.0,2026_POSTHOC,V10_MATCHUP,0.5670679177604973
2026,20260627,20260627KTSS0,1.0,2026_POSTHOC,V10_MATCHUP,0.6229457545855416
2026,20260627,20260627LGLT0,0.0,2026_POSTHOC,V10_MATCHUP,0.356292325978286
2026,20260627,20260627WONC0,0.0,2026_POSTHOC,V10_MATCHUP,0.6428508806497624
2026,20260628,20260628HHSK0,0.0,2026_POSTHOC,V10_MATCHUP,0.31916742087157984
2026,20260628,20260628HTOB0,0.0,2026_POSTHOC,V10_MATCHUP,0.5903821166138342
2026,20260628,20260628KTSS0,1.0,2026_POSTHOC,V10_MATCHUP,0.46145475287055526
2026,20260628,20260628LGLT0,1.0,2026_POSTHOC,V10_MATCHUP,0.5044325737744918
2026,20260628,20260628WONC0,1.0,2026_POSTHOC,V10_MATCHUP,0.6433096844564214
2026,20260630,20260630LGWO0,1.0,2026_POSTHOC,V10_MATCHUP,0.3056265801395385
2026,20260630,20260630LTOB0,1.0,2026_POSTHOC,V10_MATCHUP,0.5621902956216576
2026,20260630,20260630SKHT0,1.0,2026_POSTHOC,V10_MATCHUP,0.6928617071433911
2026,20260630,20260630SSNC0,0.0,2026_POSTHOC,V10_MATCHUP,0.433381510397411
2026,20260701,20260701KTHH0,0.0,2026_POSTHOC,V10_MATCHUP,0.4089986362808174
2026,20260701,20260701LGWO0,0.0,2026_POSTHOC,V10_MATCHUP,0.6019670159745077
2026,20260701,20260701LTOB0,0.0,2026_POSTHOC,V10_MATCHUP,0.562785868493351
2026,20260701,20260701SSNC0,1.0,2026_POSTHOC,V10_MATCHUP,0.3410696030350878
2026,20260702,20260702KTHH0,1.0,2026_POSTHOC,V10_MATCHUP,0.49782854231291035
2026,20260702,20260702LGWO0,0.0,2026_POSTHOC,V10_MATCHUP,0.30128617005467045
2026,20260702,20260702LTOB0,1.0,2026_POSTHOC,V10_MATCHUP,0.5844758578090344
2026,20260702,20260702SKHT0,1.0,2026_POSTHOC,V10_MATCHUP,0.6270153770035998
2026,20260702,20260702SSNC0,0.0,2026_POSTHOC,V10_MATCHUP,0.39748961500309976
2026,20260703,20260703HHLG0,0.0,2026_POSTHOC,V10_MATCHUP,0.5109920021656571
2026,20260703,20260703LTKT0,0.0,2026_POSTHOC,V10_MATCHUP,0.4977759117858206
2026,20260703,20260703NCHT0,0.0,2026_POSTHOC,V10_MATCHUP,0.4468566768893847
2026,20260703,20260703OBWO0,1.0,2026_POSTHOC,V10_MATCHUP,0.3251888160961222
2026,20260703,20260703SSSK0,0.0,2026_POSTHOC,V10_MATCHUP,0.3071199779998396
2026,20260704,20260704HHLG0,1.0,2026_POSTHOC,V10_MATCHUP,0.4494002730565447
2026,20260704,20260704LTKT0,0.0,2026_POSTHOC,V10_MATCHUP,0.499280771238712
2026,20260704,20260704NCHT0,0.0,2026_POSTHOC,V10_MATCHUP,0.4036393129302983
2026,20260704,20260704OBWO0,0.0,2026_POSTHOC,V10_MATCHUP,0.4148318766161883
2026,20260704,20260704SSSK0,0.0,2026_POSTHOC,V10_MATCHUP,0.34541063025407426
2026,20260705,20260705LTKT0,1.0,2026_POSTHOC,V10_MATCHUP,0.4644124469582588
2026,20260705,20260705OBWO0,0.0,2026_POSTHOC,V10_MATCHUP,0.25113951542716634
2026,20260705,20260705SSSK0,0.0,2026_POSTHOC,V10_MATCHUP,0.40320129134532234
2026,20260707,20260707HTLT0,1.0,2026_POSTHOC,V10_MATCHUP,0.5778032025110902
2026,20260707,20260707LGSS0,1.0,2026_POSTHOC,V10_MATCHUP,0.5508459876574576
2026,20260707,20260707NCHH0,0.0,2026_POSTHOC,V10_MATCHUP,0.4609892308109472
2026,20260707,20260707SKOB0,0.0,2026_POSTHOC,V10_MATCHUP,0.6317455039841415
2026,20260707,20260707WOKT0,1.0,2026_POSTHOC,V10_MATCHUP,0.5846822894908061
2026,20260708,20260708HTLT0,1.0,2026_POSTHOC,V10_MATCHUP,0.430851132711767
2026,20260708,20260708LGSS0,0.0,2026_POSTHOC,V10_MATCHUP,0.49827029201038986
2026,20260708,20260708SKOB0,1.0,2026_POSTHOC,V10_MATCHUP,0.7785183777856974
2026,20260708,20260708WOKT0,1.0,2026_POSTHOC,V10_MATCHUP,0.5706360571241473
2026,20260709,20260709HTLT0,0.0,2026_POSTHOC,V10_MATCHUP,0.5157189492760467
2026,20260709,20260709LGSS0,1.0,2026_POSTHOC,V10_MATCHUP,0.5283836691912553
2026,20260709,20260709NCHH0,1.0,2026_POSTHOC,V10_MATCHUP,0.47395410260137194
2026,20260709,20260709SKOB0,1.0,2026_POSTHOC,V10_MATCHUP,0.6328442656681376
2025,20250322,20250322HHKT0,0.0,2025_HOLDOUT,V10_LINEUP,0.660156292535568
2025,20250322,20250322LTLG0,1.0,2025_HOLDOUT,V10_LINEUP,0.6072925425315733
2025,20250322,20250322NCHT0,1.0,2025_HOLDOUT,V10_LINEUP,0.705132382631351
2025,20250322,20250322OBSK0,1.0,2025_HOLDOUT,V10_LINEUP,0.6507999488065332
2025,20250322,20250322WOSS0,1.0,2025_HOLDOUT,V10_LINEUP,0.7063960406783911
2025,20250323,20250323HHKT0,1.0,2025_HOLDOUT,V10_LINEUP,0.4135041775721343
2025,20250323,20250323LTLG0,1.0,2025_HOLDOUT,V10_LINEUP,0.5871517004504434
2025,20250323,20250323NCHT0,0.0,2025_HOLDOUT,V10_LINEUP,0.6679747152650853
2025,20250323,20250323OBSK0,1.0,2025_HOLDOUT,V10_LINEUP,0.5616968193521863
2025,20250323,20250323WOSS0,1.0,2025_HOLDOUT,V10_LINEUP,0.5093431916765385
2025,20250325,20250325HHLG0,1.0,2025_HOLDOUT,V10_LINEUP,0.4782123714542692
2025,20250325,20250325LTSK0,0.0,2025_HOLDOUT,V10_LINEUP,0.6049853018521816
2025,20250325,20250325NCSS0,1.0,2025_HOLDOUT,V10_LINEUP,0.5694833727414772
2025,20250325,20250325OBKT0,1.0,2025_HOLDOUT,V10_LINEUP,0.6383903878569458
2025,20250325,20250325WOHT0,1.0,2025_HOLDOUT,V10_LINEUP,0.5449272294196544
2025,20250326,20250326HHLG0,1.0,2025_HOLDOUT,V10_LINEUP,0.5598002904716018
2025,20250326,20250326LTSK0,1.0,2025_HOLDOUT,V10_LINEUP,0.5570143399564995
2025,20250326,20250326NCSS0,0.0,2025_HOLDOUT,V10_LINEUP,0.5641835555787117
2025,20250326,20250326OBKT0,0.0,2025_HOLDOUT,V10_LINEUP,0.6256381401180797
2025,20250326,20250326WOHT0,0.0,2025_HOLDOUT,V10_LINEUP,0.5646262563508007
2025,20250327,20250327HHLG0,1.0,2025_HOLDOUT,V10_LINEUP,0.5163637337901409
2025,20250327,20250327LTSK0,1.0,2025_HOLDOUT,V10_LINEUP,0.5677752570875767
2025,20250327,20250327NCSS0,0.0,2025_HOLDOUT,V10_LINEUP,0.5725074816162716
2025,20250327,20250327OBKT0,1.0,2025_HOLDOUT,V10_LINEUP,0.5841501619317683
2025,20250327,20250327WOHT0,0.0,2025_HOLDOUT,V10_LINEUP,0.48707316033713416
2025,20250328,20250328HTHH0,1.0,2025_HOLDOUT,V10_LINEUP,0.41567400440746305
2025,20250328,20250328KTLT0,0.0,2025_HOLDOUT,V10_LINEUP,0.39863975614780667
2025,20250328,20250328LGNC0,0.0,2025_HOLDOUT,V10_LINEUP,0.4302843200138073
2025,20250328,20250328SKWO0,1.0,2025_HOLDOUT,V10_LINEUP,0.40924180650396347
2025,20250328,20250328SSOB0,1.0,2025_HOLDOUT,V10_LINEUP,0.3935204533122315
2025,20250329,20250329HTHH0,1.0,2025_HOLDOUT,V10_LINEUP,0.5516921214331907
2025,20250329,20250329KTLT0,1.0,2025_HOLDOUT,V10_LINEUP,0.39626759469589634
2025,20250329,20250329LGNC0,0.0,2025_HOLDOUT,V10_LINEUP,0.43535157879680303
2025,20250329,20250329SKWO0,1.0,2025_HOLDOUT,V10_LINEUP,0.44419128138277286
2025,20250329,20250329SSOB0,0.0,2025_HOLDOUT,V10_LINEUP,0.4991805322399671
2025,20250330,20250330HTHH0,0.0,2025_HOLDOUT,V10_LINEUP,0.5918185804590925
2025,20250330,20250330SKWO0,0.0,2025_HOLDOUT,V10_LINEUP,0.4131388746218117
2025,20250330,20250330SSOB0,0.0,2025_HOLDOUT,V10_LINEUP,0.41497008992998274
2025,20250402,20250402LGKT0,1.0,2025_HOLDOUT,V10_LINEUP,0.4098929264348077
2025,20250402,20250402LTHH0,0.0,2025_HOLDOUT,V10_LINEUP,0.5562168246093983
2025,20250402,20250402SSHT0,0.0,2025_HOLDOUT,V10_LINEUP,0.4454978243073645
2025,20250402,20250402WOOB0,1.0,2025_HOLDOUT,V10_LINEUP,0.41622334172750725
2025,20250403,20250403LGKT0,0.0,2025_HOLDOUT,V10_LINEUP,0.4987059824617635
2025,20250403,20250403LTHH0,0.0,2025_HOLDOUT,V10_LINEUP,0.5807224294812404
2025,20250403,20250403SSHT0,1.0,2025_HOLDOUT,V10_LINEUP,0.4019123845313363
2025,20250403,20250403WOOB0,1.0,2025_HOLDOUT,V10_LINEUP,0.4898367395934557
2025,20250404,20250404HHSS0,1.0,2025_HOLDOUT,V10_LINEUP,0.5125394079002239
2025,20250404,20250404HTLG0,1.0,2025_HOLDOUT,V10_LINEUP,0.5487826755322778
2025,20250404,20250404KTSK0,1.0,2025_HOLDOUT,V10_LINEUP,0.473512986987076
2025,20250404,20250404NCWO0,1.0,2025_HOLDOUT,V10_LINEUP,0.5043581543997039
2025,20250404,20250404OBLT0,0.0,2025_HOLDOUT,V10_LINEUP,0.5091266739731635
2025,20250405,20250405HHSS0,0.0,2025_HOLDOUT,V10_LINEUP,0.3716794997650744
2025,20250405,20250405NCWO0,0.0,2025_HOLDOUT,V10_LINEUP,0.473407595897779
2025,20250405,20250405OBLT0,1.0,2025_HOLDOUT,V10_LINEUP,0.5700159816404793
2025,20250406,20250406HHSS0,1.0,2025_HOLDOUT,V10_LINEUP,0.564030836491455
2025,20250406,20250406HTLG0,1.0,2025_HOLDOUT,V10_LINEUP,0.5596470532406639
2025,20250406,20250406KTSK0,1.0,2025_HOLDOUT,V10_LINEUP,0.5276438793285836
2025,20250406,20250406NCWO0,0.0,2025_HOLDOUT,V10_LINEUP,0.43520154789860965
2025,20250406,20250406OBLT0,0.0,2025_HOLDOUT,V10_LINEUP,0.6194316828762618
2025,20250408,20250408HHOB0,1.0,2025_HOLDOUT,V10_LINEUP,0.47644882086822965
2025,20250408,20250408HTLT0,0.0,2025_HOLDOUT,V10_LINEUP,0.500803705453491
2025,20250408,20250408LGWO0,0.0,2025_HOLDOUT,V10_LINEUP,0.38442830606439343
2025,20250408,20250408NCKT0,1.0,2025_HOLDOUT,V10_LINEUP,0.6800052052395105
2025,20250408,20250408SKSS0,1.0,2025_HOLDOUT,V10_LINEUP,0.4845387570589178
2025,20250409,20250409HHOB0,0.0,2025_HOLDOUT,V10_LINEUP,0.5006951162451133
2025,20250409,20250409HTLT0,0.0,2025_HOLDOUT,V10_LINEUP,0.356515241626653
2025,20250409,20250409LGWO0,1.0,2025_HOLDOUT,V10_LINEUP,0.4743954940597716
2025,20250409,20250409NCKT0,1.0,2025_HOLDOUT,V10_LINEUP,0.5476331078405792
2025,20250409,20250409SKSS0,0.0,2025_HOLDOUT,V10_LINEUP,0.5759088936132352
2025,20250410,20250410HHOB0,0.0,2025_HOLDOUT,V10_LINEUP,0.5175368712315211
2025,20250410,20250410HTLT0,1.0,2025_HOLDOUT,V10_LINEUP,0.5787037920236955
2025,20250410,20250410LGWO0,0.0,2025_HOLDOUT,V10_LINEUP,0.41736828987586344
2025,20250410,20250410NCKT0,0.0,2025_HOLDOUT,V10_LINEUP,0.48658794491349333
2025,20250410,20250410SKSS0,1.0,2025_HOLDOUT,V10_LINEUP,0.512108862796579
2025,20250411,20250411LTNC0,0.0,2025_HOLDOUT,V10_LINEUP,0.4537790754611649
2025,20250411,20250411OBLG0,1.0,2025_HOLDOUT,V10_LINEUP,0.572242309743788
2025,20250411,20250411SKHT0,0.0,2025_HOLDOUT,V10_LINEUP,0.570427396573842
2025,20250411,20250411SSKT0,1.0,2025_HOLDOUT,V10_LINEUP,0.5657636684139115
2025,20250411,20250411WOHH0,1.0,2025_HOLDOUT,V10_LINEUP,0.6171145142458372
2025,20250412,20250412LTNC0,0.0,2025_HOLDOUT,V10_LINEUP,0.5136396086874283
2025,20250412,20250412OBLG0,1.0,2025_HOLDOUT,V10_LINEUP,0.6634808182617201
2025,20250412,20250412WOHH0,0.0,2025_HOLDOUT,V10_LINEUP,0.514318269334692
2025,20250413,20250413LTNC0,1.0,2025_HOLDOUT,V10_LINEUP,0.4947334883364191
2025,20250413,20250413OBLG0,0.0,2025_HOLDOUT,V10_LINEUP,0.6072124217084232
2025,20250413,20250413SKHT0,1.0,2025_HOLDOUT,V10_LINEUP,0.4522012179104275
2025,20250413,20250413SSKT0,1.0,2025_HOLDOUT,V10_LINEUP,0.4527719971931611
2025,20250413,20250413WOHH0,1.0,2025_HOLDOUT,V10_LINEUP,0.6439341190525728
2025,20250415,20250415HHSK0,0.0,2025_HOLDOUT,V10_LINEUP,0.4675806243477075
2025,20250415,20250415KTHT0,1.0,2025_HOLDOUT,V10_LINEUP,0.48082326429901556
2025,20250415,20250415SSLG0,1.0,2025_HOLDOUT,V10_LINEUP,0.39357938708029094
2025,20250415,20250415WOLT0,1.0,2025_HOLDOUT,V10_LINEUP,0.42205824057391045
2025,20250416,20250416HHSK0,0.0,2025_HOLDOUT,V10_LINEUP,0.4972536363388915
2025,20250416,20250416KTHT0,0.0,2025_HOLDOUT,V10_LINEUP,0.5101469779925312
2025,20250416,20250416SSLG0,1.0,2025_HOLDOUT,V10_LINEUP,0.580008733515125
2025,20250416,20250416WOLT0,1.0,2025_HOLDOUT,V10_LINEUP,0.5133802223220287
2025,20250417,20250417HHSK0,0.0,2025_HOLDOUT,V10_LINEUP,0.45410581496072744
2025,20250417,20250417KTHT0,1.0,2025_HOLDOUT,V10_LINEUP,0.4341863431940025
2025,20250417,20250417SSLG0,0.0,2025_HOLDOUT,V10_LINEUP,0.46624897686444905
2025,20250417,20250417WOLT0,1.0,2025_HOLDOUT,V10_LINEUP,0.6260554905969861
2025,20250418,20250418HTOB0,1.0,2025_HOLDOUT,V10_LINEUP,0.5975353502057533
2025,20250418,20250418KTWO0,1.0,2025_HOLDOUT,V10_LINEUP,0.27823368132109894
2025,20250418,20250418LGSK0,0.0,2025_HOLDOUT,V10_LINEUP,0.3043611405723891
2025,20250418,20250418LTSS0,0.0,2025_HOLDOUT,V10_LINEUP,0.43905171341494087
2025,20250418,20250418NCHH0,1.0,2025_HOLDOUT,V10_LINEUP,0.4617380910839682
2025,20250419,20250419HTOB0,0.0,2025_HOLDOUT,V10_LINEUP,0.4055333013393561
2025,20250419,20250419KTWO0,0.0,2025_HOLDOUT,V10_LINEUP,0.3753934343224387
2025,20250419,20250419LGSK0,0.0,2025_HOLDOUT,V10_LINEUP,0.42249512884584445
2025,20250419,20250419LTSS0,1.0,2025_HOLDOUT,V10_LINEUP,0.3626661591188018
2025,20250419,20250419NCHH0,1.0,2025_HOLDOUT,V10_LINEUP,0.5347406699262013
2025,20250420,20250420HTOB0,0.0,2025_HOLDOUT,V10_LINEUP,0.38269698589397716
2025,20250420,20250420KTWO0,0.0,2025_HOLDOUT,V10_LINEUP,0.4295229636783269
2025,20250420,20250420LGSK0,1.0,2025_HOLDOUT,V10_LINEUP,0.5794681930390472
2025,20250420,20250420LTSS0,0.0,2025_HOLDOUT,V10_LINEUP,0.6272955510541698
2025,20250420,20250420NCHH0,1.0,2025_HOLDOUT,V10_LINEUP,0.665859413090936
2025,20250422,20250422NCLG0,0.0,2025_HOLDOUT,V10_LINEUP,0.5885383781153576
2025,20250422,20250422OBWO0,1.0,2025_HOLDOUT,V10_LINEUP,0.5651569539946689
2025,20250422,20250422SKKT0,1.0,2025_HOLDOUT,V10_LINEUP,0.48830184386701647
2025,20250423,20250423HHLT0,0.0,2025_HOLDOUT,V10_LINEUP,0.4857710814586485
2025,20250423,20250423HTSS0,1.0,2025_HOLDOUT,V10_LINEUP,0.48103013378674164
2025,20250423,20250423NCLG0,1.0,2025_HOLDOUT,V10_LINEUP,0.5220301102086344
2025,20250423,20250423OBWO0,0.0,2025_HOLDOUT,V10_LINEUP,0.5488441590670566
2025,20250423,20250423SKKT0,0.0,2025_HOLDOUT,V10_LINEUP,0.5229334080112776
2025,20250424,20250424HHLT0,1.0,2025_HOLDOUT,V10_LINEUP,0.4865233712390953
2025,20250424,20250424HTSS0,1.0,2025_HOLDOUT,V10_LINEUP,0.6518938346672287
2025,20250424,20250424NCLG0,0.0,2025_HOLDOUT,V10_LINEUP,0.5983424763891267
2025,20250424,20250424OBWO0,0.0,2025_HOLDOUT,V10_LINEUP,0.42715640868510274
2025,20250424,20250424SKKT0,0.0,2025_HOLDOUT,V10_LINEUP,0.3429680097321443
2025,20250425,20250425KTHH0,0.0,2025_HOLDOUT,V10_LINEUP,0.4504712944954819
2025,20250425,20250425LGHT0,0.0,2025_HOLDOUT,V10_LINEUP,0.4629544006596581
2025,20250425,20250425LTOB0,0.0,2025_HOLDOUT,V10_LINEUP,0.36973432070392603
2025,20250425,20250425NCSS0,1.0,2025_HOLDOUT,V10_LINEUP,0.5407488306455722
2025,20250425,20250425WOSK0,1.0,2025_HOLDOUT,V10_LINEUP,0.5262678369350944
2025,20250426,20250426KTHH0,1.0,2025_HOLDOUT,V10_LINEUP,0.408257438489401
2025,20250426,20250426LGHT0,1.0,2025_HOLDOUT,V10_LINEUP,0.6822152212676841
2025,20250426,20250426LTOB0,0.0,2025_HOLDOUT,V10_LINEUP,0.5185971223137361
2025,20250426,20250426NCSS0,1.0,2025_HOLDOUT,V10_LINEUP,0.6376194570548176
2025,20250426,20250426WOSK0,0.0,2025_HOLDOUT,V10_LINEUP,0.505214500803508
2025,20250427,20250427KTHH0,1.0,2025_HOLDOUT,V10_LINEUP,0.6154240649482665
2025,20250427,20250427LGHT0,1.0,2025_HOLDOUT,V10_LINEUP,0.5375135832219258
2025,20250427,20250427LTOB0,1.0,2025_HOLDOUT,V10_LINEUP,0.4198877350574063
2025,20250427,20250427NCSS0,1.0,2025_HOLDOUT,V10_LINEUP,0.5254953135234113
2025,20250427,20250427WOSK0,0.0,2025_HOLDOUT,V10_LINEUP,0.44605173167116635
2025,20250429,20250429KTOB0,0.0,2025_HOLDOUT,V10_LINEUP,0.4536989226019178
2025,20250429,20250429LGHH0,1.0,2025_HOLDOUT,V10_LINEUP,0.5366608903434282
2025,20250429,20250429LTWO0,0.0,2025_HOLDOUT,V10_LINEUP,0.38550855697867703
2025,20250429,20250429NCHT0,1.0,2025_HOLDOUT,V10_LINEUP,0.49804132288840475
2025,20250429,20250429SSSK0,0.0,2025_HOLDOUT,V10_LINEUP,0.48873502694495397
2025,20250430,20250430KTOB0,0.0,2025_HOLDOUT,V10_LINEUP,0.4611667076554378
2025,20250430,20250430LGHH0,1.0,2025_HOLDOUT,V10_LINEUP,0.48054058333654515
2025,20250430,20250430LTWO0,0.0,2025_HOLDOUT,V10_LINEUP,0.30764819799950055
2025,20250430,20250430NCHT0,0.0,2025_HOLDOUT,V10_LINEUP,0.4369565444121577
2025,20250501,20250501LTWO0,0.0,2025_HOLDOUT,V10_LINEUP,0.332749924949694
2025,20250501,20250501SSSK0,1.0,2025_HOLDOUT,V10_LINEUP,0.5017082558032235
2025,20250502,20250502HHHT0,0.0,2025_HOLDOUT,V10_LINEUP,0.5279878922809265
2025,20250502,20250502NCLT0,1.0,2025_HOLDOUT,V10_LINEUP,0.5281834782090727
2025,20250502,20250502OBSS0,1.0,2025_HOLDOUT,V10_LINEUP,0.5558013349228672
2025,20250502,20250502SKLG0,0.0,2025_HOLDOUT,V10_LINEUP,0.4746757602483576
2025,20250502,20250502WOKT0,0.0,2025_HOLDOUT,V10_LINEUP,0.5610913276727617
2025,20250503,20250503NCLT0,0.0,2025_HOLDOUT,V10_LINEUP,0.5262275376577615
2025,20250503,20250503OBSS0,0.0,2025_HOLDOUT,V10_LINEUP,0.5934936756397131
2025,20250503,20250503SKLG0,1.0,2025_HOLDOUT,V10_LINEUP,0.5894613394440773
2025,20250503,20250503WOKT0,1.0,2025_HOLDOUT,V10_LINEUP,0.447153547776872
2025,20250504,20250504HHHT0,0.0,2025_HOLDOUT,V10_LINEUP,0.4443596677540356
2025,20250504,20250504NCLT0,0.0,2025_HOLDOUT,V10_LINEUP,0.6155995923457068
2025,20250504,20250504OBSS0,0.0,2025_HOLDOUT,V10_LINEUP,0.5140431377887545
2025,20250504,20250504SKLG0,1.0,2025_HOLDOUT,V10_LINEUP,0.5820099666779872
2025,20250504,20250504WOKT0,1.0,2025_HOLDOUT,V10_LINEUP,0.6046099480500274
2025,20250505,20250505HTWO0,0.0,2025_HOLDOUT,V10_LINEUP,0.43273067247001584
2025,20250505,20250505LGOB0,1.0,2025_HOLDOUT,V10_LINEUP,0.4848972161708139
2025,20250505,20250505NCKT0,0.0,2025_HOLDOUT,V10_LINEUP,0.4613779381616691
2025,20250505,20250505SKLT0,0.0,2025_HOLDOUT,V10_LINEUP,0.38812686714907274
2025,20250505,20250505SSHH0,1.0,2025_HOLDOUT,V10_LINEUP,0.5833182482732876
2025,20250506,20250506HTWO0,0.0,2025_HOLDOUT,V10_LINEUP,0.35989484407601635
2025,20250506,20250506LGOB0,0.0,2025_HOLDOUT,V10_LINEUP,0.32944417486401095
2025,20250506,20250506NCKT0,0.0,2025_HOLDOUT,V10_LINEUP,0.5253955078386682
2025,20250506,20250506SKLT0,1.0,2025_HOLDOUT,V10_LINEUP,0.5630467783929715
2025,20250506,20250506SSHH0,1.0,2025_HOLDOUT,V10_LINEUP,0.5368786009607494
2025,20250507,20250507HTWO0,1.0,2025_HOLDOUT,V10_LINEUP,0.6199345300229079
2025,20250507,20250507LGOB0,1.0,2025_HOLDOUT,V10_LINEUP,0.7176497602439865
2025,20250507,20250507NCKT0,0.0,2025_HOLDOUT,V10_LINEUP,0.7067741703338912
2025,20250507,20250507SKLT0,1.0,2025_HOLDOUT,V10_LINEUP,0.5782837869954938
2025,20250507,20250507SSHH0,1.0,2025_HOLDOUT,V10_LINEUP,0.6067057734939565
2025,20250509,20250509HHWO0,0.0,2025_HOLDOUT,V10_LINEUP,0.48768377302952065
2025,20250510,20250510HHWO0,0.0,2025_HOLDOUT,V10_LINEUP,0.23299566603948224
2025,20250510,20250510HTSK0,0.0,2025_HOLDOUT,V10_LINEUP,0.5053933281167156
2025,20250510,20250510LGSS1,0.0,2025_HOLDOUT,V10_LINEUP,0.5546515244806614
2025,20250510,20250510LGSS2,0.0,2025_HOLDOUT,V10_LINEUP,0.4241942141988822
2025,20250510,20250510LTKT0,0.0,2025_HOLDOUT,V10_LINEUP,0.620969598050768
2025,20250511,20250511HHWO0,0.0,2025_HOLDOUT,V10_LINEUP,0.32480039377555064
2025,20250511,20250511HTSK1,1.0,2025_HOLDOUT,V10_LINEUP,0.41743416497646524
2025,20250511,20250511HTSK2,1.0,2025_HOLDOUT,V10_LINEUP,0.4820131713936531
2025,20250511,20250511LGSS0,0.0,2025_HOLDOUT,V10_LINEUP,0.5189029383266299
2025,20250511,20250511LTKT1,0.0,2025_HOLDOUT,V10_LINEUP,0.41473367806585687
2025,20250511,20250511NCOB1,0.0,2025_HOLDOUT,V10_LINEUP,0.5100788397518393
2025,20250511,20250511NCOB2,0.0,2025_HOLDOUT,V10_LINEUP,0.45538723674487397
2025,20250513,20250513KTSS0,1.0,2025_HOLDOUT,V10_LINEUP,0.39219128013417925
2025,20250513,20250513LTHT0,1.0,2025_HOLDOUT,V10_LINEUP,0.3621366162964557
2025,20250513,20250513NCSK0,1.0,2025_HOLDOUT,V10_LINEUP,0.42679326037321363
2025,20250513,20250513OBHH0,0.0,2025_HOLDOUT,V10_LINEUP,0.6523024504898197
2025,20250513,20250513WOLG0,1.0,2025_HOLDOUT,V10_LINEUP,0.6957910338367816
2025,20250514,20250514KTSS0,0.0,2025_HOLDOUT,V10_LINEUP,0.492845888130679
2025,20250514,20250514LTHT0,0.0,2025_HOLDOUT,V10_LINEUP,0.40549788600911196
2025,20250514,20250514NCSK0,0.0,2025_HOLDOUT,V10_LINEUP,0.5829057811020255
2025,20250514,20250514OBHH0,0.0,2025_HOLDOUT,V10_LINEUP,0.5233500474927368
2025,20250514,20250514WOLG0,1.0,2025_HOLDOUT,V10_LINEUP,0.4841860334154796
2025,20250515,20250515KTSS0,1.0,2025_HOLDOUT,V10_LINEUP,0.4746792772988088
2025,20250515,20250515LTHT0,1.0,2025_HOLDOUT,V10_LINEUP,0.5749839901178009
2025,20250515,20250515NCSK0,1.0,2025_HOLDOUT,V10_LINEUP,0.5609035249181217
2025,20250515,20250515OBHH0,0.0,2025_HOLDOUT,V10_LINEUP,0.5337590076486254
2025,20250515,20250515WOLG0,1.0,2025_HOLDOUT,V10_LINEUP,0.5413034195279778
2025,20250517,20250517KTLG1,0.0,2025_HOLDOUT,V10_LINEUP,0.524991302912317
2025,20250517,20250517KTLG2,0.0,2025_HOLDOUT,V10_LINEUP,0.4890738496805072
2025,20250517,20250517OBHT1,1.0,2025_HOLDOUT,V10_LINEUP,0.5546321468890079
2025,20250517,20250517OBHT2,1.0,2025_HOLDOUT,V10_LINEUP,0.5916831434521262
2025,20250517,20250517SKHH1,1.0,2025_HOLDOUT,V10_LINEUP,0.6013439603808821
2025,20250517,20250517SKHH2,0.0,2025_HOLDOUT,V10_LINEUP,0.5472767447331526
2025,20250517,20250517SSLT1,1.0,2025_HOLDOUT,V10_LINEUP,0.5928654988570072
2025,20250517,20250517SSLT2,1.0,2025_HOLDOUT,V10_LINEUP,0.39715858918962094
2025,20250517,20250517WONC1,1.0,2025_HOLDOUT,V10_LINEUP,0.6029892911971984
2025,20250517,20250517WONC2,0.0,2025_HOLDOUT,V10_LINEUP,0.524759337245013
2025,20250518,20250518KTLG0,1.0,2025_HOLDOUT,V10_LINEUP,0.5211025295594424
2025,20250518,20250518OBHT0,1.0,2025_HOLDOUT,V10_LINEUP,0.5503889434138785
2025,20250518,20250518SKHH0,0.0,2025_HOLDOUT,V10_LINEUP,0.5666204333162022
2025,20250518,20250518SSLT0,1.0,2025_HOLDOUT,V10_LINEUP,0.6467892113515735
2025,20250518,20250518WONC0,1.0,2025_HOLDOUT,V10_LINEUP,0.6680862756685605
2025,20250520,20250520HHNC0,0.0,2025_HOLDOUT,V10_LINEUP,0.3173896819687946
2025,20250520,20250520HTKT0,1.0,2025_HOLDOUT,V10_LINEUP,0.4857668913220762
2025,20250520,20250520LGLT0,0.0,2025_HOLDOUT,V10_LINEUP,0.2959677419768256
2025,20250520,20250520SKOB0,0.0,2025_HOLDOUT,V10_LINEUP,0.5520030922431495
2025,20250520,20250520SSWO0,0.0,2025_HOLDOUT,V10_LINEUP,0.4748753848797257
2025,20250521,20250521HHNC0,1.0,2025_HOLDOUT,V10_LINEUP,0.592018670219842
2025,20250521,20250521HTKT0,1.0,2025_HOLDOUT,V10_LINEUP,0.48404058822047996
2025,20250521,20250521SKOB0,0.0,2025_HOLDOUT,V10_LINEUP,0.4042583751663675
2025,20250521,20250521SSWO0,0.0,2025_HOLDOUT,V10_LINEUP,0.4383893228480088
2025,20250522,20250522HHNC0,1.0,2025_HOLDOUT,V10_LINEUP,0.30076986501402464
2025,20250522,20250522HTKT0,0.0,2025_HOLDOUT,V10_LINEUP,0.4825207087805073
2025,20250522,20250522LGLT0,1.0,2025_HOLDOUT,V10_LINEUP,0.43136150239022913
2025,20250522,20250522SKOB0,1.0,2025_HOLDOUT,V10_LINEUP,0.38610131139659254
2025,20250522,20250522SSWO0,0.0,2025_HOLDOUT,V10_LINEUP,0.4225163603507049
2025,20250523,20250523HTSS0,0.0,2025_HOLDOUT,V10_LINEUP,0.3901942149310824
2025,20250523,20250523KTWO0,0.0,2025_HOLDOUT,V10_LINEUP,0.4300230830984663
2025,20250523,20250523LGSK0,0.0,2025_HOLDOUT,V10_LINEUP,0.5361167639336506
2025,20250523,20250523LTHH0,1.0,2025_HOLDOUT,V10_LINEUP,0.4660280099799753
2025,20250524,20250524HTSS0,1.0,2025_HOLDOUT,V10_LINEUP,0.43320617246715876
2025,20250524,20250524KTWO0,0.0,2025_HOLDOUT,V10_LINEUP,0.32879662621509703
2025,20250524,20250524LGSK0,1.0,2025_HOLDOUT,V10_LINEUP,0.38718776030395796
2025,20250524,20250524LTHH0,0.0,2025_HOLDOUT,V10_LINEUP,0.46999456142097135
2025,20250524,20250524NCOB0,0.0,2025_HOLDOUT,V10_LINEUP,0.35940241911272347
2025,20250525,20250525HTSS0,1.0,2025_HOLDOUT,V10_LINEUP,0.6143156717402224
2025,20250525,20250525KTWO0,0.0,2025_HOLDOUT,V10_LINEUP,0.3103832103906739
2025,20250525,20250525LGSK0,0.0,2025_HOLDOUT,V10_LINEUP,0.4114439831119031
2025,20250525,20250525LTHH0,1.0,2025_HOLDOUT,V10_LINEUP,0.5075668090811108
2025,20250525,20250525NCOB0,1.0,2025_HOLDOUT,V10_LINEUP,0.545916487223091
2025,20250527,20250527HHLG0,1.0,2025_HOLDOUT,V10_LINEUP,0.6436435036744207
2025,20250527,20250527LTSS0,1.0,2025_HOLDOUT,V10_LINEUP,0.567508277129722
2025,20250527,20250527OBKT0,1.0,2025_HOLDOUT,V10_LINEUP,0.624208870115797
2025,20250527,20250527WOHT0,1.0,2025_HOLDOUT,V10_LINEUP,0.5204454767825039
2025,20250528,20250528HHLG0,0.0,2025_HOLDOUT,V10_LINEUP,0.30857929368096093
2025,20250528,20250528NCSK0,1.0,2025_HOLDOUT,V10_LINEUP,0.607072803192542
2025,20250528,20250528OBKT0,0.0,2025_HOLDOUT,V10_LINEUP,0.5575968878116389
2025,20250528,20250528WOHT0,1.0,2025_HOLDOUT,V10_LINEUP,0.5602611217308306
2025,20250529,20250529HHLG0,1.0,2025_HOLDOUT,V10_LINEUP,0.41753004987237163
2025,20250529,20250529LTSS0,1.0,2025_HOLDOUT,V10_LINEUP,0.37252240587041885
2025,20250529,20250529NCSK0,1.0,2025_HOLDOUT,V10_LINEUP,0.4227625727890112
2025,20250529,20250529OBKT0,1.0,2025_HOLDOUT,V10_LINEUP,0.49991392405481566
2025,20250530,20250530HHNC0,0.0,2025_HOLDOUT,V10_LINEUP,0.47151026964179926
2025,20250530,20250530HTKT0,1.0,2025_HOLDOUT,V10_LINEUP,0.5455814955744445
2025,20250530,20250530OBWO0,0.0,2025_HOLDOUT,V10_LINEUP,0.41621352192096517
2025,20250530,20250530SKLT0,1.0,2025_HOLDOUT,V10_LINEUP,0.5444829415886384
2025,20250530,20250530SSLG0,0.0,2025_HOLDOUT,V10_LINEUP,0.5286693674252816
2025,20250531,20250531HHNC0,0.0,2025_HOLDOUT,V10_LINEUP,0.46278015607134804
2025,20250531,20250531HTKT0,1.0,2025_HOLDOUT,V10_LINEUP,0.640066680492354
2025,20250531,20250531OBWO0,1.0,2025_HOLDOUT,V10_LINEUP,0.4651680060858555
2025,20250531,20250531SKLT0,0.0,2025_HOLDOUT,V10_LINEUP,0.48244370878673815
2025,20250531,20250531SSLG0,0.0,2025_HOLDOUT,V10_LINEUP,0.5044022298742695
2025,20250601,20250601HHNC0,1.0,2025_HOLDOUT,V10_LINEUP,0.5258283317698592
2025,20250601,20250601HTKT0,0.0,2025_HOLDOUT,V10_LINEUP,0.3762367354364964
2025,20250601,20250601OBWO0,1.0,2025_HOLDOUT,V10_LINEUP,0.495223473762022
2025,20250601,20250601SKLT0,0.0,2025_HOLDOUT,V10_LINEUP,0.3149858556042826
2025,20250601,20250601SSLG0,0.0,2025_HOLDOUT,V10_LINEUP,0.5517177263034608
2025,20250603,20250603HTOB0,0.0,2025_HOLDOUT,V10_LINEUP,0.42639902657944717
2025,20250603,20250603KTHH0,1.0,2025_HOLDOUT,V10_LINEUP,0.6232593692963942
2025,20250603,20250603LGNC0,0.0,2025_HOLDOUT,V10_LINEUP,0.32274392155130827
2025,20250603,20250603SSSK0,1.0,2025_HOLDOUT,V10_LINEUP,0.4287248928563113
2025,20250603,20250603WOLT0,1.0,2025_HOLDOUT,V10_LINEUP,0.5477141717206885
2025,20250604,20250604HTOB0,0.0,2025_HOLDOUT,V10_LINEUP,0.33068356975287305
2025,20250604,20250604KTHH0,1.0,2025_HOLDOUT,V10_LINEUP,0.5776947910880709
2025,20250604,20250604LGNC0,1.0,2025_HOLDOUT,V10_LINEUP,0.43952477453164807
2025,20250604,20250604SSSK0,1.0,2025_HOLDOUT,V10_LINEUP,0.45797898628171524
2025,20250604,20250604WOLT0,0.0,2025_HOLDOUT,V10_LINEUP,0.6223725537316787
2025,20250605,20250605HTOB0,1.0,2025_HOLDOUT,V10_LINEUP,0.4015744644118238
2025,20250605,20250605KTHH0,0.0,2025_HOLDOUT,V10_LINEUP,0.5208290386709655
2025,20250605,20250605LGNC0,0.0,2025_HOLDOUT,V10_LINEUP,0.5467624003745482
2025,20250605,20250605SSSK0,0.0,2025_HOLDOUT,V10_LINEUP,0.5856910827306203
2025,20250605,20250605WOLT0,0.0,2025_HOLDOUT,V10_LINEUP,0.5506749288496782
2025,20250606,20250606HHHT0,1.0,2025_HOLDOUT,V10_LINEUP,0.46726842480666214
2025,20250606,20250606LGWO0,1.0,2025_HOLDOUT,V10_LINEUP,0.4466673292558862
2025,20250606,20250606LTOB0,1.0,2025_HOLDOUT,V10_LINEUP,0.5736037263064753
2025,20250606,20250606NCSS0,1.0,2025_HOLDOUT,V10_LINEUP,0.6158738158520374
2025,20250606,20250606SKKT0,1.0,2025_HOLDOUT,V10_LINEUP,0.556795855037342
2025,20250607,20250607HHHT0,0.0,2025_HOLDOUT,V10_LINEUP,0.660041242225938
2025,20250607,20250607LGWO0,1.0,2025_HOLDOUT,V10_LINEUP,0.3868263052806282
2025,20250607,20250607LTOB0,0.0,2025_HOLDOUT,V10_LINEUP,0.549267197483506
2025,20250607,20250607NCSS0,0.0,2025_HOLDOUT,V10_LINEUP,0.522573329256741
2025,20250607,20250607SKKT0,1.0,2025_HOLDOUT,V10_LINEUP,0.4904259929591109
2025,20250608,20250608HHHT0,1.0,2025_HOLDOUT,V10_LINEUP,0.3874582498030076
2025,20250608,20250608LGWO0,0.0,2025_HOLDOUT,V10_LINEUP,0.4030851546359783
2025,20250608,20250608LTOB0,0.0,2025_HOLDOUT,V10_LINEUP,0.4148939342526185
2025,20250608,20250608NCSS0,1.0,2025_HOLDOUT,V10_LINEUP,0.7660476328156419
2025,20250608,20250608SKKT0,0.0,2025_HOLDOUT,V10_LINEUP,0.5725399869113249
2025,20250610,20250610LTKT0,1.0,2025_HOLDOUT,V10_LINEUP,0.4384574835429865
2025,20250610,20250610OBHH0,1.0,2025_HOLDOUT,V10_LINEUP,0.5970284858840893
2025,20250610,20250610SKLG0,0.0,2025_HOLDOUT,V10_LINEUP,0.5823751834216166
2025,20250610,20250610SSHT0,0.0,2025_HOLDOUT,V10_LINEUP,0.5875184556668679
2025,20250611,20250611LTKT0,0.0,2025_HOLDOUT,V10_LINEUP,0.5423279325804434
2025,20250611,20250611NCWO0,0.0,2025_HOLDOUT,V10_LINEUP,0.4710622718514616
2025,20250611,20250611OBHH0,1.0,2025_HOLDOUT,V10_LINEUP,0.48752930989995497
2025,20250611,20250611SKLG0,1.0,2025_HOLDOUT,V10_LINEUP,0.44498428785124755
2025,20250611,20250611SSHT0,1.0,2025_HOLDOUT,V10_LINEUP,0.590183287968256
2025,20250612,20250612LTKT0,0.0,2025_HOLDOUT,V10_LINEUP,0.6326283624171374
2025,20250612,20250612NCWO0,0.0,2025_HOLDOUT,V10_LINEUP,0.5187675190599975
2025,20250612,20250612OBHH0,1.0,2025_HOLDOUT,V10_LINEUP,0.4264106410568663
2025,20250612,20250612SKLG0,1.0,2025_HOLDOUT,V10_LINEUP,0.5935665651277688
2025,20250612,20250612SSHT0,0.0,2025_HOLDOUT,V10_LINEUP,0.4538987882139002
2025,20250613,20250613HTNC0,1.0,2025_HOLDOUT,V10_LINEUP,0.40849526668926595
2025,20250614,20250614HTNC0,0.0,2025_HOLDOUT,V10_LINEUP,0.29572468436563376
2025,20250614,20250614KTSS0,0.0,2025_HOLDOUT,V10_LINEUP,0.6078910824055129
2025,20250614,20250614LTSK0,0.0,2025_HOLDOUT,V10_LINEUP,0.45996040316491843
2025,20250614,20250614WOOB0,1.0,2025_HOLDOUT,V10_LINEUP,0.45227179168256165
2025,20250615,20250615HTNC0,0.0,2025_HOLDOUT,V10_LINEUP,0.43494854195952204
2025,20250615,20250615KTSS0,0.0,2025_HOLDOUT,V10_LINEUP,0.40786724866642265
2025,20250615,20250615LGHH0,1.0,2025_HOLDOUT,V10_LINEUP,0.4764361909172212
2025,20250615,20250615LTSK0,1.0,2025_HOLDOUT,V10_LINEUP,0.6268248287837782
2025,20250615,20250615WOOB0,1.0,2025_HOLDOUT,V10_LINEUP,0.48319439144932125
2025,20250617,20250617HHLT0,0.0,2025_HOLDOUT,V10_LINEUP,0.43099409124402527
2025,20250617,20250617KTHT0,1.0,2025_HOLDOUT,V10_LINEUP,0.407794680907173
2025,20250617,20250617NCLG0,0.0,2025_HOLDOUT,V10_LINEUP,0.43789279946894505
2025,20250617,20250617OBSS0,1.0,2025_HOLDOUT,V10_LINEUP,0.573301214381538
2025,20250617,20250617SKWO0,0.0,2025_HOLDOUT,V10_LINEUP,0.4048124650450946
2025,20250618,20250618HHLT0,1.0,2025_HOLDOUT,V10_LINEUP,0.4039609263349925
2025,20250618,20250618KTHT0,1.0,2025_HOLDOUT,V10_LINEUP,0.3615544857510776
2025,20250618,20250618NCLG0,1.0,2025_HOLDOUT,V10_LINEUP,0.6418296156799674
2025,20250618,20250618OBSS0,1.0,2025_HOLDOUT,V10_LINEUP,0.5298408141569257
2025,20250618,20250618SKWO0,1.0,2025_HOLDOUT,V10_LINEUP,0.558182731909555
2025,20250619,20250619HHLT0,1.0,2025_HOLDOUT,V10_LINEUP,0.5147762225438247
2025,20250619,20250619KTHT0,1.0,2025_HOLDOUT,V10_LINEUP,0.6076018995550109
2025,20250619,20250619NCLG0,0.0,2025_HOLDOUT,V10_LINEUP,0.29598093858175156
2025,20250619,20250619OBSS0,0.0,2025_HOLDOUT,V10_LINEUP,0.39261614761504043
2025,20250619,20250619SKWO0,0.0,2025_HOLDOUT,V10_LINEUP,0.512974246714592
2025,20250620,20250620SSLT0,1.0,2025_HOLDOUT,V10_LINEUP,0.6748029755166712
2025,20250621,20250621NCKT0,1.0,2025_HOLDOUT,V10_LINEUP,0.6384015875872192
2025,20250621,20250621OBLG0,0.0,2025_HOLDOUT,V10_LINEUP,0.5246907401308898
2025,20250622,20250622HTSK0,0.0,2025_HOLDOUT,V10_LINEUP,0.4847261606719935
2025,20250622,20250622NCKT0,0.0,2025_HOLDOUT,V10_LINEUP,0.45852293950909134
2025,20250622,20250622OBLG0,1.0,2025_HOLDOUT,V10_LINEUP,0.5770091578596943
2025,20250622,20250622SSLT0,1.0,2025_HOLDOUT,V10_LINEUP,0.4621942950222763
2025,20250622,20250622WOHH0,1.0,2025_HOLDOUT,V10_LINEUP,0.6569018150675292
2025,20250624,20250624HTWO0,1.0,2025_HOLDOUT,V10_LINEUP,0.45415847472426213
2025,20250624,20250624LGKT0,1.0,2025_HOLDOUT,V10_LINEUP,0.47639455892134797
2025,20250624,20250624SKOB0,1.0,2025_HOLDOUT,V10_LINEUP,0.38484869126005766
2025,20250625,20250625HHSS0,1.0,2025_HOLDOUT,V10_LINEUP,0.4194068151413858
2025,20250625,20250625HTWO0,0.0,2025_HOLDOUT,V10_LINEUP,0.37849185218440745
2025,20250625,20250625LTNC0,1.0,2025_HOLDOUT,V10_LINEUP,0.4842161532114551
2025,20250626,20250626HHSS0,0.0,2025_HOLDOUT,V10_LINEUP,0.40942493696413984
2025,20250626,20250626LGKT0,0.0,2025_HOLDOUT,V10_LINEUP,0.4709939223375746
2025,20250626,20250626LTNC0,0.0,2025_HOLDOUT,V10_LINEUP,0.35447574541997395
2025,20250626,20250626SKOB0,0.0,2025_HOLDOUT,V10_LINEUP,0.529255444738562
2025,20250627,20250627HHSK0,1.0,2025_HOLDOUT,V10_LINEUP,0.47288171444446775
2025,20250627,20250627HTLG0,1.0,2025_HOLDOUT,V10_LINEUP,0.48102836113031955
2025,20250627,20250627KTLT0,0.0,2025_HOLDOUT,V10_LINEUP,0.34847876805803485
2025,20250627,20250627OBNC0,1.0,2025_HOLDOUT,V10_LINEUP,0.522529798474274
2025,20250627,20250627SSWO0,1.0,2025_HOLDOUT,V10_LINEUP,0.4552434937288299
2025,20250628,20250628HHSK0,0.0,2025_HOLDOUT,V10_LINEUP,0.4668208436200394
2025,20250628,20250628HTLG0,0.0,2025_HOLDOUT,V10_LINEUP,0.5239182463799057
2025,20250628,20250628KTLT0,0.0,2025_HOLDOUT,V10_LINEUP,0.43854814716742546
2025,20250628,20250628OBNC0,1.0,2025_HOLDOUT,V10_LINEUP,0.48924316893144204
2025,20250628,20250628SSWO0,1.0,2025_HOLDOUT,V10_LINEUP,0.3829835955581536
2025,20250629,20250629HHSK0,1.0,2025_HOLDOUT,V10_LINEUP,0.44908869981515936
2025,20250629,20250629HTLG0,0.0,2025_HOLDOUT,V10_LINEUP,0.5993753783120701
2025,20250629,20250629KTLT0,1.0,2025_HOLDOUT,V10_LINEUP,0.5598851098036591
2025,20250629,20250629OBNC0,0.0,2025_HOLDOUT,V10_LINEUP,0.45116355091869853
2025,20250629,20250629SSWO0,1.0,2025_HOLDOUT,V10_LINEUP,0.44890664710331535
2025,20250701,20250701LGLT0,0.0,2025_HOLDOUT,V10_LINEUP,0.550025405190471
2025,20250701,20250701NCHH0,1.0,2025_HOLDOUT,V10_LINEUP,0.5411489676698771
2025,20250701,20250701SKHT0,1.0,2025_HOLDOUT,V10_LINEUP,0.3961465245606096
2025,20250701,20250701SSOB0,0.0,2025_HOLDOUT,V10_LINEUP,0.3567132670022875
2025,20250701,20250701WOKT0,0.0,2025_HOLDOUT,V10_LINEUP,0.6376054665746055
2025,20250702,20250702LGLT0,1.0,2025_HOLDOUT,V10_LINEUP,0.49663826361273583
2025,20250702,20250702NCHH0,0.0,2025_HOLDOUT,V10_LINEUP,0.6851797808323176
2025,20250702,20250702SKHT0,0.0,2025_HOLDOUT,V10_LINEUP,0.45502591831897476
2025,20250702,20250702SSOB0,1.0,2025_HOLDOUT,V10_LINEUP,0.5082465775322351
2025,20250702,20250702WOKT0,1.0,2025_HOLDOUT,V10_LINEUP,0.517380730763451
2025,20250703,20250703LGLT0,1.0,2025_HOLDOUT,V10_LINEUP,0.39886967730980244
2025,20250703,20250703SKHT0,1.0,2025_HOLDOUT,V10_LINEUP,0.5403140683904507
2025,20250703,20250703SSOB0,0.0,2025_HOLDOUT,V10_LINEUP,0.4857220201893682
2025,20250703,20250703WOKT0,1.0,2025_HOLDOUT,V10_LINEUP,0.6034135574924688
2025,20250704,20250704HHWO0,0.0,2025_HOLDOUT,V10_LINEUP,0.3357712931197172
2025,20250704,20250704KTOB0,0.0,2025_HOLDOUT,V10_LINEUP,0.5069350413130929
2025,20250704,20250704LGSS0,1.0,2025_HOLDOUT,V10_LINEUP,0.41615693793129643
2025,20250704,20250704LTHT0,1.0,2025_HOLDOUT,V10_LINEUP,0.6103938122850554
2025,20250704,20250704SKNC0,0.0,2025_HOLDOUT,V10_LINEUP,0.43154238021483754
2025,20250705,20250705HHWO0,0.0,2025_HOLDOUT,V10_LINEUP,0.3714531542827949
2025,20250705,20250705KTOB0,1.0,2025_HOLDOUT,V10_LINEUP,0.42521627971758197
2025,20250705,20250705LGSS0,1.0,2025_HOLDOUT,V10_LINEUP,0.338123989457008
2025,20250705,20250705LTHT0,1.0,2025_HOLDOUT,V10_LINEUP,0.46539228677455036
2025,20250705,20250705SKNC0,0.0,2025_HOLDOUT,V10_LINEUP,0.41131775138183785
2025,20250706,20250706HHWO0,0.0,2025_HOLDOUT,V10_LINEUP,0.29849900307017746
2025,20250706,20250706KTOB0,1.0,2025_HOLDOUT,V10_LINEUP,0.40926754186491654
2025,20250706,20250706LGSS0,0.0,2025_HOLDOUT,V10_LINEUP,0.5797636534048879
2025,20250706,20250706LTHT0,0.0,2025_HOLDOUT,V10_LINEUP,0.3373898828074432
2025,20250706,20250706SKNC0,1.0,2025_HOLDOUT,V10_LINEUP,0.5889543554369222
2025,20250708,20250708HTHH0,1.0,2025_HOLDOUT,V10_LINEUP,0.5861474741060374
2025,20250708,20250708KTSK0,1.0,2025_HOLDOUT,V10_LINEUP,0.5744807465602635
2025,20250708,20250708OBLT0,0.0,2025_HOLDOUT,V10_LINEUP,0.4568286522824556
2025,20250708,20250708SSNC0,1.0,2025_HOLDOUT,V10_LINEUP,0.391848608967152
2025,20250708,20250708WOLG0,1.0,2025_HOLDOUT,V10_LINEUP,0.5162623022010295
2025,20250709,20250709HTHH0,1.0,2025_HOLDOUT,V10_LINEUP,0.4627648685708841
2025,20250709,20250709KTSK0,0.0,2025_HOLDOUT,V10_LINEUP,0.41060984843535847
2025,20250709,20250709OBLT0,1.0,2025_HOLDOUT,V10_LINEUP,0.4406760257114951
2025,20250709,20250709SSNC0,1.0,2025_HOLDOUT,V10_LINEUP,0.47677229350826605
2025,20250709,20250709WOLG0,1.0,2025_HOLDOUT,V10_LINEUP,0.5747415058829427
2025,20250710,20250710HTHH0,1.0,2025_HOLDOUT,V10_LINEUP,0.34207901311335404
2025,20250710,20250710KTSK0,0.0,2025_HOLDOUT,V10_LINEUP,0.5083991572055513
2025,20250710,20250710OBLT0,0.0,2025_HOLDOUT,V10_LINEUP,0.42582224686540193
2025,20250710,20250710SSNC0,1.0,2025_HOLDOUT,V10_LINEUP,0.5581257850979694
2025,20250710,20250710WOLG0,0.0,2025_HOLDOUT,V10_LINEUP,0.5145280977428143
2025,20250718,20250718HHKT0,0.0,2025_HOLDOUT,V10_LINEUP,0.37118351409401956
2025,20250718,20250718LTLG0,1.0,2025_HOLDOUT,V10_LINEUP,0.4518029561208591
2025,20250719,20250719HHKT0,0.0,2025_HOLDOUT,V10_LINEUP,0.4281474179035559
2025,20250719,20250719LTLG0,0.0,2025_HOLDOUT,V10_LINEUP,0.4334300788502817
2025,20250719,20250719OBSK0,0.0,2025_HOLDOUT,V10_LINEUP,0.6083629842025592
2025,20250720,20250720HHKT0,0.0,2025_HOLDOUT,V10_LINEUP,0.4845886755905206
2025,20250720,20250720LTLG0,1.0,2025_HOLDOUT,V10_LINEUP,0.6068722993428287
2025,20250720,20250720NCHT0,1.0,2025_HOLDOUT,V10_LINEUP,0.3717691484392347
2025,20250720,20250720OBSK0,0.0,2025_HOLDOUT,V10_LINEUP,0.5246427446768951
2025,20250720,20250720WOSS0,1.0,2025_HOLDOUT,V10_LINEUP,0.5503773514232145
2025,20250722,20250722HHOB0,0.0,2025_HOLDOUT,V10_LINEUP,0.4554942004397394
2025,20250722,20250722KTNC0,0.0,2025_HOLDOUT,V10_LINEUP,0.4671056849638967
2025,20250722,20250722LGHT0,0.0,2025_HOLDOUT,V10_LINEUP,0.5602636290194046
2025,20250722,20250722LTWO0,1.0,2025_HOLDOUT,V10_LINEUP,0.4783509629478497
2025,20250722,20250722SKSS0,1.0,2025_HOLDOUT,V10_LINEUP,0.46076208469065416
2025,20250723,20250723HHOB0,1.0,2025_HOLDOUT,V10_LINEUP,0.48342637734152755
2025,20250723,20250723KTNC0,0.0,2025_HOLDOUT,V10_LINEUP,0.6047169943734625
2025,20250723,20250723LGHT0,0.0,2025_HOLDOUT,V10_LINEUP,0.44211711049558317
2025,20250723,20250723LTWO0,0.0,2025_HOLDOUT,V10_LINEUP,0.4872637872574978
2025,20250723,20250723SKSS0,1.0,2025_HOLDOUT,V10_LINEUP,0.5101509820331196
2025,20250724,20250724KTNC0,0.0,2025_HOLDOUT,V10_LINEUP,0.39994078213520307
2025,20250724,20250724LGHT0,0.0,2025_HOLDOUT,V10_LINEUP,0.46594513067417254
2025,20250724,20250724LTWO0,0.0,2025_HOLDOUT,V10_LINEUP,0.3775286990119887
2025,20250724,20250724SKSS0,0.0,2025_HOLDOUT,V10_LINEUP,0.530989921926963
2025,20250725,20250725HTLT0,1.0,2025_HOLDOUT,V10_LINEUP,0.6838505884814268
2025,20250725,20250725LGOB0,0.0,2025_HOLDOUT,V10_LINEUP,0.4534478787369962
2025,20250725,20250725SKHH0,1.0,2025_HOLDOUT,V10_LINEUP,0.5287085022261573
2025,20250725,20250725SSKT0,1.0,2025_HOLDOUT,V10_LINEUP,0.6276405834323774
2025,20250725,20250725WONC0,1.0,2025_HOLDOUT,V10_LINEUP,0.4575632179136193
2025,20250726,20250726HTLT0,1.0,2025_HOLDOUT,V10_LINEUP,0.6267709750521895
2025,20250726,20250726LGOB0,0.0,2025_HOLDOUT,V10_LINEUP,0.4042109511906863
2025,20250726,20250726SKHH0,0.0,2025_HOLDOUT,V10_LINEUP,0.5498915001265302
2025,20250726,20250726SSKT0,0.0,2025_HOLDOUT,V10_LINEUP,0.5132497609194285
2025,20250726,20250726WONC0,1.0,2025_HOLDOUT,V10_LINEUP,0.48393934358607515
2025,20250727,20250727HTLT0,1.0,2025_HOLDOUT,V10_LINEUP,0.38959129571753087
2025,20250727,20250727LGOB0,1.0,2025_HOLDOUT,V10_LINEUP,0.7005528452534211
2025,20250727,20250727SKHH0,0.0,2025_HOLDOUT,V10_LINEUP,0.5128846451472745
2025,20250727,20250727SSKT0,1.0,2025_HOLDOUT,V10_LINEUP,0.5505157411132713
2025,20250727,20250727WONC0,1.0,2025_HOLDOUT,V10_LINEUP,0.6021841029314121
2025,20250729,20250729KTLG0,1.0,2025_HOLDOUT,V10_LINEUP,0.5306783797328493
2025,20250729,20250729NCLT0,1.0,2025_HOLDOUT,V10_LINEUP,0.5104405665860292
2025,20250729,20250729OBHT0,0.0,2025_HOLDOUT,V10_LINEUP,0.5281914676641171
2025,20250729,20250729SSHH0,0.0,2025_HOLDOUT,V10_LINEUP,0.43648472655304793
2025,20250729,20250729WOSK0,1.0,2025_HOLDOUT,V10_LINEUP,0.4106407433544567
2025,20250730,20250730KTLG0,1.0,2025_HOLDOUT,V10_LINEUP,0.5874882557345172
2025,20250730,20250730NCLT0,0.0,2025_HOLDOUT,V10_LINEUP,0.6952340103385314
2025,20250730,20250730SSHH0,1.0,2025_HOLDOUT,V10_LINEUP,0.6453406253693433
2025,20250731,20250731KTLG0,1.0,2025_HOLDOUT,V10_LINEUP,0.4538018927329482
2025,20250731,20250731NCLT0,1.0,2025_HOLDOUT,V10_LINEUP,0.6441400582104717
2025,20250731,20250731OBHT0,1.0,2025_HOLDOUT,V10_LINEUP,0.35101628402010915
2025,20250731,20250731SSHH0,1.0,2025_HOLDOUT,V10_LINEUP,0.8034708329877183
2025,20250731,20250731WOSK0,1.0,2025_HOLDOUT,V10_LINEUP,0.6690651568955303
2025,20250801,20250801HHHT0,1.0,2025_HOLDOUT,V10_LINEUP,0.2509676366201992
2025,20250801,20250801KTNC0,1.0,2025_HOLDOUT,V10_LINEUP,0.39232805047389796
2025,20250801,20250801LGSS0,0.0,2025_HOLDOUT,V10_LINEUP,0.4740971044604424
2025,20250801,20250801LTWO0,1.0,2025_HOLDOUT,V10_LINEUP,0.5560167051079167
2025,20250801,20250801SKOB0,0.0,2025_HOLDOUT,V10_LINEUP,0.4257199383589127
2025,20250802,20250802KTNC0,1.0,2025_HOLDOUT,V10_LINEUP,0.674759253902137
2025,20250802,20250802LGSS0,0.0,2025_HOLDOUT,V10_LINEUP,0.5110599902474602
2025,20250802,20250802LTWO0,0.0,2025_HOLDOUT,V10_LINEUP,0.43404804194544366
2025,20250802,20250802SKOB0,1.0,2025_HOLDOUT,V10_LINEUP,0.45070586255775164
2025,20250803,20250803LGSS0,0.0,2025_HOLDOUT,V10_LINEUP,0.3927541359444547
2025,20250803,20250803LTWO0,0.0,2025_HOLDOUT,V10_LINEUP,0.3649397720595058
2025,20250803,20250803SKOB0,0.0,2025_HOLDOUT,V10_LINEUP,0.5122943597383925
2025,20250805,20250805HTLT0,0.0,2025_HOLDOUT,V10_LINEUP,0.46472040179479507
2025,20250805,20250805KTHH0,0.0,2025_HOLDOUT,V10_LINEUP,0.6301949662823343
2025,20250805,20250805OBLG0,1.0,2025_HOLDOUT,V10_LINEUP,0.592203959476619
2025,20250805,20250805SSSK0,0.0,2025_HOLDOUT,V10_LINEUP,0.48370265958298575
2025,20250805,20250805WONC0,0.0,2025_HOLDOUT,V10_LINEUP,0.4466757039709088
2025,20250806,20250806HTLT0,1.0,2025_HOLDOUT,V10_LINEUP,0.48365726378940754
2025,20250806,20250806KTHH0,1.0,2025_HOLDOUT,V10_LINEUP,0.6896852352411327
2025,20250806,20250806OBLG0,0.0,2025_HOLDOUT,V10_LINEUP,0.3359677042993775
2025,20250806,20250806SSSK0,1.0,2025_HOLDOUT,V10_LINEUP,0.6304308589134678
2025,20250806,20250806WONC0,0.0,2025_HOLDOUT,V10_LINEUP,0.4812599486889305
2025,20250807,20250807HTLT0,0.0,2025_HOLDOUT,V10_LINEUP,0.41663295447543647
2025,20250807,20250807KTHH0,0.0,2025_HOLDOUT,V10_LINEUP,0.5336094306798291
2025,20250807,20250807OBLG0,1.0,2025_HOLDOUT,V10_LINEUP,0.5249316022403852
2025,20250807,20250807SSSK0,0.0,2025_HOLDOUT,V10_LINEUP,0.49140969104140847
2025,20250807,20250807WONC0,0.0,2025_HOLDOUT,V10_LINEUP,0.46385715143229156
2025,20250808,20250808HHLG0,1.0,2025_HOLDOUT,V10_LINEUP,0.514037519277426
2025,20250808,20250808HTNC0,1.0,2025_HOLDOUT,V10_LINEUP,0.5361943582251398
2025,20250808,20250808OBWO0,0.0,2025_HOLDOUT,V10_LINEUP,0.4009383732958112
2025,20250808,20250808SKLT0,0.0,2025_HOLDOUT,V10_LINEUP,0.5619340458805736
2025,20250808,20250808SSKT0,0.0,2025_HOLDOUT,V10_LINEUP,0.5142704762036946
2025,20250809,20250809HHLG0,1.0,2025_HOLDOUT,V10_LINEUP,0.6091526620538391
2025,20250809,20250809OBWO0,0.0,2025_HOLDOUT,V10_LINEUP,0.49217415985084234
2025,20250809,20250809SSKT0,1.0,2025_HOLDOUT,V10_LINEUP,0.5400165365695403
2025,20250810,20250810HHLG0,0.0,2025_HOLDOUT,V10_LINEUP,0.4904611667242185
2025,20250810,20250810HTNC0,1.0,2025_HOLDOUT,V10_LINEUP,0.6640940131791809
2025,20250810,20250810OBWO0,1.0,2025_HOLDOUT,V10_LINEUP,0.550553289661624
2025,20250810,20250810SKLT0,0.0,2025_HOLDOUT,V10_LINEUP,0.602584035260948
2025,20250810,20250810SSKT0,1.0,2025_HOLDOUT,V10_LINEUP,0.4378134119253312
2025,20250812,20250812HTSS0,0.0,2025_HOLDOUT,V10_LINEUP,0.3829414341298949
2025,20250812,20250812LGKT0,0.0,2025_HOLDOUT,V10_LINEUP,0.5426244746220662
2025,20250812,20250812LTHH0,1.0,2025_HOLDOUT,V10_LINEUP,0.5611519044972283
2025,20250812,20250812NCOB0,0.0,2025_HOLDOUT,V10_LINEUP,0.5864014523806103
2025,20250812,20250812WOSK0,1.0,2025_HOLDOUT,V10_LINEUP,0.6475175568957069
2025,20250813,20250813HTSS0,0.0,2025_HOLDOUT,V10_LINEUP,0.49035692072125
2025,20250813,20250813LTHH0,1.0,2025_HOLDOUT,V10_LINEUP,0.6261818961451588
2025,20250814,20250814HTSS0,0.0,2025_HOLDOUT,V10_LINEUP,0.5005086145582394
2025,20250814,20250814LTHH0,1.0,2025_HOLDOUT,V10_LINEUP,0.5461983913783763
2025,20250814,20250814NCOB0,1.0,2025_HOLDOUT,V10_LINEUP,0.42035847778712176
2025,20250814,20250814WOSK0,0.0,2025_HOLDOUT,V10_LINEUP,0.4712241740324544
2025,20250815,20250815HHNC0,0.0,2025_HOLDOUT,V10_LINEUP,0.6537100260936538
2025,20250815,20250815HTOB0,1.0,2025_HOLDOUT,V10_LINEUP,0.5163254355741603
2025,20250815,20250815KTWO0,1.0,2025_HOLDOUT,V10_LINEUP,0.35391921065092313
2025,20250815,20250815LGSK0,0.0,2025_HOLDOUT,V10_LINEUP,0.4473492153569416
2025,20250815,20250815SSLT0,0.0,2025_HOLDOUT,V10_LINEUP,0.4534101571226434
2025,20250816,20250816HHNC0,1.0,2025_HOLDOUT,V10_LINEUP,0.3833213398081597
2025,20250816,20250816HTOB0,1.0,2025_HOLDOUT,V10_LINEUP,0.651001988970047
2025,20250816,20250816KTWO0,1.0,2025_HOLDOUT,V10_LINEUP,0.47555903239230946
2025,20250816,20250816LGSK0,1.0,2025_HOLDOUT,V10_LINEUP,0.4279875625476062
2025,20250816,20250816SSLT0,0.0,2025_HOLDOUT,V10_LINEUP,0.5683242448402172
2025,20250817,20250817HHNC0,1.0,2025_HOLDOUT,V10_LINEUP,0.4695250899409158
2025,20250817,20250817HTOB0,1.0,2025_HOLDOUT,V10_LINEUP,0.33049727561010783
2025,20250817,20250817KTWO0,0.0,2025_HOLDOUT,V10_LINEUP,0.48326849081817
2025,20250817,20250817LGSK0,0.0,2025_HOLDOUT,V10_LINEUP,0.3683579127253089
2025,20250819,20250819LTLG0,1.0,2025_HOLDOUT,V10_LINEUP,0.620101901238538
2025,20250819,20250819OBHH0,0.0,2025_HOLDOUT,V10_LINEUP,0.6144976163218087
2025,20250819,20250819SKKT0,1.0,2025_HOLDOUT,V10_LINEUP,0.43462789204120006
2025,20250819,20250819SSNC0,0.0,2025_HOLDOUT,V10_LINEUP,0.47559822279372693
2025,20250819,20250819WOHT0,1.0,2025_HOLDOUT,V10_LINEUP,0.6306634343388896
2025,20250820,20250820LTLG0,1.0,2025_HOLDOUT,V10_LINEUP,0.5464030380349398
2025,20250820,20250820OBHH0,0.0,2025_HOLDOUT,V10_LINEUP,0.38251227121204723
2025,20250820,20250820SKKT0,0.0,2025_HOLDOUT,V10_LINEUP,0.4304760451193466
2025,20250820,20250820SSNC0,0.0,2025_HOLDOUT,V10_LINEUP,0.3225316109277835
2025,20250820,20250820WOHT0,0.0,2025_HOLDOUT,V10_LINEUP,0.5023903849590471
2025,20250821,20250821OBHH0,0.0,2025_HOLDOUT,V10_LINEUP,0.5151611561794482
2025,20250821,20250821SKKT0,0.0,2025_HOLDOUT,V10_LINEUP,0.45245494345069004
2025,20250821,20250821SSNC0,1.0,2025_HOLDOUT,V10_LINEUP,0.5018852635303929
2025,20250821,20250821WOHT0,0.0,2025_HOLDOUT,V10_LINEUP,0.5235185526806571
2025,20250822,20250822KTOB0,0.0,2025_HOLDOUT,V10_LINEUP,0.401063122309772
2025,20250822,20250822LGHT0,0.0,2025_HOLDOUT,V10_LINEUP,0.3001780533569579
2025,20250822,20250822LTNC0,1.0,2025_HOLDOUT,V10_LINEUP,0.4020481309281314
2025,20250822,20250822SKHH0,0.0,2025_HOLDOUT,V10_LINEUP,0.6821540599622898
2025,20250822,20250822WOSS0,1.0,2025_HOLDOUT,V10_LINEUP,0.35111516354884853
2025,20250823,20250823KTOB0,0.0,2025_HOLDOUT,V10_LINEUP,0.4104673050819383
2025,20250823,20250823LGHT0,0.0,2025_HOLDOUT,V10_LINEUP,0.4761026896842851
2025,20250823,20250823LTNC0,1.0,2025_HOLDOUT,V10_LINEUP,0.33699889653924114
2025,20250823,20250823SKHH0,1.0,2025_HOLDOUT,V10_LINEUP,0.32701296348362785
2025,20250823,20250823WOSS0,1.0,2025_HOLDOUT,V10_LINEUP,0.5230412930885978
2025,20250824,20250824KTOB0,0.0,2025_HOLDOUT,V10_LINEUP,0.40064286330587606
2025,20250824,20250824LGHT0,0.0,2025_HOLDOUT,V10_LINEUP,0.4907660314838143
2025,20250824,20250824LTNC0,0.0,2025_HOLDOUT,V10_LINEUP,0.47232560485595465
2025,20250824,20250824SKHH0,1.0,2025_HOLDOUT,V10_LINEUP,0.656886276881607
2025,20250824,20250824WOSS0,1.0,2025_HOLDOUT,V10_LINEUP,0.6724593026066632
2025,20250826,20250826HHWO0,0.0,2025_HOLDOUT,V10_LINEUP,0.44079832242669603
2025,20250826,20250826HTSK0,1.0,2025_HOLDOUT,V10_LINEUP,0.4675793853091683
2025,20250826,20250826KTLT0,1.0,2025_HOLDOUT,V10_LINEUP,0.4691961252308456
2025,20250826,20250826LGNC0,1.0,2025_HOLDOUT,V10_LINEUP,0.4181965151735516
2025,20250826,20250826SSOB0,0.0,2025_HOLDOUT,V10_LINEUP,0.4265726672037984
2025,20250827,20250827HHWO0,0.0,2025_HOLDOUT,V10_LINEUP,0.37662116860840716
2025,20250827,20250827HTSK0,0.0,2025_HOLDOUT,V10_LINEUP,0.6425367136902819
2025,20250827,20250827KTLT0,0.0,2025_HOLDOUT,V10_LINEUP,0.4545377868999175
2025,20250827,20250827LGNC0,0.0,2025_HOLDOUT,V10_LINEUP,0.2211784143887108
2025,20250827,20250827SSOB0,0.0,2025_HOLDOUT,V10_LINEUP,0.4330936768496626
2025,20250828,20250828HHWO0,0.0,2025_HOLDOUT,V10_LINEUP,0.365677837074383
2025,20250828,20250828HTSK0,0.0,2025_HOLDOUT,V10_LINEUP,0.6253616546161618
2025,20250828,20250828KTLT0,1.0,2025_HOLDOUT,V10_LINEUP,0.4686023916382028
2025,20250828,20250828LGNC0,0.0,2025_HOLDOUT,V10_LINEUP,0.40262847089984927
2025,20250828,20250828SSOB0,1.0,2025_HOLDOUT,V10_LINEUP,0.43185288907497366
2025,20250829,20250829HTKT0,0.0,2025_HOLDOUT,V10_LINEUP,0.41232025198234007
2025,20250829,20250829NCSK0,1.0,2025_HOLDOUT,V10_LINEUP,0.6436704417409229
2025,20250829,20250829OBLT0,0.0,2025_HOLDOUT,V10_LINEUP,0.40489989149626415
2025,20250829,20250829SSHH0,0.0,2025_HOLDOUT,V10_LINEUP,0.4317634203729133
2025,20250829,20250829WOLG0,0.0,2025_HOLDOUT,V10_LINEUP,0.6449301802010796
2025,20250830,20250830HTKT0,1.0,2025_HOLDOUT,V10_LINEUP,0.3870528573258951
2025,20250830,20250830NCSK0,0.0,2025_HOLDOUT,V10_LINEUP,0.49518675273922513
2025,20250830,20250830SSHH0,0.0,2025_HOLDOUT,V10_LINEUP,0.5119869006872054
2025,20250830,20250830WOLG0,1.0,2025_HOLDOUT,V10_LINEUP,0.6663391100756254
2025,20250831,20250831HTKT0,1.0,2025_HOLDOUT,V10_LINEUP,0.4916233535594141
2025,20250831,20250831NCSK0,1.0,2025_HOLDOUT,V10_LINEUP,0.47732610320678603
2025,20250831,20250831OBLT0,1.0,2025_HOLDOUT,V10_LINEUP,0.5178146505566499
2025,20250831,20250831SSHH0,0.0,2025_HOLDOUT,V10_LINEUP,0.31266085740492877
2025,20250831,20250831WOLG0,0.0,2025_HOLDOUT,V10_LINEUP,0.5378855031046631
2025,20250902,20250902HTHH0,1.0,2025_HOLDOUT,V10_LINEUP,0.5841300438802295
2025,20250902,20250902LTLG0,1.0,2025_HOLDOUT,V10_LINEUP,0.543935099451906
2025,20250902,20250902NCKT0,0.0,2025_HOLDOUT,V10_LINEUP,0.6868689602556388
2025,20250902,20250902WOSK0,1.0,2025_HOLDOUT,V10_LINEUP,0.6302556417045105
2025,20250903,20250903LTKT0,1.0,2025_HOLDOUT,V10_LINEUP,0.48695089813225084
2025,20250903,20250903NCHH0,1.0,2025_HOLDOUT,V10_LINEUP,0.6587897209136806
2025,20250903,20250903SKHT0,0.0,2025_HOLDOUT,V10_LINEUP,0.6197206286823551
2025,20250903,20250903WOSS0,0.0,2025_HOLDOUT,V10_LINEUP,0.4775163457738647
2025,20250904,20250904LGKT0,0.0,2025_HOLDOUT,V10_LINEUP,0.37813478671416667
2025,20250904,20250904OBNC0,0.0,2025_HOLDOUT,V10_LINEUP,0.4344540995243407
2025,20250905,20250905LTSK0,1.0,2025_HOLDOUT,V10_LINEUP,0.6333769035806789
2025,20250905,20250905OBNC0,0.0,2025_HOLDOUT,V10_LINEUP,0.4300280425568237
2025,20250905,20250905WOSS0,1.0,2025_HOLDOUT,V10_LINEUP,0.5436902864218444
2025,20250906,20250906HHSS0,0.0,2025_HOLDOUT,V10_LINEUP,0.399572795483829
2025,20250906,20250906HTNC0,0.0,2025_HOLDOUT,V10_LINEUP,0.5218033119490111
2025,20250907,20250907HHSS0,1.0,2025_HOLDOUT,V10_LINEUP,0.6206573379393029
2025,20250907,20250907HTNC0,1.0,2025_HOLDOUT,V10_LINEUP,0.4085503923036984
2025,20250907,20250907SKLG0,0.0,2025_HOLDOUT,V10_LINEUP,0.5404676853251652
2025,20250909,20250909HHLT0,0.0,2025_HOLDOUT,V10_LINEUP,0.41796045256043146
2025,20250909,20250909LGWO0,1.0,2025_HOLDOUT,V10_LINEUP,0.47224262176895254
2025,20250909,20250909OBKT0,1.0,2025_HOLDOUT,V10_LINEUP,0.555699888165835
2025,20250910,20250910HHLT0,0.0,2025_HOLDOUT,V10_LINEUP,0.45647855293073586
2025,20250910,20250910LGOB0,0.0,2025_HOLDOUT,V10_LINEUP,0.4039990353143715
2025,20250910,20250910SKNC0,1.0,2025_HOLDOUT,V10_LINEUP,0.3162919928355915
2025,20250910,20250910SSHT0,1.0,2025_HOLDOUT,V10_LINEUP,0.542205095071707
2025,20250911,20250911KTLG0,0.0,2025_HOLDOUT,V10_LINEUP,0.5298178944283379
2025,20250911,20250911LTHT0,0.0,2025_HOLDOUT,V10_LINEUP,0.4378326631287713
2025,20250911,20250911NCWO0,1.0,2025_HOLDOUT,V10_LINEUP,0.4396172035144672
2025,20250911,20250911SKSS0,0.0,2025_HOLDOUT,V10_LINEUP,0.518833627532306
2025,20250912,20250912OBHT0,1.0,2025_HOLDOUT,V10_LINEUP,0.4860460421501854
2025,20250913,20250913HTLG0,0.0,2025_HOLDOUT,V10_LINEUP,0.7304019467457729
2025,20250913,20250913KTSS0,0.0,2025_HOLDOUT,V10_LINEUP,0.46352420126053695
2025,20250913,20250913OBNC0,1.0,2025_HOLDOUT,V10_LINEUP,0.438050263690113
2025,20250913,20250913SKLT0,1.0,2025_HOLDOUT,V10_LINEUP,0.3499470753356637
2025,20250913,20250913WOHH0,1.0,2025_HOLDOUT,V10_LINEUP,0.60954136105608
2025,20250914,20250914HTLG0,1.0,2025_HOLDOUT,V10_LINEUP,0.4946575978340968
2025,20250914,20250914KTSS0,1.0,2025_HOLDOUT,V10_LINEUP,0.42820241641967516
2025,20250914,20250914OBNC0,1.0,2025_HOLDOUT,V10_LINEUP,0.755930932054015
2025,20250914,20250914WOHH0,0.0,2025_HOLDOUT,V10_LINEUP,0.6377329667805921
2025,20250915,20250915WOHH0,1.0,2025_HOLDOUT,V10_LINEUP,0.5611063288811053
2025,20250916,20250916HHHT0,0.0,2025_HOLDOUT,V10_LINEUP,0.29056886368943136
2025,20250916,20250916LGKT0,0.0,2025_HOLDOUT,V10_LINEUP,0.4791282062372284
2025,20250916,20250916LTSS0,1.0,2025_HOLDOUT,V10_LINEUP,0.5428785362245102
2025,20250916,20250916SKNC0,0.0,2025_HOLDOUT,V10_LINEUP,0.3541986603154342
2025,20250916,20250916WOOB0,0.0,2025_HOLDOUT,V10_LINEUP,0.4291248221681857
2025,20250917,20250917HHHT0,0.0,2025_HOLDOUT,V10_LINEUP,0.24975430713075034
2025,20250917,20250917SKNC0,1.0,2025_HOLDOUT,V10_LINEUP,0.4618183611291386
2025,20250917,20250917WOOB0,0.0,2025_HOLDOUT,V10_LINEUP,0.47142133080592563
2025,20250918,20250918HHHT0,0.0,2025_HOLDOUT,V10_LINEUP,0.6155240481890963
2025,20250918,20250918LGKT1,0.0,2025_HOLDOUT,V10_LINEUP,0.45857977947535133
2025,20250918,20250918LGKT2,0.0,2025_HOLDOUT,V10_LINEUP,0.4258711352835673
2025,20250918,20250918SSNC0,0.0,2025_HOLDOUT,V10_LINEUP,0.3030910760580283
2025,20250918,20250918WOOB0,1.0,2025_HOLDOUT,V10_LINEUP,0.5016878675505491
2025,20250919,20250919LTNC0,0.0,2025_HOLDOUT,V10_LINEUP,0.5405417637679858
2025,20250920,20250920HHKT0,1.0,2025_HOLDOUT,V10_LINEUP,0.3988745298748418
2025,20250920,20250920NCHT0,1.0,2025_HOLDOUT,V10_LINEUP,0.592891039548831
2025,20250920,20250920OBSK0,1.0,2025_HOLDOUT,V10_LINEUP,0.6147395265332745
2025,20250920,20250920SSLG0,0.0,2025_HOLDOUT,V10_LINEUP,0.43430123969069867
2025,20250920,20250920WOLT0,0.0,2025_HOLDOUT,V10_LINEUP,0.644492777959874
2025,20250921,20250921NCHT0,0.0,2025_HOLDOUT,V10_LINEUP,0.4640231155237245
2025,20250921,20250921OBSK0,1.0,2025_HOLDOUT,V10_LINEUP,0.5704703382837848
2025,20250921,20250921SSKT0,1.0,2025_HOLDOUT,V10_LINEUP,0.6023928918020063
2025,20250922,20250922OBSK0,0.0,2025_HOLDOUT,V10_LINEUP,0.6381294317946563
2025,20250923,20250923HTSK0,1.0,2025_HOLDOUT,V10_LINEUP,0.5628498249612953
2025,20250923,20250923NCLT0,0.0,2025_HOLDOUT,V10_LINEUP,0.5666863045827516
2025,20250923,20250923OBSS0,1.0,2025_HOLDOUT,V10_LINEUP,0.5493887606394425
2025,20250923,20250923WOKT0,1.0,2025_HOLDOUT,V10_LINEUP,0.46822490303581654
2025,20250924,20250924HTWO0,0.0,2025_HOLDOUT,V10_LINEUP,0.49094625831493877
2025,20250924,20250924LGNC0,1.0,2025_HOLDOUT,V10_LINEUP,0.36534877926921067
2025,20250924,20250924LTSS0,1.0,2025_HOLDOUT,V10_LINEUP,0.6465013187052713
2025,20250925,20250925HHOB0,1.0,2025_HOLDOUT,V10_LINEUP,0.40808311220293897
2025,20250925,20250925KTSK0,0.0,2025_HOLDOUT,V10_LINEUP,0.5107906330395329
2025,20250925,20250925LGLT0,0.0,2025_HOLDOUT,V10_LINEUP,0.4479794323566561
2025,20250925,20250925WOSS0,1.0,2025_HOLDOUT,V10_LINEUP,0.5132358217198544
2025,20250926,20250926KTSK0,1.0,2025_HOLDOUT,V10_LINEUP,0.4713955328181161
2025,20250926,20250926LGHH0,1.0,2025_HOLDOUT,V10_LINEUP,0.48347953167158625
2025,20250926,20250926NCOB0,0.0,2025_HOLDOUT,V10_LINEUP,0.3211564426852442
2025,20250926,20250926SSLT0,1.0,2025_HOLDOUT,V10_LINEUP,0.33687447881617943
2025,20250927,20250927LGHH0,0.0,2025_HOLDOUT,V10_LINEUP,0.5634569052704927
2025,20250927,20250927NCHT0,0.0,2025_HOLDOUT,V10_LINEUP,0.5554845301757771
2025,20250927,20250927SKOB0,0.0,2025_HOLDOUT,V10_LINEUP,0.4119830974639881
2025,20250928,20250928LTOB0,1.0,2025_HOLDOUT,V10_LINEUP,0.4773393143364984
2025,20250928,20250928SSWO0,0.0,2025_HOLDOUT,V10_LINEUP,0.4109090939258915
2025,20250929,20250929LGHH0,1.0,2025_HOLDOUT,V10_LINEUP,0.35815319486048325
2025,20250929,20250929LTSK0,1.0,2025_HOLDOUT,V10_LINEUP,0.6749960532686834
2025,20250929,20250929NCHT0,0.0,2025_HOLDOUT,V10_LINEUP,0.3136854236247962
2025,20250930,20250930HTSS0,1.0,2025_HOLDOUT,V10_LINEUP,0.7146731574578847
2025,20250930,20250930KTNC0,1.0,2025_HOLDOUT,V10_LINEUP,0.41510874706266093
2025,20250930,20250930LTHH0,1.0,2025_HOLDOUT,V10_LINEUP,0.7084627435250348
2025,20250930,20250930OBLG0,0.0,2025_HOLDOUT,V10_LINEUP,0.5316606390951273
2025,20250930,20250930SKWO0,0.0,2025_HOLDOUT,V10_LINEUP,0.5619544996330396
2025,20251001,20251001HHSK0,1.0,2025_HOLDOUT,V10_LINEUP,0.2955901180359762
2025,20251001,20251001KTHT0,0.0,2025_HOLDOUT,V10_LINEUP,0.4446244775483221
2025,20251001,20251001NCLG0,0.0,2025_HOLDOUT,V10_LINEUP,0.6854297098650072
2025,20251002,20251002SKHT0,1.0,2025_HOLDOUT,V10_LINEUP,0.41125987056232494
2025,20251004,20251004SKNC0,1.0,2025_HOLDOUT,V10_LINEUP,0.5399627852900031
2025,20251004,20251004SSHT0,1.0,2025_HOLDOUT,V10_LINEUP,0.7284840238144128
2026,20260328,20260328HTSK0,1.0,2026_POSTHOC,V10_LINEUP,0.8477461146281623
2026,20260328,20260328KTLG0,0.0,2026_POSTHOC,V10_LINEUP,0.8927675078913585
2026,20260328,20260328LTSS0,0.0,2026_POSTHOC,V10_LINEUP,0.8967680045842183
2026,20260328,20260328OBNC0,1.0,2026_POSTHOC,V10_LINEUP,0.8359381594836975
2026,20260328,20260328WOHH0,1.0,2026_POSTHOC,V10_LINEUP,0.8403613621393998
2026,20260329,20260329HTSK0,1.0,2026_POSTHOC,V10_LINEUP,0.7357037416829385
2026,20260329,20260329KTLG0,0.0,2026_POSTHOC,V10_LINEUP,0.3972521373771628
2026,20260329,20260329LTSS0,0.0,2026_POSTHOC,V10_LINEUP,0.5231156644688518
2026,20260329,20260329OBNC0,0.0,2026_POSTHOC,V10_LINEUP,0.6027488279890183
2026,20260329,20260329WOHH0,1.0,2026_POSTHOC,V10_LINEUP,0.6325687522275657
2026,20260331,20260331HTLG0,0.0,2026_POSTHOC,V10_LINEUP,0.6528288657094861
2026,20260331,20260331KTHH0,0.0,2026_POSTHOC,V10_LINEUP,0.4839826009197984
2026,20260331,20260331LTNC0,1.0,2026_POSTHOC,V10_LINEUP,0.45118103980183605
2026,20260331,20260331WOSK0,1.0,2026_POSTHOC,V10_LINEUP,0.7140008195092236
2026,20260401,20260401HTLG0,1.0,2026_POSTHOC,V10_LINEUP,0.6489019527766622
2026,20260401,20260401KTHH0,0.0,2026_POSTHOC,V10_LINEUP,0.4875990715862098
2026,20260401,20260401LTNC0,1.0,2026_POSTHOC,V10_LINEUP,0.5593719983833978
2026,20260401,20260401OBSS0,1.0,2026_POSTHOC,V10_LINEUP,0.4996423190316376
2026,20260401,20260401WOSK0,0.0,2026_POSTHOC,V10_LINEUP,0.7132324265855139
2026,20260402,20260402HTLG0,1.0,2026_POSTHOC,V10_LINEUP,0.7643898381580617
2026,20260402,20260402KTHH0,0.0,2026_POSTHOC,V10_LINEUP,0.48813837860997
2026,20260402,20260402LTNC0,1.0,2026_POSTHOC,V10_LINEUP,0.6212669188698583
2026,20260402,20260402OBSS0,1.0,2026_POSTHOC,V10_LINEUP,0.615608583647493
2026,20260402,20260402WOSK0,1.0,2026_POSTHOC,V10_LINEUP,0.6926705236510522
2026,20260403,20260403HHOB0,0.0,2026_POSTHOC,V10_LINEUP,0.5421693847541571
2026,20260403,20260403LGWO0,1.0,2026_POSTHOC,V10_LINEUP,0.37731178742054744
2026,20260403,20260403NCHT0,0.0,2026_POSTHOC,V10_LINEUP,0.4692398253658474
2026,20260403,20260403SKLT0,0.0,2026_POSTHOC,V10_LINEUP,0.45746458406680485
2026,20260403,20260403SSKT0,0.0,2026_POSTHOC,V10_LINEUP,0.33033334511504503
2026,20260404,20260404HHOB0,0.0,2026_POSTHOC,V10_LINEUP,0.45358728977182194
2026,20260404,20260404LGWO0,0.0,2026_POSTHOC,V10_LINEUP,0.2860768594280315
2026,20260404,20260404NCHT0,0.0,2026_POSTHOC,V10_LINEUP,0.34840705203819383
2026,20260404,20260404SKLT0,0.0,2026_POSTHOC,V10_LINEUP,0.48941968252561696
2026,20260404,20260404SSKT0,0.0,2026_POSTHOC,V10_LINEUP,0.47963428891222665
2026,20260405,20260405HHOB0,1.0,2026_POSTHOC,V10_LINEUP,0.6631979205383173
2026,20260405,20260405LGWO0,0.0,2026_POSTHOC,V10_LINEUP,0.31335028262756914
2026,20260405,20260405NCHT0,1.0,2026_POSTHOC,V10_LINEUP,0.43186430288439326
2026,20260405,20260405SKLT0,0.0,2026_POSTHOC,V10_LINEUP,0.40358242641636993
2026,20260405,20260405SSKT0,1.0,2026_POSTHOC,V10_LINEUP,0.5351683225691074
2026,20260407,20260407HHSK0,0.0,2026_POSTHOC,V10_LINEUP,0.515537341098697
2026,20260407,20260407KTLT0,0.0,2026_POSTHOC,V10_LINEUP,0.41377265864134044
2026,20260407,20260407LGNC0,0.0,2026_POSTHOC,V10_LINEUP,0.43772476487367656
2026,20260407,20260407SSHT0,0.0,2026_POSTHOC,V10_LINEUP,0.4008448762684737
2026,20260407,20260407WOOB0,0.0,2026_POSTHOC,V10_LINEUP,0.47013942245861595
2026,20260408,20260408HHSK0,0.0,2026_POSTHOC,V10_LINEUP,0.5850077576656204
2026,20260408,20260408KTLT0,1.0,2026_POSTHOC,V10_LINEUP,0.2610246345227892
2026,20260408,20260408LGNC0,0.0,2026_POSTHOC,V10_LINEUP,0.4120496659067254
2026,20260408,20260408SSHT0,1.0,2026_POSTHOC,V10_LINEUP,0.34805753867781936
2026,20260408,20260408WOOB0,1.0,2026_POSTHOC,V10_LINEUP,0.7519061148448793
2026,20260410,20260410HTHH0,0.0,2026_POSTHOC,V10_LINEUP,0.4146516222606996
2026,20260410,20260410LTWO0,0.0,2026_POSTHOC,V10_LINEUP,0.5832455632357256
2026,20260410,20260410NCSS0,1.0,2026_POSTHOC,V10_LINEUP,0.6360799551116895
2026,20260410,20260410OBKT0,0.0,2026_POSTHOC,V10_LINEUP,0.5340455107945467
2026,20260410,20260410SKLG0,1.0,2026_POSTHOC,V10_LINEUP,0.4898291195400605
2026,20260411,20260411HTHH0,0.0,2026_POSTHOC,V10_LINEUP,0.6429834107255527
2026,20260411,20260411LTWO0,0.0,2026_POSTHOC,V10_LINEUP,0.4210990669726853
2026,20260411,20260411NCSS0,1.0,2026_POSTHOC,V10_LINEUP,0.4746988783219317
2026,20260411,20260411OBKT0,1.0,2026_POSTHOC,V10_LINEUP,0.5260596739198609
2026,20260411,20260411SKLG0,1.0,2026_POSTHOC,V10_LINEUP,0.6313651040123595
2026,20260412,20260412HTHH0,0.0,2026_POSTHOC,V10_LINEUP,0.39801113677549593
2026,20260412,20260412LTWO0,1.0,2026_POSTHOC,V10_LINEUP,0.42781391402824065
2026,20260412,20260412NCSS0,1.0,2026_POSTHOC,V10_LINEUP,0.6444199486610952
2026,20260412,20260412OBKT0,1.0,2026_POSTHOC,V10_LINEUP,0.6122132505411925
2026,20260412,20260412SKLG0,1.0,2026_POSTHOC,V10_LINEUP,0.5710280250543838
2026,20260414,20260414KTNC0,1.0,2026_POSTHOC,V10_LINEUP,0.39661505280209075
2026,20260414,20260414LTLG0,1.0,2026_POSTHOC,V10_LINEUP,0.6524620582519934
2026,20260414,20260414OBSK0,0.0,2026_POSTHOC,V10_LINEUP,0.4751210475799935
2026,20260414,20260414SSHH0,0.0,2026_POSTHOC,V10_LINEUP,0.42741695598324536
2026,20260414,20260414WOHT0,1.0,2026_POSTHOC,V10_LINEUP,0.6092839214379199
2026,20260415,20260415KTNC0,0.0,2026_POSTHOC,V10_LINEUP,0.4605006808928998
2026,20260415,20260415LTLG0,0.0,2026_POSTHOC,V10_LINEUP,0.7407654383537524
2026,20260415,20260415OBSK0,1.0,2026_POSTHOC,V10_LINEUP,0.5732434655618458
2026,20260415,20260415SSHH0,0.0,2026_POSTHOC,V10_LINEUP,0.3863291785191079
2026,20260415,20260415WOHT0,1.0,2026_POSTHOC,V10_LINEUP,0.7191989871394744
2026,20260416,20260416KTNC0,0.0,2026_POSTHOC,V10_LINEUP,0.5758383913734276
2026,20260416,20260416LTLG0,1.0,2026_POSTHOC,V10_LINEUP,0.5887641719354801
2026,20260416,20260416OBSK0,1.0,2026_POSTHOC,V10_LINEUP,0.5883756235351719
2026,20260416,20260416SSHH0,0.0,2026_POSTHOC,V10_LINEUP,0.30955903913991795
2026,20260416,20260416WOHT0,1.0,2026_POSTHOC,V10_LINEUP,0.5931730504928775
2026,20260417,20260417HTOB0,0.0,2026_POSTHOC,V10_LINEUP,0.6546728410601638
2026,20260417,20260417WOKT0,1.0,2026_POSTHOC,V10_LINEUP,0.5807763324253498
2026,20260418,20260418HHLT0,0.0,2026_POSTHOC,V10_LINEUP,0.4731195126254693
2026,20260418,20260418HTOB0,1.0,2026_POSTHOC,V10_LINEUP,0.3456709985469853
2026,20260418,20260418LGSS0,1.0,2026_POSTHOC,V10_LINEUP,0.4551817509131382
2026,20260418,20260418SKNC0,0.0,2026_POSTHOC,V10_LINEUP,0.5484146954609398
2026,20260418,20260418WOKT0,1.0,2026_POSTHOC,V10_LINEUP,0.6503286120255982
2026,20260419,20260419HHLT0,0.0,2026_POSTHOC,V10_LINEUP,0.5395077347258841
2026,20260419,20260419HTOB0,1.0,2026_POSTHOC,V10_LINEUP,0.49165815529322376
2026,20260419,20260419LGSS0,0.0,2026_POSTHOC,V10_LINEUP,0.45802395129664963
2026,20260419,20260419SKNC0,1.0,2026_POSTHOC,V10_LINEUP,0.5505646632957463
2026,20260419,20260419WOKT0,0.0,2026_POSTHOC,V10_LINEUP,0.6335115727723694
2026,20260421,20260421HHLG0,1.0,2026_POSTHOC,V10_LINEUP,0.6118790982118437
2026,20260421,20260421HTKT0,1.0,2026_POSTHOC,V10_LINEUP,0.724902546843578
2026,20260421,20260421NCWO0,1.0,2026_POSTHOC,V10_LINEUP,0.3791249171039357
2026,20260421,20260421OBLT0,0.0,2026_POSTHOC,V10_LINEUP,0.475974648553283
2026,20260421,20260421SKSS0,0.0,2026_POSTHOC,V10_LINEUP,0.5527923903037101
2026,20260422,20260422HHLG0,1.0,2026_POSTHOC,V10_LINEUP,0.6147794899726153
2026,20260422,20260422HTKT0,1.0,2026_POSTHOC,V10_LINEUP,0.3948204820667762
2026,20260422,20260422NCWO0,1.0,2026_POSTHOC,V10_LINEUP,0.6251004831152494
2026,20260422,20260422OBLT0,0.0,2026_POSTHOC,V10_LINEUP,0.3847890175947014
2026,20260422,20260422SKSS0,0.0,2026_POSTHOC,V10_LINEUP,0.6682067058499377
2026,20260423,20260423HHLG0,0.0,2026_POSTHOC,V10_LINEUP,0.66998974716016
2026,20260423,20260423HTKT0,1.0,2026_POSTHOC,V10_LINEUP,0.7122088333164669
2026,20260423,20260423NCWO0,0.0,2026_POSTHOC,V10_LINEUP,0.382072226750361
2026,20260423,20260423OBLT0,1.0,2026_POSTHOC,V10_LINEUP,0.35728513915186394
2026,20260423,20260423SKSS0,0.0,2026_POSTHOC,V10_LINEUP,0.5095139052873495
2026,20260424,20260424KTSK0,1.0,2026_POSTHOC,V10_LINEUP,0.3534097577897719
2026,20260424,20260424LGOB0,0.0,2026_POSTHOC,V10_LINEUP,0.4031205531118751
2026,20260424,20260424LTHT0,1.0,2026_POSTHOC,V10_LINEUP,0.6332617201657309
2026,20260424,20260424NCHH0,0.0,2026_POSTHOC,V10_LINEUP,0.5266811748780083
2026,20260424,20260424SSWO0,1.0,2026_POSTHOC,V10_LINEUP,0.4417134315887192
2026,20260425,20260425KTSK0,1.0,2026_POSTHOC,V10_LINEUP,0.3797957428402735
2026,20260425,20260425LGOB0,0.0,2026_POSTHOC,V10_LINEUP,0.36812356933906226
2026,20260425,20260425LTHT0,1.0,2026_POSTHOC,V10_LINEUP,0.5810218582194422
2026,20260425,20260425NCHH0,1.0,2026_POSTHOC,V10_LINEUP,0.411285441411904
2026,20260425,20260425SSWO0,1.0,2026_POSTHOC,V10_LINEUP,0.38861886566620185
2026,20260426,20260426KTSK0,0.0,2026_POSTHOC,V10_LINEUP,0.3806859868862909
2026,20260426,20260426LGOB0,1.0,2026_POSTHOC,V10_LINEUP,0.47041370785973186
2026,20260426,20260426NCHH0,0.0,2026_POSTHOC,V10_LINEUP,0.42648094335944525
2026,20260426,20260426SSWO0,1.0,2026_POSTHOC,V10_LINEUP,0.4257645735553967
2026,20260428,20260428HTNC0,1.0,2026_POSTHOC,V10_LINEUP,0.4036427060091334
2026,20260428,20260428LGKT0,1.0,2026_POSTHOC,V10_LINEUP,0.4050754093934629
2026,20260428,20260428SKHH0,1.0,2026_POSTHOC,V10_LINEUP,0.5086974288477649
2026,20260428,20260428SSOB0,0.0,2026_POSTHOC,V10_LINEUP,0.4101889521129563
2026,20260428,20260428WOLT0,1.0,2026_POSTHOC,V10_LINEUP,0.3263741808871897
2026,20260429,20260429HTNC0,0.0,2026_POSTHOC,V10_LINEUP,0.641855122242367
2026,20260429,20260429LGKT0,1.0,2026_POSTHOC,V10_LINEUP,0.6311515068143112
2026,20260429,20260429SKHH0,0.0,2026_POSTHOC,V10_LINEUP,0.33223022720712964
2026,20260429,20260429SSOB0,1.0,2026_POSTHOC,V10_LINEUP,0.5504339046472271
2026,20260429,20260429WOLT0,0.0,2026_POSTHOC,V10_LINEUP,0.5280236507840544
2026,20260430,20260430HTNC0,1.0,2026_POSTHOC,V10_LINEUP,0.3431176142374643
2026,20260430,20260430LGKT0,0.0,2026_POSTHOC,V10_LINEUP,0.5301854342138413
2026,20260430,20260430SKHH0,0.0,2026_POSTHOC,V10_LINEUP,0.5545399753576021
2026,20260430,20260430SSOB0,1.0,2026_POSTHOC,V10_LINEUP,0.5335720656424064
2026,20260430,20260430WOLT0,1.0,2026_POSTHOC,V10_LINEUP,0.4717115474290543
2026,20260501,20260501HHSS0,1.0,2026_POSTHOC,V10_LINEUP,0.5849627092214919
2026,20260501,20260501KTHT0,0.0,2026_POSTHOC,V10_LINEUP,0.4397093363138397
2026,20260501,20260501LTSK0,0.0,2026_POSTHOC,V10_LINEUP,0.4984302583052774
2026,20260501,20260501NCLG0,1.0,2026_POSTHOC,V10_LINEUP,0.5904464460084361
2026,20260501,20260501OBWO0,0.0,2026_POSTHOC,V10_LINEUP,0.46067809960877315
2026,20260502,20260502HHSS0,0.0,2026_POSTHOC,V10_LINEUP,0.5218164620614208
2026,20260502,20260502KTHT0,1.0,2026_POSTHOC,V10_LINEUP,0.3099230630018026
2026,20260502,20260502LTSK0,0.0,2026_POSTHOC,V10_LINEUP,0.5123067824068047
2026,20260502,20260502NCLG0,1.0,2026_POSTHOC,V10_LINEUP,0.5391464124250587
2026,20260502,20260502OBWO0,1.0,2026_POSTHOC,V10_LINEUP,0.33563734799121114
2026,20260503,20260503HHSS0,1.0,2026_POSTHOC,V10_LINEUP,0.6214709833753033
2026,20260503,20260503KTHT0,0.0,2026_POSTHOC,V10_LINEUP,0.5198355919256633
2026,20260503,20260503LTSK0,0.0,2026_POSTHOC,V10_LINEUP,0.549760381231698
2026,20260503,20260503NCLG0,0.0,2026_POSTHOC,V10_LINEUP,0.5752376261331109
2026,20260503,20260503OBWO0,0.0,2026_POSTHOC,V10_LINEUP,0.3563818871371625
2026,20260505,20260505HHHT0,1.0,2026_POSTHOC,V10_LINEUP,0.5903982666509748
2026,20260505,20260505LTKT0,1.0,2026_POSTHOC,V10_LINEUP,0.5901712960455715
2026,20260505,20260505OBLG0,1.0,2026_POSTHOC,V10_LINEUP,0.5056276592352428
2026,20260505,20260505WOSS0,1.0,2026_POSTHOC,V10_LINEUP,0.6335540533029679
2026,20260506,20260506HHHT0,0.0,2026_POSTHOC,V10_LINEUP,0.6835943853095542
2026,20260506,20260506LTKT0,0.0,2026_POSTHOC,V10_LINEUP,0.5243007927047435
2026,20260506,20260506NCSK0,1.0,2026_POSTHOC,V10_LINEUP,0.4871272309429465
2026,20260506,20260506OBLG0,1.0,2026_POSTHOC,V10_LINEUP,0.49380659521135967
2026,20260506,20260506WOSS0,1.0,2026_POSTHOC,V10_LINEUP,0.5948112902771717
2026,20260507,20260507HHHT0,0.0,2026_POSTHOC,V10_LINEUP,0.6924915760814377
2026,20260507,20260507NCSK0,0.0,2026_POSTHOC,V10_LINEUP,0.4422655233395357
2026,20260507,20260507OBLG0,0.0,2026_POSTHOC,V10_LINEUP,0.5581017685392285
2026,20260507,20260507WOSS0,1.0,2026_POSTHOC,V10_LINEUP,0.854043013967262
2026,20260508,20260508HTLT0,0.0,2026_POSTHOC,V10_LINEUP,0.553127060814803
2026,20260508,20260508KTWO0,0.0,2026_POSTHOC,V10_LINEUP,0.31672720752078865
2026,20260508,20260508LGHH0,0.0,2026_POSTHOC,V10_LINEUP,0.3381374061482413
2026,20260508,20260508SKOB0,0.0,2026_POSTHOC,V10_LINEUP,0.5428897134382471
2026,20260508,20260508SSNC0,0.0,2026_POSTHOC,V10_LINEUP,0.4157400447323771
2026,20260509,20260509HTLT0,0.0,2026_POSTHOC,V10_LINEUP,0.3419312532509199
2026,20260509,20260509LGHH0,1.0,2026_POSTHOC,V10_LINEUP,0.3861230160914541
2026,20260509,20260509SKOB0,1.0,2026_POSTHOC,V10_LINEUP,0.5223120468404934
2026,20260509,20260509SSNC0,0.0,2026_POSTHOC,V10_LINEUP,0.3464014283332231
2026,20260510,20260510HTLT0,1.0,2026_POSTHOC,V10_LINEUP,0.5718353666336834
2026,20260510,20260510KTWO0,1.0,2026_POSTHOC,V10_LINEUP,0.43442144839524793
2026,20260510,20260510LGHH0,1.0,2026_POSTHOC,V10_LINEUP,0.3889937542373401
2026,20260510,20260510SKOB0,1.0,2026_POSTHOC,V10_LINEUP,0.6540491955660431
2026,20260510,20260510SSNC0,0.0,2026_POSTHOC,V10_LINEUP,0.4352011089136565
2026,20260512,20260512HHWO0,0.0,2026_POSTHOC,V10_LINEUP,0.34976968989399726
2026,20260512,20260512NCLT0,0.0,2026_POSTHOC,V10_LINEUP,0.5084503307887537
2026,20260512,20260512OBHT0,0.0,2026_POSTHOC,V10_LINEUP,0.615925297642893
2026,20260512,20260512SKKT0,0.0,2026_POSTHOC,V10_LINEUP,0.5772086456371031
2026,20260512,20260512SSLG0,0.0,2026_POSTHOC,V10_LINEUP,0.5309321495542533
2026,20260513,20260513HHWO0,1.0,2026_POSTHOC,V10_LINEUP,0.24944322312822437
2026,20260513,20260513NCLT0,1.0,2026_POSTHOC,V10_LINEUP,0.5374216712028547
2026,20260513,20260513OBHT0,1.0,2026_POSTHOC,V10_LINEUP,0.6726826814376626
2026,20260513,20260513SKKT0,1.0,2026_POSTHOC,V10_LINEUP,0.6009263165721758
2026,20260513,20260513SSLG0,1.0,2026_POSTHOC,V10_LINEUP,0.4618852763272087
2026,20260514,20260514HHWO0,0.0,2026_POSTHOC,V10_LINEUP,0.4762193237231444
2026,20260514,20260514NCLT0,0.0,2026_POSTHOC,V10_LINEUP,0.5425307376510479
2026,20260514,20260514OBHT0,1.0,2026_POSTHOC,V10_LINEUP,0.44868031106193296
2026,20260514,20260514SKKT0,0.0,2026_POSTHOC,V10_LINEUP,0.6090549781245795
2026,20260514,20260514SSLG0,0.0,2026_POSTHOC,V10_LINEUP,0.568250853692353
2026,20260515,20260515HHKT0,0.0,2026_POSTHOC,V10_LINEUP,0.5256536666783667
2026,20260515,20260515HTSS0,0.0,2026_POSTHOC,V10_LINEUP,0.6049012801009274
2026,20260515,20260515LGSK0,0.0,2026_POSTHOC,V10_LINEUP,0.36204889551302316
2026,20260515,20260515LTOB0,0.0,2026_POSTHOC,V10_LINEUP,0.6577600122712929
2026,20260515,20260515WONC0,0.0,2026_POSTHOC,V10_LINEUP,0.49208943951583645
2026,20260516,20260516HHKT0,0.0,2026_POSTHOC,V10_LINEUP,0.5434602122770922
2026,20260516,20260516HTSS0,1.0,2026_POSTHOC,V10_LINEUP,0.6304410908145403
2026,20260516,20260516LGSK0,1.0,2026_POSTHOC,V10_LINEUP,0.4824515590538825
2026,20260516,20260516LTOB0,1.0,2026_POSTHOC,V10_LINEUP,0.5987469158401764
2026,20260516,20260516WONC0,1.0,2026_POSTHOC,V10_LINEUP,0.6320677972578886
2026,20260517,20260517HHKT0,1.0,2026_POSTHOC,V10_LINEUP,0.45498171482146477
2026,20260517,20260517HTSS0,0.0,2026_POSTHOC,V10_LINEUP,0.6252311023487153
2026,20260517,20260517LGSK0,0.0,2026_POSTHOC,V10_LINEUP,0.4646447254642166
2026,20260517,20260517LTOB0,1.0,2026_POSTHOC,V10_LINEUP,0.4697397740509165
2026,20260517,20260517WONC0,0.0,2026_POSTHOC,V10_LINEUP,0.6192865615824732
2026,20260519,20260519KTSS0,1.0,2026_POSTHOC,V10_LINEUP,0.5280834648496241
2026,20260519,20260519LGHT0,1.0,2026_POSTHOC,V10_LINEUP,0.5727699814376899
2026,20260519,20260519LTHH0,0.0,2026_POSTHOC,V10_LINEUP,0.4355168111975825
2026,20260519,20260519NCOB0,1.0,2026_POSTHOC,V10_LINEUP,0.5807248190534312
2026,20260519,20260519SKWO0,1.0,2026_POSTHOC,V10_LINEUP,0.33180670933021633
2026,20260520,20260520SKWO0,1.0,2026_POSTHOC,V10_LINEUP,0.4466202840356348
2026,20260521,20260521KTSS0,1.0,2026_POSTHOC,V10_LINEUP,0.6217576843949453
2026,20260521,20260521LGHT0,0.0,2026_POSTHOC,V10_LINEUP,0.6073603938566066
2026,20260521,20260521LTHH0,0.0,2026_POSTHOC,V10_LINEUP,0.4146827044478729
2026,20260521,20260521NCOB0,1.0,2026_POSTHOC,V10_LINEUP,0.5527751376791417
2026,20260521,20260521SKWO0,1.0,2026_POSTHOC,V10_LINEUP,0.5492645183301715
2026,20260522,20260522NCKT0,1.0,2026_POSTHOC,V10_LINEUP,0.7755395100194342
2026,20260522,20260522OBHH0,1.0,2026_POSTHOC,V10_LINEUP,0.40823371048039514
2026,20260522,20260522SKHT0,1.0,2026_POSTHOC,V10_LINEUP,0.5823497151190012
2026,20260522,20260522SSLT0,0.0,2026_POSTHOC,V10_LINEUP,0.341798564402919
2026,20260522,20260522WOLG0,0.0,2026_POSTHOC,V10_LINEUP,0.521615394524724
2026,20260523,20260523NCKT0,1.0,2026_POSTHOC,V10_LINEUP,0.5347188922190594
2026,20260523,20260523OBHH0,1.0,2026_POSTHOC,V10_LINEUP,0.35115970819432785
2026,20260523,20260523SKHT0,1.0,2026_POSTHOC,V10_LINEUP,0.580290396015296
2026,20260523,20260523SSLT0,1.0,2026_POSTHOC,V10_LINEUP,0.4064226387794766
2026,20260523,20260523WOLG0,1.0,2026_POSTHOC,V10_LINEUP,0.6381118186610687
2026,20260524,20260524NCKT0,0.0,2026_POSTHOC,V10_LINEUP,0.4177967190012411
2026,20260524,20260524OBHH0,1.0,2026_POSTHOC,V10_LINEUP,0.5648833201948651
2026,20260524,20260524SKHT0,1.0,2026_POSTHOC,V10_LINEUP,0.7196467281432682
2026,20260524,20260524SSLT0,0.0,2026_POSTHOC,V10_LINEUP,0.4971649416881071
2026,20260524,20260524WOLG0,1.0,2026_POSTHOC,V10_LINEUP,0.5690602452664062
2026,20260526,20260526HTWO0,0.0,2026_POSTHOC,V10_LINEUP,0.4703679178141307
2026,20260526,20260526KTOB0,0.0,2026_POSTHOC,V10_LINEUP,0.4676559074474838
2026,20260526,20260526LGLT0,0.0,2026_POSTHOC,V10_LINEUP,0.48099957188736847
2026,20260527,20260527HHNC0,1.0,2026_POSTHOC,V10_LINEUP,0.4917251418713528
2026,20260527,20260527HTWO0,0.0,2026_POSTHOC,V10_LINEUP,0.4097065907820754
2026,20260527,20260527KTOB0,1.0,2026_POSTHOC,V10_LINEUP,0.41741114377197275
2026,20260527,20260527LGLT0,0.0,2026_POSTHOC,V10_LINEUP,0.4764468083144186
2026,20260527,20260527SSSK0,0.0,2026_POSTHOC,V10_LINEUP,0.2618338462315591
2026,20260528,20260528HHNC0,0.0,2026_POSTHOC,V10_LINEUP,0.26424861577282716
2026,20260528,20260528HTWO0,0.0,2026_POSTHOC,V10_LINEUP,0.4091133018368103
2026,20260528,20260528KTOB0,0.0,2026_POSTHOC,V10_LINEUP,0.5092342746812987
2026,20260528,20260528LGLT0,1.0,2026_POSTHOC,V10_LINEUP,0.4790561034226449
2026,20260528,20260528SSSK0,0.0,2026_POSTHOC,V10_LINEUP,0.32281017588336475
2026,20260529,20260529HTLG0,1.0,2026_POSTHOC,V10_LINEUP,0.6112726309244014
2026,20260529,20260529KTWO0,0.0,2026_POSTHOC,V10_LINEUP,0.3836317808210775
2026,20260529,20260529LTNC0,0.0,2026_POSTHOC,V10_LINEUP,0.471010889100234
2026,20260529,20260529OBSS0,0.0,2026_POSTHOC,V10_LINEUP,0.5680487965894109
2026,20260529,20260529SKHH0,1.0,2026_POSTHOC,V10_LINEUP,0.5892130364557102
2026,20260530,20260530HTLG0,1.0,2026_POSTHOC,V10_LINEUP,0.3577654813590702
2026,20260530,20260530KTWO0,0.0,2026_POSTHOC,V10_LINEUP,0.39365739785321596
2026,20260530,20260530LTNC0,1.0,2026_POSTHOC,V10_LINEUP,0.6739951116689964
2026,20260530,20260530OBSS0,0.0,2026_POSTHOC,V10_LINEUP,0.644822262730423
2026,20260530,20260530SKHH0,1.0,2026_POSTHOC,V10_LINEUP,0.6572926759218874
2026,20260531,20260531HTLG0,1.0,2026_POSTHOC,V10_LINEUP,0.5763668051169766
2026,20260531,20260531KTWO0,0.0,2026_POSTHOC,V10_LINEUP,0.3224379412007944
2026,20260531,20260531LTNC0,1.0,2026_POSTHOC,V10_LINEUP,0.3922521153873291
2026,20260531,20260531OBSS0,1.0,2026_POSTHOC,V10_LINEUP,0.49822996492066735
2026,20260531,20260531SKHH0,1.0,2026_POSTHOC,V10_LINEUP,0.5864974823759802
2026,20260602,20260602HHOB0,1.0,2026_POSTHOC,V10_LINEUP,0.5396183457781027
2026,20260602,20260602LGKT0,0.0,2026_POSTHOC,V10_LINEUP,0.46421342280510686
2026,20260602,20260602LTHT0,1.0,2026_POSTHOC,V10_LINEUP,0.6407284442622893
2026,20260602,20260602NCSS0,1.0,2026_POSTHOC,V10_LINEUP,0.7050539381166558
2026,20260602,20260602WOSK0,0.0,2026_POSTHOC,V10_LINEUP,0.4812919280832213
2026,20260603,20260603LGKT0,1.0,2026_POSTHOC,V10_LINEUP,0.6064581230857081
2026,20260603,20260603LTHT0,0.0,2026_POSTHOC,V10_LINEUP,0.6263913911634741
2026,20260603,20260603NCSS0,0.0,2026_POSTHOC,V10_LINEUP,0.7493087317388863
2026,20260603,20260603WOSK0,1.0,2026_POSTHOC,V10_LINEUP,0.5230637561674889
2026,20260604,20260604HHOB0,1.0,2026_POSTHOC,V10_LINEUP,0.586781970229532
2026,20260604,20260604LGKT0,0.0,2026_POSTHOC,V10_LINEUP,0.4165295796904458
2026,20260604,20260604LTHT0,1.0,2026_POSTHOC,V10_LINEUP,0.5098081139631634
2026,20260604,20260604NCSS0,0.0,2026_POSTHOC,V10_LINEUP,0.634204330890921
2026,20260604,20260604WOSK0,1.0,2026_POSTHOC,V10_LINEUP,0.5185569551901652
2026,20260605,20260605HHLT0,0.0,2026_POSTHOC,V10_LINEUP,0.38513800648958957
2026,20260605,20260605KTSK0,1.0,2026_POSTHOC,V10_LINEUP,0.4925689365334421
2026,20260605,20260605LGNC0,0.0,2026_POSTHOC,V10_LINEUP,0.5540309597784665
2026,20260605,20260605SSHT0,1.0,2026_POSTHOC,V10_LINEUP,0.5352988756525138
2026,20260605,20260605WOOB0,1.0,2026_POSTHOC,V10_LINEUP,0.5907633636452595
2026,20260606,20260606HHLT0,0.0,2026_POSTHOC,V10_LINEUP,0.3687434628901083
2026,20260606,20260606KTSK0,0.0,2026_POSTHOC,V10_LINEUP,0.45937993409315697
2026,20260606,20260606LGNC0,1.0,2026_POSTHOC,V10_LINEUP,0.34189590194089897
2026,20260606,20260606SSHT0,0.0,2026_POSTHOC,V10_LINEUP,0.4546326557806106
2026,20260606,20260606WOOB0,1.0,2026_POSTHOC,V10_LINEUP,0.588822883683678
2026,20260607,20260607HHLT0,0.0,2026_POSTHOC,V10_LINEUP,0.5735873024956271
2026,20260607,20260607KTSK0,1.0,2026_POSTHOC,V10_LINEUP,0.36951360591632676
2026,20260607,20260607LGNC0,1.0,2026_POSTHOC,V10_LINEUP,0.4195789526383898
2026,20260607,20260607SSHT0,1.0,2026_POSTHOC,V10_LINEUP,0.6154663303323745
2026,20260607,20260607WOOB0,0.0,2026_POSTHOC,V10_LINEUP,0.5381383132834601
2026,20260609,20260609HTHH0,0.0,2026_POSTHOC,V10_LINEUP,0.5396577566406962
2026,20260609,20260609NCWO0,1.0,2026_POSTHOC,V10_LINEUP,0.5909698466062139
2026,20260609,20260609OBLT0,0.0,2026_POSTHOC,V10_LINEUP,0.3916176783592316
2026,20260609,20260609SKLG0,1.0,2026_POSTHOC,V10_LINEUP,0.6203373040398839
2026,20260609,20260609SSKT0,1.0,2026_POSTHOC,V10_LINEUP,0.5337232980786657
2026,20260610,20260610HTHH0,1.0,2026_POSTHOC,V10_LINEUP,0.5022541139736343
2026,20260610,20260610NCWO0,0.0,2026_POSTHOC,V10_LINEUP,0.4081369982211699
2026,20260610,20260610OBLT0,1.0,2026_POSTHOC,V10_LINEUP,0.33928958529445397
2026,20260610,20260610SKLG0,1.0,2026_POSTHOC,V10_LINEUP,0.7122974265772096
2026,20260610,20260610SSKT0,1.0,2026_POSTHOC,V10_LINEUP,0.3719764590608758
2026,20260611,20260611HTHH0,1.0,2026_POSTHOC,V10_LINEUP,0.4688581859394155
2026,20260611,20260611NCWO0,0.0,2026_POSTHOC,V10_LINEUP,0.37607859724887466
2026,20260611,20260611OBLT0,0.0,2026_POSTHOC,V10_LINEUP,0.5067494932683491
2026,20260611,20260611SKLG0,1.0,2026_POSTHOC,V10_LINEUP,0.5092998758124185
2026,20260611,20260611SSKT0,0.0,2026_POSTHOC,V10_LINEUP,0.3934236643902179
2026,20260612,20260612HHWO0,1.0,2026_POSTHOC,V10_LINEUP,0.3692779048314812
2026,20260612,20260612LTLG0,0.0,2026_POSTHOC,V10_LINEUP,0.651755328437111
2026,20260612,20260612NCKT0,1.0,2026_POSTHOC,V10_LINEUP,0.467591373909043
2026,20260612,20260612OBHT0,0.0,2026_POSTHOC,V10_LINEUP,0.47949014096305215
2026,20260612,20260612SKSS0,0.0,2026_POSTHOC,V10_LINEUP,0.5967053227459466
2026,20260613,20260613HHWO0,1.0,2026_POSTHOC,V10_LINEUP,0.5613109145995624
2026,20260613,20260613LTLG0,1.0,2026_POSTHOC,V10_LINEUP,0.6227090716528051
2026,20260613,20260613NCKT0,1.0,2026_POSTHOC,V10_LINEUP,0.5741973152535865
2026,20260613,20260613OBHT0,1.0,2026_POSTHOC,V10_LINEUP,0.521714148178083
2026,20260613,20260613SKSS0,1.0,2026_POSTHOC,V10_LINEUP,0.650771058556993
2026,20260614,20260614HHWO0,1.0,2026_POSTHOC,V10_LINEUP,0.4296618204559655
2026,20260614,20260614LTLG0,1.0,2026_POSTHOC,V10_LINEUP,0.5755885642489756
2026,20260614,20260614OBHT0,0.0,2026_POSTHOC,V10_LINEUP,0.33242414670084885
2026,20260614,20260614SKSS0,1.0,2026_POSTHOC,V10_LINEUP,0.5856252210053802
2026,20260616,20260616HHNC0,1.0,2026_POSTHOC,V10_LINEUP,0.4487986453544006
2026,20260616,20260616KTOB0,0.0,2026_POSTHOC,V10_LINEUP,0.37734971490785013
2026,20260616,20260616LGHT0,0.0,2026_POSTHOC,V10_LINEUP,0.33458811671841987
2026,20260616,20260616LTSK0,0.0,2026_POSTHOC,V10_LINEUP,0.4412249751664788
2026,20260616,20260616WOSS0,1.0,2026_POSTHOC,V10_LINEUP,0.7115904632739309
2026,20260617,20260617HHNC0,1.0,2026_POSTHOC,V10_LINEUP,0.4704935671855572
2026,20260617,20260617KTOB0,0.0,2026_POSTHOC,V10_LINEUP,0.3791322517034489
2026,20260617,20260617LGHT0,1.0,2026_POSTHOC,V10_LINEUP,0.6430569693546088
2026,20260617,20260617LTSK0,0.0,2026_POSTHOC,V10_LINEUP,0.4744191476613677
2026,20260617,20260617WOSS0,1.0,2026_POSTHOC,V10_LINEUP,0.6306509977965019
2026,20260618,20260618HHNC0,1.0,2026_POSTHOC,V10_LINEUP,0.4542846420368604
2026,20260618,20260618KTOB0,1.0,2026_POSTHOC,V10_LINEUP,0.4528016681067955
2026,20260618,20260618LGHT0,1.0,2026_POSTHOC,V10_LINEUP,0.3489152632053298
2026,20260618,20260618WOSS0,1.0,2026_POSTHOC,V10_LINEUP,0.6410010731577639
2026,20260619,20260619HTKT0,0.0,2026_POSTHOC,V10_LINEUP,0.47934166067839307
2026,20260619,20260619LTWO0,0.0,2026_POSTHOC,V10_LINEUP,0.61763023461154
2026,20260619,20260619OBLG0,1.0,2026_POSTHOC,V10_LINEUP,0.42144695418546946
2026,20260619,20260619SKNC0,1.0,2026_POSTHOC,V10_LINEUP,0.48544801960930756
2026,20260620,20260620HTKT0,1.0,2026_POSTHOC,V10_LINEUP,0.46578595396136246
2026,20260620,20260620LTWO0,0.0,2026_POSTHOC,V10_LINEUP,0.463279174362057
2026,20260620,20260620OBLG0,1.0,2026_POSTHOC,V10_LINEUP,0.5336916666540118
2026,20260620,20260620SKNC0,0.0,2026_POSTHOC,V10_LINEUP,0.5620946922440464
2026,20260620,20260620SSHH0,1.0,2026_POSTHOC,V10_LINEUP,0.4843695032331551
2026,20260621,20260621HTKT0,0.0,2026_POSTHOC,V10_LINEUP,0.6156406336694568
2026,20260621,20260621LTWO0,0.0,2026_POSTHOC,V10_LINEUP,0.37246293644534634
2026,20260621,20260621OBLG0,1.0,2026_POSTHOC,V10_LINEUP,0.528922039299159
2026,20260621,20260621SKNC0,0.0,2026_POSTHOC,V10_LINEUP,0.42323965695227583
2026,20260621,20260621SSHH0,0.0,2026_POSTHOC,V10_LINEUP,0.4537348543384478
2026,20260623,20260623HTWO0,0.0,2026_POSTHOC,V10_LINEUP,0.3240372222851289
2026,20260623,20260623NCLT0,1.0,2026_POSTHOC,V10_LINEUP,0.46228443277483555
2026,20260623,20260623OBHH0,1.0,2026_POSTHOC,V10_LINEUP,0.6311869649084001
2026,20260623,20260623SKKT0,1.0,2026_POSTHOC,V10_LINEUP,0.6495433975962012
2026,20260623,20260623SSLG0,1.0,2026_POSTHOC,V10_LINEUP,0.4212006515707521
2026,20260624,20260624HTWO0,0.0,2026_POSTHOC,V10_LINEUP,0.4313749039600055
2026,20260624,20260624NCLT0,1.0,2026_POSTHOC,V10_LINEUP,0.4716735950273654
2026,20260624,20260624OBHH0,0.0,2026_POSTHOC,V10_LINEUP,0.44993237987276613
2026,20260624,20260624SKKT0,0.0,2026_POSTHOC,V10_LINEUP,0.6089840243311688
2026,20260624,20260624SSLG0,1.0,2026_POSTHOC,V10_LINEUP,0.5209473815863689
2026,20260625,20260625HTWO0,0.0,2026_POSTHOC,V10_LINEUP,0.41987838191258753
2026,20260625,20260625NCLT0,0.0,2026_POSTHOC,V10_LINEUP,0.4116776185637679
2026,20260625,20260625OBHH0,0.0,2026_POSTHOC,V10_LINEUP,0.416422372616811
2026,20260625,20260625SKKT0,1.0,2026_POSTHOC,V10_LINEUP,0.5795976213428378
2026,20260625,20260625SSLG0,0.0,2026_POSTHOC,V10_LINEUP,0.3593044771415533
2026,20260626,20260626HHSK0,0.0,2026_POSTHOC,V10_LINEUP,0.40084339119254925
2026,20260626,20260626HTOB0,1.0,2026_POSTHOC,V10_LINEUP,0.64154924509845
2026,20260626,20260626KTSS0,1.0,2026_POSTHOC,V10_LINEUP,0.470433361154165
2026,20260626,20260626LGLT0,1.0,2026_POSTHOC,V10_LINEUP,0.3913650800363093
2026,20260626,20260626WONC0,1.0,2026_POSTHOC,V10_LINEUP,0.4614948479621265
2026,20260627,20260627HHSK0,0.0,2026_POSTHOC,V10_LINEUP,0.3805389635743201
2026,20260627,20260627HTOB0,1.0,2026_POSTHOC,V10_LINEUP,0.5662219163842094
2026,20260627,20260627KTSS0,1.0,2026_POSTHOC,V10_LINEUP,0.6183153569390005
2026,20260627,20260627LGLT0,0.0,2026_POSTHOC,V10_LINEUP,0.3554621083962062
2026,20260627,20260627WONC0,0.0,2026_POSTHOC,V10_LINEUP,0.6353161918942151
2026,20260628,20260628HHSK0,0.0,2026_POSTHOC,V10_LINEUP,0.306763366100302
2026,20260628,20260628HTOB0,0.0,2026_POSTHOC,V10_LINEUP,0.5885412756846734
2026,20260628,20260628KTSS0,1.0,2026_POSTHOC,V10_LINEUP,0.465751249076907
2026,20260628,20260628LGLT0,1.0,2026_POSTHOC,V10_LINEUP,0.5116302857727114
2026,20260628,20260628WONC0,1.0,2026_POSTHOC,V10_LINEUP,0.627901262284763
2026,20260630,20260630LGWO0,1.0,2026_POSTHOC,V10_LINEUP,0.31644748476683277
2026,20260630,20260630LTOB0,1.0,2026_POSTHOC,V10_LINEUP,0.5595738715780196
2026,20260630,20260630SKHT0,1.0,2026_POSTHOC,V10_LINEUP,0.6908607120002911
2026,20260630,20260630SSNC0,0.0,2026_POSTHOC,V10_LINEUP,0.42055679969813126
2026,20260701,20260701KTHH0,0.0,2026_POSTHOC,V10_LINEUP,0.42545907458517146
2026,20260701,20260701LGWO0,0.0,2026_POSTHOC,V10_LINEUP,0.6083946840080438
2026,20260701,20260701LTOB0,0.0,2026_POSTHOC,V10_LINEUP,0.5665423334653416
2026,20260701,20260701SSNC0,1.0,2026_POSTHOC,V10_LINEUP,0.3465027440685589
2026,20260702,20260702KTHH0,1.0,2026_POSTHOC,V10_LINEUP,0.5262833923738364
2026,20260702,20260702LGWO0,0.0,2026_POSTHOC,V10_LINEUP,0.3021229135775753
2026,20260702,20260702LTOB0,1.0,2026_POSTHOC,V10_LINEUP,0.5802674724868967
2026,20260702,20260702SKHT0,1.0,2026_POSTHOC,V10_LINEUP,0.6271624948478866
2026,20260702,20260702SSNC0,0.0,2026_POSTHOC,V10_LINEUP,0.3982773072317151
2026,20260703,20260703HHLG0,0.0,2026_POSTHOC,V10_LINEUP,0.48370741056673877
2026,20260703,20260703LTKT0,0.0,2026_POSTHOC,V10_LINEUP,0.49300101647781897
2026,20260703,20260703NCHT0,0.0,2026_POSTHOC,V10_LINEUP,0.4525756935366176
2026,20260703,20260703OBWO0,1.0,2026_POSTHOC,V10_LINEUP,0.33217729371367105
2026,20260703,20260703SSSK0,0.0,2026_POSTHOC,V10_LINEUP,0.31298891535046797
2026,20260704,20260704HHLG0,1.0,2026_POSTHOC,V10_LINEUP,0.4325736220122496
2026,20260704,20260704LTKT0,0.0,2026_POSTHOC,V10_LINEUP,0.4887740542199322
2026,20260704,20260704NCHT0,0.0,2026_POSTHOC,V10_LINEUP,0.41160246715453797
2026,20260704,20260704OBWO0,0.0,2026_POSTHOC,V10_LINEUP,0.42205815480132536
2026,20260704,20260704SSSK0,0.0,2026_POSTHOC,V10_LINEUP,0.3460894307816561
2026,20260705,20260705LTKT0,1.0,2026_POSTHOC,V10_LINEUP,0.4510245474716289
2026,20260705,20260705OBWO0,0.0,2026_POSTHOC,V10_LINEUP,0.24778147762806926
2026,20260705,20260705SSSK0,0.0,2026_POSTHOC,V10_LINEUP,0.3983536288872581
2026,20260707,20260707HTLT0,1.0,2026_POSTHOC,V10_LINEUP,0.5674350103706843
2026,20260707,20260707LGSS0,1.0,2026_POSTHOC,V10_LINEUP,0.5556215431700299
2026,20260707,20260707NCHH0,0.0,2026_POSTHOC,V10_LINEUP,0.47796445847642355
2026,20260707,20260707SKOB0,0.0,2026_POSTHOC,V10_LINEUP,0.645748094626329
2026,20260707,20260707WOKT0,1.0,2026_POSTHOC,V10_LINEUP,0.5888299994961733
2026,20260708,20260708HTLT0,1.0,2026_POSTHOC,V10_LINEUP,0.43337324578970077
2026,20260708,20260708LGSS0,0.0,2026_POSTHOC,V10_LINEUP,0.5076071482318222
2026,20260708,20260708SKOB0,1.0,2026_POSTHOC,V10_LINEUP,0.7806803192189824
2026,20260708,20260708WOKT0,1.0,2026_POSTHOC,V10_LINEUP,0.5525312281514166
2026,20260709,20260709HTLT0,0.0,2026_POSTHOC,V10_LINEUP,0.5208816571459445
2026,20260709,20260709LGSS0,1.0,2026_POSTHOC,V10_LINEUP,0.5249007867555332
2026,20260709,20260709NCHH0,1.0,2026_POSTHOC,V10_LINEUP,0.4883266286717236
2026,20260709,20260709SKOB0,1.0,2026_POSTHOC,V10_LINEUP,0.638798096710147
2025,20250322,20250322HHKT0,0.0,2025_HOLDOUT,V10_COMBINED_MODEL,0.7194874271982734
2025,20250322,20250322LTLG0,1.0,2025_HOLDOUT,V10_COMBINED_MODEL,0.6176208151878418
2025,20250322,20250322NCHT0,1.0,2025_HOLDOUT,V10_COMBINED_MODEL,0.7280236514754054
2025,20250322,20250322OBSK0,1.0,2025_HOLDOUT,V10_COMBINED_MODEL,0.6708351037769987
2025,20250322,20250322WOSS0,1.0,2025_HOLDOUT,V10_COMBINED_MODEL,0.7571781494989516
2025,20250323,20250323HHKT0,1.0,2025_HOLDOUT,V10_COMBINED_MODEL,0.4995915110219617
2025,20250323,20250323LTLG0,1.0,2025_HOLDOUT,V10_COMBINED_MODEL,0.582402356811914
2025,20250323,20250323NCHT0,0.0,2025_HOLDOUT,V10_COMBINED_MODEL,0.6784088933452437
2025,20250323,20250323OBSK0,1.0,2025_HOLDOUT,V10_COMBINED_MODEL,0.5727181007051899
2025,20250323,20250323WOSS0,1.0,2025_HOLDOUT,V10_COMBINED_MODEL,0.576805120158072
2025,20250325,20250325HHLG0,1.0,2025_HOLDOUT,V10_COMBINED_MODEL,0.5364256083860856
2025,20250325,20250325LTSK0,0.0,2025_HOLDOUT,V10_COMBINED_MODEL,0.6028466379891324
2025,20250325,20250325NCSS0,1.0,2025_HOLDOUT,V10_COMBINED_MODEL,0.5913054324836872
2025,20250325,20250325OBKT0,1.0,2025_HOLDOUT,V10_COMBINED_MODEL,0.6214555922372561
2025,20250325,20250325WOHT0,1.0,2025_HOLDOUT,V10_COMBINED_MODEL,0.5752533040466458
2025,20250326,20250326HHLG0,1.0,2025_HOLDOUT,V10_COMBINED_MODEL,0.6265383560796617
2025,20250326,20250326LTSK0,1.0,2025_HOLDOUT,V10_COMBINED_MODEL,0.5619323948441071
2025,20250326,20250326NCSS0,0.0,2025_HOLDOUT,V10_COMBINED_MODEL,0.6105958349057781
2025,20250326,20250326OBKT0,0.0,2025_HOLDOUT,V10_COMBINED_MODEL,0.6313633433695007
2025,20250326,20250326WOHT0,0.0,2025_HOLDOUT,V10_COMBINED_MODEL,0.5988299551331969
2025,20250327,20250327HHLG0,1.0,2025_HOLDOUT,V10_COMBINED_MODEL,0.6103460688415095
2025,20250327,20250327LTSK0,1.0,2025_HOLDOUT,V10_COMBINED_MODEL,0.5653765962633519
2025,20250327,20250327NCSS0,0.0,2025_HOLDOUT,V10_COMBINED_MODEL,0.5995183323473741
2025,20250327,20250327OBKT0,1.0,2025_HOLDOUT,V10_COMBINED_MODEL,0.6299117696082881
2025,20250327,20250327WOHT0,0.0,2025_HOLDOUT,V10_COMBINED_MODEL,0.5189454627924958
2025,20250328,20250328HTHH0,1.0,2025_HOLDOUT,V10_COMBINED_MODEL,0.4146070356807024
2025,20250328,20250328KTLT0,0.0,2025_HOLDOUT,V10_COMBINED_MODEL,0.40690735576346565
2025,20250328,20250328LGNC0,0.0,2025_HOLDOUT,V10_COMBINED_MODEL,0.4290374606070666
2025,20250328,20250328SKWO0,1.0,2025_HOLDOUT,V10_COMBINED_MODEL,0.4639447312066409
2025,20250328,20250328SSOB0,1.0,2025_HOLDOUT,V10_COMBINED_MODEL,0.39098084230315844
2025,20250329,20250329HTHH0,1.0,2025_HOLDOUT,V10_COMBINED_MODEL,0.5239295527839315
2025,20250329,20250329KTLT0,1.0,2025_HOLDOUT,V10_COMBINED_MODEL,0.41956087049981283
2025,20250329,20250329LGNC0,0.0,2025_HOLDOUT,V10_COMBINED_MODEL,0.4298820420562466
2025,20250329,20250329SKWO0,1.0,2025_HOLDOUT,V10_COMBINED_MODEL,0.45466858876382366
2025,20250329,20250329SSOB0,0.0,2025_HOLDOUT,V10_COMBINED_MODEL,0.49713722212659023
2025,20250330,20250330HTHH0,0.0,2025_HOLDOUT,V10_COMBINED_MODEL,0.5468098363497148
2025,20250330,20250330SKWO0,0.0,2025_HOLDOUT,V10_COMBINED_MODEL,0.4416999331688499
2025,20250330,20250330SSOB0,0.0,2025_HOLDOUT,V10_COMBINED_MODEL,0.405202674323239
2025,20250402,20250402LGKT0,1.0,2025_HOLDOUT,V10_COMBINED_MODEL,0.3985670966666291
2025,20250402,20250402LTHH0,0.0,2025_HOLDOUT,V10_COMBINED_MODEL,0.5142988026240933
2025,20250402,20250402SSHT0,0.0,2025_HOLDOUT,V10_COMBINED_MODEL,0.41981508999882444
2025,20250402,20250402WOOB0,1.0,2025_HOLDOUT,V10_COMBINED_MODEL,0.39036838742472857
2025,20250403,20250403LGKT0,0.0,2025_HOLDOUT,V10_COMBINED_MODEL,0.45011935788684654
2025,20250403,20250403LTHH0,0.0,2025_HOLDOUT,V10_COMBINED_MODEL,0.5670576178357635
2025,20250403,20250403SSHT0,1.0,2025_HOLDOUT,V10_COMBINED_MODEL,0.37106537400444856
2025,20250403,20250403WOOB0,1.0,2025_HOLDOUT,V10_COMBINED_MODEL,0.49214897031707766
2025,20250404,20250404HHSS0,1.0,2025_HOLDOUT,V10_COMBINED_MODEL,0.5483751730910081
2025,20250404,20250404HTLG0,1.0,2025_HOLDOUT,V10_COMBINED_MODEL,0.5379027310194502
2025,20250404,20250404KTSK0,1.0,2025_HOLDOUT,V10_COMBINED_MODEL,0.46126814099104535
2025,20250404,20250404NCWO0,1.0,2025_HOLDOUT,V10_COMBINED_MODEL,0.46331840164933524
2025,20250404,20250404OBLT0,0.0,2025_HOLDOUT,V10_COMBINED_MODEL,0.5215527552272091
2025,20250405,20250405HHSS0,0.0,2025_HOLDOUT,V10_COMBINED_MODEL,0.4204532226826683
2025,20250405,20250405NCWO0,0.0,2025_HOLDOUT,V10_COMBINED_MODEL,0.47331546683358566
2025,20250405,20250405OBLT0,1.0,2025_HOLDOUT,V10_COMBINED_MODEL,0.5405135324852499
2025,20250406,20250406HHSS0,1.0,2025_HOLDOUT,V10_COMBINED_MODEL,0.5839711459712473
2025,20250406,20250406HTLG0,1.0,2025_HOLDOUT,V10_COMBINED_MODEL,0.5750827524351303
2025,20250406,20250406KTSK0,1.0,2025_HOLDOUT,V10_COMBINED_MODEL,0.5204903748608704
2025,20250406,20250406NCWO0,0.0,2025_HOLDOUT,V10_COMBINED_MODEL,0.4437867838937436
2025,20250406,20250406OBLT0,0.0,2025_HOLDOUT,V10_COMBINED_MODEL,0.633360606027143
2025,20250408,20250408HHOB0,1.0,2025_HOLDOUT,V10_COMBINED_MODEL,0.4760419117480791
2025,20250408,20250408HTLT0,0.0,2025_HOLDOUT,V10_COMBINED_MODEL,0.49932982153545985
2025,20250408,20250408LGWO0,0.0,2025_HOLDOUT,V10_COMBINED_MODEL,0.35931010681490116
2025,20250408,20250408NCKT0,1.0,2025_HOLDOUT,V10_COMBINED_MODEL,0.6482084493679694
2025,20250408,20250408SKSS0,1.0,2025_HOLDOUT,V10_COMBINED_MODEL,0.5327978486383143
2025,20250409,20250409HHOB0,0.0,2025_HOLDOUT,V10_COMBINED_MODEL,0.5029962582115144
2025,20250409,20250409HTLT0,0.0,2025_HOLDOUT,V10_COMBINED_MODEL,0.376612726448729
2025,20250409,20250409LGWO0,1.0,2025_HOLDOUT,V10_COMBINED_MODEL,0.43982381531083226
2025,20250409,20250409NCKT0,1.0,2025_HOLDOUT,V10_COMBINED_MODEL,0.554832776539207
2025,20250409,20250409SKSS0,0.0,2025_HOLDOUT,V10_COMBINED_MODEL,0.6139332663268132
2025,20250410,20250410HHOB0,0.0,2025_HOLDOUT,V10_COMBINED_MODEL,0.514902123584704
2025,20250410,20250410HTLT0,1.0,2025_HOLDOUT,V10_COMBINED_MODEL,0.5798800860925228
2025,20250410,20250410LGWO0,0.0,2025_HOLDOUT,V10_COMBINED_MODEL,0.3924506680028865
2025,20250410,20250410NCKT0,0.0,2025_HOLDOUT,V10_COMBINED_MODEL,0.4626328481137723
2025,20250410,20250410SKSS0,1.0,2025_HOLDOUT,V10_COMBINED_MODEL,0.5458674335115009
2025,20250411,20250411LTNC0,0.0,2025_HOLDOUT,V10_COMBINED_MODEL,0.47826903848615826
2025,20250411,20250411OBLG0,1.0,2025_HOLDOUT,V10_COMBINED_MODEL,0.5903160226839987
2025,20250411,20250411SKHT0,0.0,2025_HOLDOUT,V10_COMBINED_MODEL,0.5772826525766831
2025,20250411,20250411SSKT0,1.0,2025_HOLDOUT,V10_COMBINED_MODEL,0.5470195077923712
2025,20250411,20250411WOHH0,1.0,2025_HOLDOUT,V10_COMBINED_MODEL,0.6145672504728797
2025,20250412,20250412LTNC0,0.0,2025_HOLDOUT,V10_COMBINED_MODEL,0.5301846907295998
2025,20250412,20250412OBLG0,1.0,2025_HOLDOUT,V10_COMBINED_MODEL,0.6856155718714679
2025,20250412,20250412WOHH0,0.0,2025_HOLDOUT,V10_COMBINED_MODEL,0.5356229107476435
2025,20250413,20250413LTNC0,1.0,2025_HOLDOUT,V10_COMBINED_MODEL,0.5247628519048853
2025,20250413,20250413OBLG0,0.0,2025_HOLDOUT,V10_COMBINED_MODEL,0.6334187035549574
2025,20250413,20250413SKHT0,1.0,2025_HOLDOUT,V10_COMBINED_MODEL,0.4933921698482178
2025,20250413,20250413SSKT0,1.0,2025_HOLDOUT,V10_COMBINED_MODEL,0.44673327485802206
2025,20250413,20250413WOHH0,1.0,2025_HOLDOUT,V10_COMBINED_MODEL,0.6019333101667689
2025,20250415,20250415HHSK0,0.0,2025_HOLDOUT,V10_COMBINED_MODEL,0.45260921884468475
2025,20250415,20250415KTHT0,1.0,2025_HOLDOUT,V10_COMBINED_MODEL,0.4829356025484833
2025,20250415,20250415SSLG0,1.0,2025_HOLDOUT,V10_COMBINED_MODEL,0.4305689851439181
2025,20250415,20250415WOLT0,1.0,2025_HOLDOUT,V10_COMBINED_MODEL,0.4533174990659422
2025,20250416,20250416HHSK0,0.0,2025_HOLDOUT,V10_COMBINED_MODEL,0.45612175216462175
2025,20250416,20250416KTHT0,0.0,2025_HOLDOUT,V10_COMBINED_MODEL,0.48932906417439276
2025,20250416,20250416SSLG0,1.0,2025_HOLDOUT,V10_COMBINED_MODEL,0.6160525325741646
2025,20250416,20250416WOLT0,1.0,2025_HOLDOUT,V10_COMBINED_MODEL,0.5443724469789293
2025,20250417,20250417HHSK0,0.0,2025_HOLDOUT,V10_COMBINED_MODEL,0.45738568400546487
2025,20250417,20250417KTHT0,1.0,2025_HOLDOUT,V10_COMBINED_MODEL,0.4417209544731146
2025,20250417,20250417SSLG0,0.0,2025_HOLDOUT,V10_COMBINED_MODEL,0.5068137406649511
2025,20250417,20250417WOLT0,1.0,2025_HOLDOUT,V10_COMBINED_MODEL,0.5981097827432269
2025,20250418,20250418HTOB0,1.0,2025_HOLDOUT,V10_COMBINED_MODEL,0.5705127486276877
2025,20250418,20250418KTWO0,1.0,2025_HOLDOUT,V10_COMBINED_MODEL,0.3307284737841924
2025,20250418,20250418LGSK0,0.0,2025_HOLDOUT,V10_COMBINED_MODEL,0.2822864935765026
2025,20250418,20250418LTSS0,0.0,2025_HOLDOUT,V10_COMBINED_MODEL,0.46294889254221894
2025,20250418,20250418NCHH0,1.0,2025_HOLDOUT,V10_COMBINED_MODEL,0.46225247808930164
2025,20250419,20250419HTOB0,0.0,2025_HOLDOUT,V10_COMBINED_MODEL,0.4366020075592265
2025,20250419,20250419KTWO0,0.0,2025_HOLDOUT,V10_COMBINED_MODEL,0.41941153808799714
2025,20250419,20250419LGSK0,0.0,2025_HOLDOUT,V10_COMBINED_MODEL,0.3561033066518148
2025,20250419,20250419LTSS0,1.0,2025_HOLDOUT,V10_COMBINED_MODEL,0.3707389931722376
2025,20250419,20250419NCHH0,1.0,2025_HOLDOUT,V10_COMBINED_MODEL,0.517725440132198
2025,20250420,20250420HTOB0,0.0,2025_HOLDOUT,V10_COMBINED_MODEL,0.41679572937697235
2025,20250420,20250420KTWO0,0.0,2025_HOLDOUT,V10_COMBINED_MODEL,0.4409004293778036
2025,20250420,20250420LGSK0,1.0,2025_HOLDOUT,V10_COMBINED_MODEL,0.5134599178615088
2025,20250420,20250420LTSS0,0.0,2025_HOLDOUT,V10_COMBINED_MODEL,0.5923260569677261
2025,20250420,20250420NCHH0,1.0,2025_HOLDOUT,V10_COMBINED_MODEL,0.6452814876880295
2025,20250422,20250422NCLG0,0.0,2025_HOLDOUT,V10_COMBINED_MODEL,0.6246672747255703
2025,20250422,20250422OBWO0,1.0,2025_HOLDOUT,V10_COMBINED_MODEL,0.5578148199300365
2025,20250422,20250422SKKT0,1.0,2025_HOLDOUT,V10_COMBINED_MODEL,0.504358967425089
2025,20250423,20250423HHLT0,0.0,2025_HOLDOUT,V10_COMBINED_MODEL,0.5458370419447394
2025,20250423,20250423HTSS0,1.0,2025_HOLDOUT,V10_COMBINED_MODEL,0.5045039714168595
2025,20250423,20250423NCLG0,1.0,2025_HOLDOUT,V10_COMBINED_MODEL,0.5291407516188532
2025,20250423,20250423OBWO0,0.0,2025_HOLDOUT,V10_COMBINED_MODEL,0.5448831365458092
2025,20250423,20250423SKKT0,0.0,2025_HOLDOUT,V10_COMBINED_MODEL,0.5404026297558306
2025,20250424,20250424HHLT0,1.0,2025_HOLDOUT,V10_COMBINED_MODEL,0.532444954686965
2025,20250424,20250424HTSS0,1.0,2025_HOLDOUT,V10_COMBINED_MODEL,0.6545126713719623
2025,20250424,20250424NCLG0,0.0,2025_HOLDOUT,V10_COMBINED_MODEL,0.608848824894904
2025,20250424,20250424OBWO0,0.0,2025_HOLDOUT,V10_COMBINED_MODEL,0.405597208097788
2025,20250424,20250424SKKT0,0.0,2025_HOLDOUT,V10_COMBINED_MODEL,0.36208400528286533
2025,20250425,20250425KTHH0,0.0,2025_HOLDOUT,V10_COMBINED_MODEL,0.44782597666403695
2025,20250425,20250425LGHT0,0.0,2025_HOLDOUT,V10_COMBINED_MODEL,0.4650311121215567
2025,20250425,20250425LTOB0,0.0,2025_HOLDOUT,V10_COMBINED_MODEL,0.4108326219669426
2025,20250425,20250425NCSS0,1.0,2025_HOLDOUT,V10_COMBINED_MODEL,0.5735930594256535
2025,20250425,20250425WOSK0,1.0,2025_HOLDOUT,V10_COMBINED_MODEL,0.542030567262142
2025,20250426,20250426KTHH0,1.0,2025_HOLDOUT,V10_COMBINED_MODEL,0.42093528837856126
2025,20250426,20250426LGHT0,1.0,2025_HOLDOUT,V10_COMBINED_MODEL,0.6403092521429276
2025,20250426,20250426LTOB0,0.0,2025_HOLDOUT,V10_COMBINED_MODEL,0.5019262724129412
2025,20250426,20250426NCSS0,1.0,2025_HOLDOUT,V10_COMBINED_MODEL,0.6692216640531272
2025,20250426,20250426WOSK0,0.0,2025_HOLDOUT,V10_COMBINED_MODEL,0.48268094696334635
2025,20250427,20250427KTHH0,1.0,2025_HOLDOUT,V10_COMBINED_MODEL,0.5964192601133628
2025,20250427,20250427LGHT0,1.0,2025_HOLDOUT,V10_COMBINED_MODEL,0.467355829175366
2025,20250427,20250427LTOB0,1.0,2025_HOLDOUT,V10_COMBINED_MODEL,0.4572266738838137
2025,20250427,20250427NCSS0,1.0,2025_HOLDOUT,V10_COMBINED_MODEL,0.5311592658185645
2025,20250427,20250427WOSK0,0.0,2025_HOLDOUT,V10_COMBINED_MODEL,0.4769808238811674
2025,20250429,20250429KTOB0,0.0,2025_HOLDOUT,V10_COMBINED_MODEL,0.47832313521239167
2025,20250429,20250429LGHH0,1.0,2025_HOLDOUT,V10_COMBINED_MODEL,0.48958773572934755
2025,20250429,20250429LTWO0,0.0,2025_HOLDOUT,V10_COMBINED_MODEL,0.3699478885661351
2025,20250429,20250429NCHT0,1.0,2025_HOLDOUT,V10_COMBINED_MODEL,0.4866812285195991
2025,20250429,20250429SSSK0,0.0,2025_HOLDOUT,V10_COMBINED_MODEL,0.43494405790388857
2025,20250430,20250430KTOB0,0.0,2025_HOLDOUT,V10_COMBINED_MODEL,0.4960959015428191
2025,20250430,20250430LGHH0,1.0,2025_HOLDOUT,V10_COMBINED_MODEL,0.45899751385114607
2025,20250430,20250430LTWO0,0.0,2025_HOLDOUT,V10_COMBINED_MODEL,0.291448151083767
2025,20250430,20250430NCHT0,0.0,2025_HOLDOUT,V10_COMBINED_MODEL,0.45544569179388905
2025,20250501,20250501LTWO0,0.0,2025_HOLDOUT,V10_COMBINED_MODEL,0.3570119786049961
2025,20250501,20250501SSSK0,1.0,2025_HOLDOUT,V10_COMBINED_MODEL,0.46965829923698554
2025,20250502,20250502HHHT0,0.0,2025_HOLDOUT,V10_COMBINED_MODEL,0.5742418853583647
2025,20250502,20250502NCLT0,1.0,2025_HOLDOUT,V10_COMBINED_MODEL,0.537257687167855
2025,20250502,20250502OBSS0,1.0,2025_HOLDOUT,V10_COMBINED_MODEL,0.5676510610407697
2025,20250502,20250502SKLG0,0.0,2025_HOLDOUT,V10_COMBINED_MODEL,0.5283013976359074
2025,20250502,20250502WOKT0,0.0,2025_HOLDOUT,V10_COMBINED_MODEL,0.5354578510888225
2025,20250503,20250503NCLT0,0.0,2025_HOLDOUT,V10_COMBINED_MODEL,0.5119929769277022
2025,20250503,20250503OBSS0,0.0,2025_HOLDOUT,V10_COMBINED_MODEL,0.5830393856534883
2025,20250503,20250503SKLG0,1.0,2025_HOLDOUT,V10_COMBINED_MODEL,0.6100556696079235
2025,20250503,20250503WOKT0,1.0,2025_HOLDOUT,V10_COMBINED_MODEL,0.4851174096988007
2025,20250504,20250504HHHT0,0.0,2025_HOLDOUT,V10_COMBINED_MODEL,0.48928800172818115
2025,20250504,20250504NCLT0,0.0,2025_HOLDOUT,V10_COMBINED_MODEL,0.6409707268637685
2025,20250504,20250504OBSS0,0.0,2025_HOLDOUT,V10_COMBINED_MODEL,0.4883369228883852
2025,20250504,20250504SKLG0,1.0,2025_HOLDOUT,V10_COMBINED_MODEL,0.6182303837195137
2025,20250504,20250504WOKT0,1.0,2025_HOLDOUT,V10_COMBINED_MODEL,0.6310625730729756
2025,20250505,20250505HTWO0,0.0,2025_HOLDOUT,V10_COMBINED_MODEL,0.42265461889546696
2025,20250505,20250505LGOB0,1.0,2025_HOLDOUT,V10_COMBINED_MODEL,0.48719614616971124
2025,20250505,20250505NCKT0,0.0,2025_HOLDOUT,V10_COMBINED_MODEL,0.4370505445618313
2025,20250505,20250505SKLT0,0.0,2025_HOLDOUT,V10_COMBINED_MODEL,0.4804419459789443
2025,20250505,20250505SSHH0,1.0,2025_HOLDOUT,V10_COMBINED_MODEL,0.5261247653369464
2025,20250506,20250506HTWO0,0.0,2025_HOLDOUT,V10_COMBINED_MODEL,0.3655187083805242
2025,20250506,20250506LGOB0,0.0,2025_HOLDOUT,V10_COMBINED_MODEL,0.370451973441462
2025,20250506,20250506NCKT0,0.0,2025_HOLDOUT,V10_COMBINED_MODEL,0.5331977170405491
2025,20250506,20250506SKLT0,1.0,2025_HOLDOUT,V10_COMBINED_MODEL,0.5768456232995952
2025,20250506,20250506SSHH0,1.0,2025_HOLDOUT,V10_COMBINED_MODEL,0.517226460592995
2025,20250507,20250507HTWO0,1.0,2025_HOLDOUT,V10_COMBINED_MODEL,0.5476960493436182
2025,20250507,20250507LGOB0,1.0,2025_HOLDOUT,V10_COMBINED_MODEL,0.6746284773514171
2025,20250507,20250507NCKT0,0.0,2025_HOLDOUT,V10_COMBINED_MODEL,0.6967652650845134
2025,20250507,20250507SKLT0,1.0,2025_HOLDOUT,V10_COMBINED_MODEL,0.6120287203627649
2025,20250507,20250507SSHH0,1.0,2025_HOLDOUT,V10_COMBINED_MODEL,0.6209412568032702
2025,20250509,20250509HHWO0,0.0,2025_HOLDOUT,V10_COMBINED_MODEL,0.49016033123392694
2025,20250510,20250510HHWO0,0.0,2025_HOLDOUT,V10_COMBINED_MODEL,0.2851727064823594
2025,20250510,20250510HTSK0,0.0,2025_HOLDOUT,V10_COMBINED_MODEL,0.44524594354315833
2025,20250510,20250510LGSS1,0.0,2025_HOLDOUT,V10_COMBINED_MODEL,0.5626954066345663
2025,20250510,20250510LGSS2,0.0,2025_HOLDOUT,V10_COMBINED_MODEL,0.41687699557466984
2025,20250510,20250510LTKT0,0.0,2025_HOLDOUT,V10_COMBINED_MODEL,0.5984931725688633
2025,20250511,20250511HHWO0,0.0,2025_HOLDOUT,V10_COMBINED_MODEL,0.36480575122942127
2025,20250511,20250511HTSK1,1.0,2025_HOLDOUT,V10_COMBINED_MODEL,0.41230979836730103
2025,20250511,20250511HTSK2,1.0,2025_HOLDOUT,V10_COMBINED_MODEL,0.41456045408377096
2025,20250511,20250511LGSS0,0.0,2025_HOLDOUT,V10_COMBINED_MODEL,0.5121231772162336
2025,20250511,20250511LTKT1,0.0,2025_HOLDOUT,V10_COMBINED_MODEL,0.4256158394599305
2025,20250511,20250511NCOB1,0.0,2025_HOLDOUT,V10_COMBINED_MODEL,0.5171097323850677
2025,20250511,20250511NCOB2,0.0,2025_HOLDOUT,V10_COMBINED_MODEL,0.5059790949019664
2025,20250513,20250513KTSS0,1.0,2025_HOLDOUT,V10_COMBINED_MODEL,0.46686994478749494
2025,20250513,20250513LTHT0,1.0,2025_HOLDOUT,V10_COMBINED_MODEL,0.424901966393845
2025,20250513,20250513NCSK0,1.0,2025_HOLDOUT,V10_COMBINED_MODEL,0.4218905330757453
2025,20250513,20250513OBHH0,0.0,2025_HOLDOUT,V10_COMBINED_MODEL,0.630842318370888
2025,20250513,20250513WOLG0,1.0,2025_HOLDOUT,V10_COMBINED_MODEL,0.6998235136681341
2025,20250514,20250514KTSS0,0.0,2025_HOLDOUT,V10_COMBINED_MODEL,0.5439693377684066
2025,20250514,20250514LTHT0,0.0,2025_HOLDOUT,V10_COMBINED_MODEL,0.42099968288271405
2025,20250514,20250514NCSK0,0.0,2025_HOLDOUT,V10_COMBINED_MODEL,0.5617252933843028
2025,20250514,20250514OBHH0,0.0,2025_HOLDOUT,V10_COMBINED_MODEL,0.5213232390891956
2025,20250514,20250514WOLG0,1.0,2025_HOLDOUT,V10_COMBINED_MODEL,0.5212769631148948
2025,20250515,20250515KTSS0,1.0,2025_HOLDOUT,V10_COMBINED_MODEL,0.5107000732710666
2025,20250515,20250515LTHT0,1.0,2025_HOLDOUT,V10_COMBINED_MODEL,0.5604294947213845
2025,20250515,20250515NCSK0,1.0,2025_HOLDOUT,V10_COMBINED_MODEL,0.5008572837518512
2025,20250515,20250515OBHH0,0.0,2025_HOLDOUT,V10_COMBINED_MODEL,0.527791420741092
2025,20250515,20250515WOLG0,1.0,2025_HOLDOUT,V10_COMBINED_MODEL,0.5538490054410091
2025,20250517,20250517KTLG1,0.0,2025_HOLDOUT,V10_COMBINED_MODEL,0.5559112439339282
2025,20250517,20250517KTLG2,0.0,2025_HOLDOUT,V10_COMBINED_MODEL,0.49495649767618993
2025,20250517,20250517OBHT1,1.0,2025_HOLDOUT,V10_COMBINED_MODEL,0.5362192131611709
2025,20250517,20250517OBHT2,1.0,2025_HOLDOUT,V10_COMBINED_MODEL,0.5647007462314201
2025,20250517,20250517SKHH1,1.0,2025_HOLDOUT,V10_COMBINED_MODEL,0.5935537620441786
2025,20250517,20250517SKHH2,0.0,2025_HOLDOUT,V10_COMBINED_MODEL,0.5521991362989129
2025,20250517,20250517SSLT1,1.0,2025_HOLDOUT,V10_COMBINED_MODEL,0.5483164092561699
2025,20250517,20250517SSLT2,1.0,2025_HOLDOUT,V10_COMBINED_MODEL,0.3972624157452708
2025,20250517,20250517WONC1,1.0,2025_HOLDOUT,V10_COMBINED_MODEL,0.6285879851953956
2025,20250517,20250517WONC2,0.0,2025_HOLDOUT,V10_COMBINED_MODEL,0.5101847739000053
2025,20250518,20250518KTLG0,1.0,2025_HOLDOUT,V10_COMBINED_MODEL,0.540123104976337
2025,20250518,20250518OBHT0,1.0,2025_HOLDOUT,V10_COMBINED_MODEL,0.506621288555433
2025,20250518,20250518SKHH0,0.0,2025_HOLDOUT,V10_COMBINED_MODEL,0.6052343293969391
2025,20250518,20250518SSLT0,1.0,2025_HOLDOUT,V10_COMBINED_MODEL,0.6005534093588479
2025,20250518,20250518WONC0,1.0,2025_HOLDOUT,V10_COMBINED_MODEL,0.656977621408164
2025,20250520,20250520HHNC0,0.0,2025_HOLDOUT,V10_COMBINED_MODEL,0.348694986056239
2025,20250520,20250520HTKT0,1.0,2025_HOLDOUT,V10_COMBINED_MODEL,0.489134128123731
2025,20250520,20250520LGLT0,0.0,2025_HOLDOUT,V10_COMBINED_MODEL,0.3265879386281577
2025,20250520,20250520SKOB0,0.0,2025_HOLDOUT,V10_COMBINED_MODEL,0.5841021463064805
2025,20250520,20250520SSWO0,0.0,2025_HOLDOUT,V10_COMBINED_MODEL,0.3999609275152988
2025,20250521,20250521HHNC0,1.0,2025_HOLDOUT,V10_COMBINED_MODEL,0.5869341075426341
2025,20250521,20250521HTKT0,1.0,2025_HOLDOUT,V10_COMBINED_MODEL,0.5015530914105607
2025,20250521,20250521SKOB0,0.0,2025_HOLDOUT,V10_COMBINED_MODEL,0.45673040181584307
2025,20250521,20250521SSWO0,0.0,2025_HOLDOUT,V10_COMBINED_MODEL,0.3800619927634266
2025,20250522,20250522HHNC0,1.0,2025_HOLDOUT,V10_COMBINED_MODEL,0.3278202091906592
2025,20250522,20250522HTKT0,0.0,2025_HOLDOUT,V10_COMBINED_MODEL,0.4804148968310621
2025,20250522,20250522LGLT0,1.0,2025_HOLDOUT,V10_COMBINED_MODEL,0.44507510510240467
2025,20250522,20250522SKOB0,1.0,2025_HOLDOUT,V10_COMBINED_MODEL,0.42395608241830357
2025,20250522,20250522SSWO0,0.0,2025_HOLDOUT,V10_COMBINED_MODEL,0.37407881902126794
2025,20250523,20250523HTSS0,0.0,2025_HOLDOUT,V10_COMBINED_MODEL,0.415312615896583
2025,20250523,20250523KTWO0,0.0,2025_HOLDOUT,V10_COMBINED_MODEL,0.42070804392212763
2025,20250523,20250523LGSK0,0.0,2025_HOLDOUT,V10_COMBINED_MODEL,0.48363259051392454
2025,20250523,20250523LTHH0,1.0,2025_HOLDOUT,V10_COMBINED_MODEL,0.45824633557594147
2025,20250524,20250524HTSS0,1.0,2025_HOLDOUT,V10_COMBINED_MODEL,0.4762733995504216
2025,20250524,20250524KTWO0,0.0,2025_HOLDOUT,V10_COMBINED_MODEL,0.3173420071507188
2025,20250524,20250524LGSK0,1.0,2025_HOLDOUT,V10_COMBINED_MODEL,0.39710848800837756
2025,20250524,20250524LTHH0,0.0,2025_HOLDOUT,V10_COMBINED_MODEL,0.46110948494558496
2025,20250524,20250524NCOB0,0.0,2025_HOLDOUT,V10_COMBINED_MODEL,0.4102717339903092
2025,20250525,20250525HTSS0,1.0,2025_HOLDOUT,V10_COMBINED_MODEL,0.6313469623221452
2025,20250525,20250525KTWO0,0.0,2025_HOLDOUT,V10_COMBINED_MODEL,0.3049862913085687
2025,20250525,20250525LGSK0,0.0,2025_HOLDOUT,V10_COMBINED_MODEL,0.3800590054909382
2025,20250525,20250525LTHH0,1.0,2025_HOLDOUT,V10_COMBINED_MODEL,0.4852110296276016
2025,20250525,20250525NCOB0,1.0,2025_HOLDOUT,V10_COMBINED_MODEL,0.5376684970115102
2025,20250527,20250527HHLG0,1.0,2025_HOLDOUT,V10_COMBINED_MODEL,0.639685422747867
2025,20250527,20250527LTSS0,1.0,2025_HOLDOUT,V10_COMBINED_MODEL,0.5676145868353635
2025,20250527,20250527OBKT0,1.0,2025_HOLDOUT,V10_COMBINED_MODEL,0.630072359719675
2025,20250527,20250527WOHT0,1.0,2025_HOLDOUT,V10_COMBINED_MODEL,0.5222206963831244
2025,20250528,20250528HHLG0,0.0,2025_HOLDOUT,V10_COMBINED_MODEL,0.36908554487580797
2025,20250528,20250528NCSK0,1.0,2025_HOLDOUT,V10_COMBINED_MODEL,0.5835188755132044
2025,20250528,20250528OBKT0,0.0,2025_HOLDOUT,V10_COMBINED_MODEL,0.5548808542844499
2025,20250528,20250528WOHT0,1.0,2025_HOLDOUT,V10_COMBINED_MODEL,0.573162136789109
2025,20250529,20250529HHLG0,1.0,2025_HOLDOUT,V10_COMBINED_MODEL,0.4722289911679438
2025,20250529,20250529LTSS0,1.0,2025_HOLDOUT,V10_COMBINED_MODEL,0.4146493829897978
2025,20250529,20250529NCSK0,1.0,2025_HOLDOUT,V10_COMBINED_MODEL,0.3818042956292025
2025,20250529,20250529OBKT0,1.0,2025_HOLDOUT,V10_COMBINED_MODEL,0.5212564052785829
2025,20250530,20250530HHNC0,0.0,2025_HOLDOUT,V10_COMBINED_MODEL,0.4920728151222864
2025,20250530,20250530HTKT0,1.0,2025_HOLDOUT,V10_COMBINED_MODEL,0.5380901488392523
2025,20250530,20250530OBWO0,0.0,2025_HOLDOUT,V10_COMBINED_MODEL,0.41050257679688235
2025,20250530,20250530SKLT0,1.0,2025_HOLDOUT,V10_COMBINED_MODEL,0.5787263945223948
2025,20250530,20250530SSLG0,0.0,2025_HOLDOUT,V10_COMBINED_MODEL,0.5378633566601844
2025,20250531,20250531HHNC0,0.0,2025_HOLDOUT,V10_COMBINED_MODEL,0.4631267673270644
2025,20250531,20250531HTKT0,1.0,2025_HOLDOUT,V10_COMBINED_MODEL,0.6435896938967495
2025,20250531,20250531OBWO0,1.0,2025_HOLDOUT,V10_COMBINED_MODEL,0.4567746361483608
2025,20250531,20250531SKLT0,0.0,2025_HOLDOUT,V10_COMBINED_MODEL,0.5562823416829221
2025,20250531,20250531SSLG0,0.0,2025_HOLDOUT,V10_COMBINED_MODEL,0.48734586887227704
2025,20250601,20250601HHNC0,1.0,2025_HOLDOUT,V10_COMBINED_MODEL,0.5582209704975462
2025,20250601,20250601HTKT0,0.0,2025_HOLDOUT,V10_COMBINED_MODEL,0.36617174335690594
2025,20250601,20250601OBWO0,1.0,2025_HOLDOUT,V10_COMBINED_MODEL,0.5071953434242528
2025,20250601,20250601SKLT0,0.0,2025_HOLDOUT,V10_COMBINED_MODEL,0.394334356034537
2025,20250601,20250601SSLG0,0.0,2025_HOLDOUT,V10_COMBINED_MODEL,0.5415250529246473
2025,20250603,20250603HTOB0,0.0,2025_HOLDOUT,V10_COMBINED_MODEL,0.46015129196365256
2025,20250603,20250603KTHH0,1.0,2025_HOLDOUT,V10_COMBINED_MODEL,0.5849099401864477
2025,20250603,20250603LGNC0,0.0,2025_HOLDOUT,V10_COMBINED_MODEL,0.33041689781984745
2025,20250603,20250603SSSK0,1.0,2025_HOLDOUT,V10_COMBINED_MODEL,0.3968614451327421
2025,20250603,20250603WOLT0,1.0,2025_HOLDOUT,V10_COMBINED_MODEL,0.5870884309577671
2025,20250604,20250604HTOB0,0.0,2025_HOLDOUT,V10_COMBINED_MODEL,0.36185785616227595
2025,20250604,20250604KTHH0,1.0,2025_HOLDOUT,V10_COMBINED_MODEL,0.5477831761428801
2025,20250604,20250604LGNC0,1.0,2025_HOLDOUT,V10_COMBINED_MODEL,0.4592475382831228
2025,20250604,20250604SSSK0,1.0,2025_HOLDOUT,V10_COMBINED_MODEL,0.424358300397412
2025,20250604,20250604WOLT0,0.0,2025_HOLDOUT,V10_COMBINED_MODEL,0.6538275247679394
2025,20250605,20250605HTOB0,1.0,2025_HOLDOUT,V10_COMBINED_MODEL,0.42129141435764655
2025,20250605,20250605KTHH0,0.0,2025_HOLDOUT,V10_COMBINED_MODEL,0.535161556675874
2025,20250605,20250605LGNC0,0.0,2025_HOLDOUT,V10_COMBINED_MODEL,0.5383924468360777
2025,20250605,20250605SSSK0,0.0,2025_HOLDOUT,V10_COMBINED_MODEL,0.5512819459776835
2025,20250605,20250605WOLT0,0.0,2025_HOLDOUT,V10_COMBINED_MODEL,0.5863624327206521
2025,20250606,20250606HHHT0,1.0,2025_HOLDOUT,V10_COMBINED_MODEL,0.47755931671555923
2025,20250606,20250606LGWO0,1.0,2025_HOLDOUT,V10_COMBINED_MODEL,0.4146590392985656
2025,20250606,20250606LTOB0,1.0,2025_HOLDOUT,V10_COMBINED_MODEL,0.523443246727458
2025,20250606,20250606NCSS0,1.0,2025_HOLDOUT,V10_COMBINED_MODEL,0.593265598876918
2025,20250606,20250606SKKT0,1.0,2025_HOLDOUT,V10_COMBINED_MODEL,0.5654505658220735
2025,20250607,20250607HHHT0,0.0,2025_HOLDOUT,V10_COMBINED_MODEL,0.5963085098800643
2025,20250607,20250607LGWO0,1.0,2025_HOLDOUT,V10_COMBINED_MODEL,0.3516007619390007
2025,20250607,20250607LTOB0,0.0,2025_HOLDOUT,V10_COMBINED_MODEL,0.5351224076795319
2025,20250607,20250607NCSS0,0.0,2025_HOLDOUT,V10_COMBINED_MODEL,0.5292596854249185
2025,20250607,20250607SKKT0,1.0,2025_HOLDOUT,V10_COMBINED_MODEL,0.5212868818360942
2025,20250608,20250608HHHT0,1.0,2025_HOLDOUT,V10_COMBINED_MODEL,0.4329634041875757
2025,20250608,20250608LGWO0,0.0,2025_HOLDOUT,V10_COMBINED_MODEL,0.38358079153350083
2025,20250608,20250608LTOB0,0.0,2025_HOLDOUT,V10_COMBINED_MODEL,0.44313084475707243
2025,20250608,20250608NCSS0,1.0,2025_HOLDOUT,V10_COMBINED_MODEL,0.7499518928928173
2025,20250608,20250608SKKT0,0.0,2025_HOLDOUT,V10_COMBINED_MODEL,0.5600017217167342
2025,20250610,20250610LTKT0,1.0,2025_HOLDOUT,V10_COMBINED_MODEL,0.4455779211657788
2025,20250610,20250610OBHH0,1.0,2025_HOLDOUT,V10_COMBINED_MODEL,0.5577147402000091
2025,20250610,20250610SKLG0,0.0,2025_HOLDOUT,V10_COMBINED_MODEL,0.6080885944245257
2025,20250610,20250610SSHT0,0.0,2025_HOLDOUT,V10_COMBINED_MODEL,0.6023847760778566
2025,20250611,20250611LTKT0,0.0,2025_HOLDOUT,V10_COMBINED_MODEL,0.5420552408590056
2025,20250611,20250611NCWO0,0.0,2025_HOLDOUT,V10_COMBINED_MODEL,0.4307987901099297
2025,20250611,20250611OBHH0,1.0,2025_HOLDOUT,V10_COMBINED_MODEL,0.477756601409995
2025,20250611,20250611SKLG0,1.0,2025_HOLDOUT,V10_COMBINED_MODEL,0.4981820980054876
2025,20250611,20250611SSHT0,1.0,2025_HOLDOUT,V10_COMBINED_MODEL,0.5907657077616739
2025,20250612,20250612LTKT0,0.0,2025_HOLDOUT,V10_COMBINED_MODEL,0.6141678474686844
2025,20250612,20250612NCWO0,0.0,2025_HOLDOUT,V10_COMBINED_MODEL,0.4560350057957454
2025,20250612,20250612OBHH0,1.0,2025_HOLDOUT,V10_COMBINED_MODEL,0.4241022521471975
2025,20250612,20250612SKLG0,1.0,2025_HOLDOUT,V10_COMBINED_MODEL,0.6208435274675044
2025,20250612,20250612SSHT0,0.0,2025_HOLDOUT,V10_COMBINED_MODEL,0.4379943801828151
2025,20250613,20250613HTNC0,1.0,2025_HOLDOUT,V10_COMBINED_MODEL,0.45339271378398194
2025,20250614,20250614HTNC0,0.0,2025_HOLDOUT,V10_COMBINED_MODEL,0.33411605223716634
2025,20250614,20250614KTSS0,0.0,2025_HOLDOUT,V10_COMBINED_MODEL,0.609343684177457
2025,20250614,20250614LTSK0,0.0,2025_HOLDOUT,V10_COMBINED_MODEL,0.44932294633922676
2025,20250614,20250614WOOB0,1.0,2025_HOLDOUT,V10_COMBINED_MODEL,0.49660582131974107
2025,20250615,20250615HTNC0,0.0,2025_HOLDOUT,V10_COMBINED_MODEL,0.4829612615629986
2025,20250615,20250615KTSS0,0.0,2025_HOLDOUT,V10_COMBINED_MODEL,0.42406210957901463
2025,20250615,20250615LGHH0,1.0,2025_HOLDOUT,V10_COMBINED_MODEL,0.45562618325148585
2025,20250615,20250615LTSK0,1.0,2025_HOLDOUT,V10_COMBINED_MODEL,0.6048140172305644
2025,20250615,20250615WOOB0,1.0,2025_HOLDOUT,V10_COMBINED_MODEL,0.5143002709141897
2025,20250617,20250617HHLT0,0.0,2025_HOLDOUT,V10_COMBINED_MODEL,0.4572915546340305
2025,20250617,20250617KTHT0,1.0,2025_HOLDOUT,V10_COMBINED_MODEL,0.41758555639836104
2025,20250617,20250617NCLG0,0.0,2025_HOLDOUT,V10_COMBINED_MODEL,0.4557288118248676
2025,20250617,20250617OBSS0,1.0,2025_HOLDOUT,V10_COMBINED_MODEL,0.5668340779229885
2025,20250617,20250617SKWO0,0.0,2025_HOLDOUT,V10_COMBINED_MODEL,0.4051091406342087
2025,20250618,20250618HHLT0,1.0,2025_HOLDOUT,V10_COMBINED_MODEL,0.43611497531460164
2025,20250618,20250618KTHT0,1.0,2025_HOLDOUT,V10_COMBINED_MODEL,0.3846996992451716
2025,20250618,20250618NCLG0,1.0,2025_HOLDOUT,V10_COMBINED_MODEL,0.6100704545695471
2025,20250618,20250618OBSS0,1.0,2025_HOLDOUT,V10_COMBINED_MODEL,0.5522568316445413
2025,20250618,20250618SKWO0,1.0,2025_HOLDOUT,V10_COMBINED_MODEL,0.5360806654414583
2025,20250619,20250619HHLT0,1.0,2025_HOLDOUT,V10_COMBINED_MODEL,0.527333844706779
2025,20250619,20250619KTHT0,1.0,2025_HOLDOUT,V10_COMBINED_MODEL,0.5771367600373543
2025,20250619,20250619NCLG0,0.0,2025_HOLDOUT,V10_COMBINED_MODEL,0.3364722444381771
2025,20250619,20250619OBSS0,0.0,2025_HOLDOUT,V10_COMBINED_MODEL,0.39131354482522956
2025,20250619,20250619SKWO0,0.0,2025_HOLDOUT,V10_COMBINED_MODEL,0.48606475439661984
2025,20250620,20250620SSLT0,1.0,2025_HOLDOUT,V10_COMBINED_MODEL,0.6439900069776004
2025,20250621,20250621NCKT0,1.0,2025_HOLDOUT,V10_COMBINED_MODEL,0.5958159734754288
2025,20250621,20250621OBLG0,0.0,2025_HOLDOUT,V10_COMBINED_MODEL,0.5393570431677064
2025,20250622,20250622HTSK0,0.0,2025_HOLDOUT,V10_COMBINED_MODEL,0.4823309898624001
2025,20250622,20250622NCKT0,0.0,2025_HOLDOUT,V10_COMBINED_MODEL,0.44561914350736687
2025,20250622,20250622OBLG0,1.0,2025_HOLDOUT,V10_COMBINED_MODEL,0.5814883180469957
2025,20250622,20250622SSLT0,1.0,2025_HOLDOUT,V10_COMBINED_MODEL,0.46841489513169277
2025,20250622,20250622WOHH0,1.0,2025_HOLDOUT,V10_COMBINED_MODEL,0.6231737296822405
2025,20250624,20250624HTWO0,1.0,2025_HOLDOUT,V10_COMBINED_MODEL,0.45712043586491874
2025,20250624,20250624LGKT0,1.0,2025_HOLDOUT,V10_COMBINED_MODEL,0.4614251773518489
2025,20250624,20250624SKOB0,1.0,2025_HOLDOUT,V10_COMBINED_MODEL,0.4037709422185604
2025,20250625,20250625HHSS0,1.0,2025_HOLDOUT,V10_COMBINED_MODEL,0.49432016863242606
2025,20250625,20250625HTWO0,0.0,2025_HOLDOUT,V10_COMBINED_MODEL,0.4286308477573028
2025,20250625,20250625LTNC0,1.0,2025_HOLDOUT,V10_COMBINED_MODEL,0.5067290751821024
2025,20250626,20250626HHSS0,0.0,2025_HOLDOUT,V10_COMBINED_MODEL,0.4616603644790833
2025,20250626,20250626LGKT0,0.0,2025_HOLDOUT,V10_COMBINED_MODEL,0.4513339736580058
2025,20250626,20250626LTNC0,0.0,2025_HOLDOUT,V10_COMBINED_MODEL,0.3797648570400016
2025,20250626,20250626SKOB0,0.0,2025_HOLDOUT,V10_COMBINED_MODEL,0.5375964683914586
2025,20250627,20250627HHSK0,1.0,2025_HOLDOUT,V10_COMBINED_MODEL,0.4999621050611321
2025,20250627,20250627HTLG0,1.0,2025_HOLDOUT,V10_COMBINED_MODEL,0.5139056112135629
2025,20250627,20250627KTLT0,0.0,2025_HOLDOUT,V10_COMBINED_MODEL,0.3671229326527815
2025,20250627,20250627OBNC0,1.0,2025_HOLDOUT,V10_COMBINED_MODEL,0.5222026355760596
2025,20250627,20250627SSWO0,1.0,2025_HOLDOUT,V10_COMBINED_MODEL,0.41505174664853095
2025,20250628,20250628HHSK0,0.0,2025_HOLDOUT,V10_COMBINED_MODEL,0.47953258503391194
2025,20250628,20250628HTLG0,0.0,2025_HOLDOUT,V10_COMBINED_MODEL,0.5473847628106354
2025,20250628,20250628KTLT0,0.0,2025_HOLDOUT,V10_COMBINED_MODEL,0.4565885263190561
2025,20250628,20250628OBNC0,1.0,2025_HOLDOUT,V10_COMBINED_MODEL,0.518918286819484
2025,20250628,20250628SSWO0,1.0,2025_HOLDOUT,V10_COMBINED_MODEL,0.3997389753179946
2025,20250629,20250629HHSK0,1.0,2025_HOLDOUT,V10_COMBINED_MODEL,0.46053443927141385
2025,20250629,20250629HTLG0,0.0,2025_HOLDOUT,V10_COMBINED_MODEL,0.6036889436201178
2025,20250629,20250629KTLT0,1.0,2025_HOLDOUT,V10_COMBINED_MODEL,0.5607038294071874
2025,20250629,20250629OBNC0,0.0,2025_HOLDOUT,V10_COMBINED_MODEL,0.486934852812585
2025,20250629,20250629SSWO0,1.0,2025_HOLDOUT,V10_COMBINED_MODEL,0.4549053529954535
2025,20250701,20250701LGLT0,0.0,2025_HOLDOUT,V10_COMBINED_MODEL,0.5308698112849999
2025,20250701,20250701NCHH0,1.0,2025_HOLDOUT,V10_COMBINED_MODEL,0.4885632983597979
2025,20250701,20250701SKHT0,1.0,2025_HOLDOUT,V10_COMBINED_MODEL,0.40998766505491785
2025,20250701,20250701SSOB0,0.0,2025_HOLDOUT,V10_COMBINED_MODEL,0.381295093468418
2025,20250701,20250701WOKT0,0.0,2025_HOLDOUT,V10_COMBINED_MODEL,0.607186505598622
2025,20250702,20250702LGLT0,1.0,2025_HOLDOUT,V10_COMBINED_MODEL,0.47186269358816857
2025,20250702,20250702NCHH0,0.0,2025_HOLDOUT,V10_COMBINED_MODEL,0.63682536937438
2025,20250702,20250702SKHT0,0.0,2025_HOLDOUT,V10_COMBINED_MODEL,0.47448260409733006
2025,20250702,20250702SSOB0,1.0,2025_HOLDOUT,V10_COMBINED_MODEL,0.5100132048537529
2025,20250702,20250702WOKT0,1.0,2025_HOLDOUT,V10_COMBINED_MODEL,0.524062757175745
2025,20250703,20250703LGLT0,1.0,2025_HOLDOUT,V10_COMBINED_MODEL,0.36951067647514957
2025,20250703,20250703SKHT0,1.0,2025_HOLDOUT,V10_COMBINED_MODEL,0.5377147290747298
2025,20250703,20250703SSOB0,0.0,2025_HOLDOUT,V10_COMBINED_MODEL,0.504548977151804
2025,20250703,20250703WOKT0,1.0,2025_HOLDOUT,V10_COMBINED_MODEL,0.5945160645771249
2025,20250704,20250704HHWO0,0.0,2025_HOLDOUT,V10_COMBINED_MODEL,0.36472097545466015
2025,20250704,20250704KTOB0,0.0,2025_HOLDOUT,V10_COMBINED_MODEL,0.5170071634487823
2025,20250704,20250704LGSS0,1.0,2025_HOLDOUT,V10_COMBINED_MODEL,0.4075186894948718
2025,20250704,20250704LTHT0,1.0,2025_HOLDOUT,V10_COMBINED_MODEL,0.5915686474683337
2025,20250704,20250704SKNC0,0.0,2025_HOLDOUT,V10_COMBINED_MODEL,0.4874211080748435
2025,20250705,20250705HHWO0,0.0,2025_HOLDOUT,V10_COMBINED_MODEL,0.3723610316979817
2025,20250705,20250705KTOB0,1.0,2025_HOLDOUT,V10_COMBINED_MODEL,0.42895894144218466
2025,20250705,20250705LGSS0,1.0,2025_HOLDOUT,V10_COMBINED_MODEL,0.3881510119885247
2025,20250705,20250705LTHT0,1.0,2025_HOLDOUT,V10_COMBINED_MODEL,0.47025361681192107
2025,20250705,20250705SKNC0,0.0,2025_HOLDOUT,V10_COMBINED_MODEL,0.453119557422464
2025,20250706,20250706HHWO0,0.0,2025_HOLDOUT,V10_COMBINED_MODEL,0.3636211939452128
2025,20250706,20250706KTOB0,1.0,2025_HOLDOUT,V10_COMBINED_MODEL,0.41912466827153005
2025,20250706,20250706LGSS0,0.0,2025_HOLDOUT,V10_COMBINED_MODEL,0.5686356304666301
2025,20250706,20250706LTHT0,0.0,2025_HOLDOUT,V10_COMBINED_MODEL,0.3383455895357554
2025,20250706,20250706SKNC0,1.0,2025_HOLDOUT,V10_COMBINED_MODEL,0.6220977586567815
2025,20250708,20250708HTHH0,1.0,2025_HOLDOUT,V10_COMBINED_MODEL,0.560363429454401
2025,20250708,20250708KTSK0,1.0,2025_HOLDOUT,V10_COMBINED_MODEL,0.5750886000677033
2025,20250708,20250708OBLT0,0.0,2025_HOLDOUT,V10_COMBINED_MODEL,0.4555496983077652
2025,20250708,20250708SSNC0,1.0,2025_HOLDOUT,V10_COMBINED_MODEL,0.44135359832153664
2025,20250708,20250708WOLG0,1.0,2025_HOLDOUT,V10_COMBINED_MODEL,0.5373992418158675
2025,20250709,20250709HTHH0,1.0,2025_HOLDOUT,V10_COMBINED_MODEL,0.46861323344970485
2025,20250709,20250709KTSK0,0.0,2025_HOLDOUT,V10_COMBINED_MODEL,0.44311485383262333
2025,20250709,20250709OBLT0,1.0,2025_HOLDOUT,V10_COMBINED_MODEL,0.4587485499544421
2025,20250709,20250709SSNC0,1.0,2025_HOLDOUT,V10_COMBINED_MODEL,0.480874386425238
2025,20250709,20250709WOLG0,1.0,2025_HOLDOUT,V10_COMBINED_MODEL,0.5811926345938954
2025,20250710,20250710HTHH0,1.0,2025_HOLDOUT,V10_COMBINED_MODEL,0.3740357124474052
2025,20250710,20250710KTSK0,0.0,2025_HOLDOUT,V10_COMBINED_MODEL,0.5105347580401784
2025,20250710,20250710OBLT0,0.0,2025_HOLDOUT,V10_COMBINED_MODEL,0.42765310719358746
2025,20250710,20250710SSNC0,1.0,2025_HOLDOUT,V10_COMBINED_MODEL,0.5641101991896916
2025,20250710,20250710WOLG0,0.0,2025_HOLDOUT,V10_COMBINED_MODEL,0.540202237820913
2025,20250718,20250718HHKT0,0.0,2025_HOLDOUT,V10_COMBINED_MODEL,0.39839667160836806
2025,20250718,20250718LTLG0,1.0,2025_HOLDOUT,V10_COMBINED_MODEL,0.4634780257376408
2025,20250719,20250719HHKT0,0.0,2025_HOLDOUT,V10_COMBINED_MODEL,0.4603491197053992
2025,20250719,20250719LTLG0,0.0,2025_HOLDOUT,V10_COMBINED_MODEL,0.4316659712747803
2025,20250719,20250719OBSK0,0.0,2025_HOLDOUT,V10_COMBINED_MODEL,0.5431805908977397
2025,20250720,20250720HHKT0,0.0,2025_HOLDOUT,V10_COMBINED_MODEL,0.4820407250642418
2025,20250720,20250720LTLG0,1.0,2025_HOLDOUT,V10_COMBINED_MODEL,0.6043485564360234
2025,20250720,20250720NCHT0,1.0,2025_HOLDOUT,V10_COMBINED_MODEL,0.4126192567268932
2025,20250720,20250720OBSK0,0.0,2025_HOLDOUT,V10_COMBINED_MODEL,0.47511126198333004
2025,20250720,20250720WOSS0,1.0,2025_HOLDOUT,V10_COMBINED_MODEL,0.5645741331410422
2025,20250722,20250722HHOB0,0.0,2025_HOLDOUT,V10_COMBINED_MODEL,0.4724238205985713
2025,20250722,20250722KTNC0,0.0,2025_HOLDOUT,V10_COMBINED_MODEL,0.49228132200993535
2025,20250722,20250722LGHT0,0.0,2025_HOLDOUT,V10_COMBINED_MODEL,0.5302112568539494
2025,20250722,20250722LTWO0,1.0,2025_HOLDOUT,V10_COMBINED_MODEL,0.4540229094197673
2025,20250722,20250722SKSS0,1.0,2025_HOLDOUT,V10_COMBINED_MODEL,0.5199679376257933
2025,20250723,20250723HHOB0,1.0,2025_HOLDOUT,V10_COMBINED_MODEL,0.47157216654667944
2025,20250723,20250723KTNC0,0.0,2025_HOLDOUT,V10_COMBINED_MODEL,0.5896323212861031
2025,20250723,20250723LGHT0,0.0,2025_HOLDOUT,V10_COMBINED_MODEL,0.46353201509356234
2025,20250723,20250723LTWO0,0.0,2025_HOLDOUT,V10_COMBINED_MODEL,0.4531905448920427
2025,20250723,20250723SKSS0,1.0,2025_HOLDOUT,V10_COMBINED_MODEL,0.5188327399095536
2025,20250724,20250724KTNC0,0.0,2025_HOLDOUT,V10_COMBINED_MODEL,0.42014871277065863
2025,20250724,20250724LGHT0,0.0,2025_HOLDOUT,V10_COMBINED_MODEL,0.4806303588130867
2025,20250724,20250724LTWO0,0.0,2025_HOLDOUT,V10_COMBINED_MODEL,0.3883393958616184
2025,20250724,20250724SKSS0,0.0,2025_HOLDOUT,V10_COMBINED_MODEL,0.5232182161168071
2025,20250725,20250725HTLT0,1.0,2025_HOLDOUT,V10_COMBINED_MODEL,0.6819730630904912
2025,20250725,20250725LGOB0,0.0,2025_HOLDOUT,V10_COMBINED_MODEL,0.47783035783212574
2025,20250725,20250725SKHH0,1.0,2025_HOLDOUT,V10_COMBINED_MODEL,0.5352232470920434
2025,20250725,20250725SSKT0,1.0,2025_HOLDOUT,V10_COMBINED_MODEL,0.6122185708095869
2025,20250725,20250725WONC0,1.0,2025_HOLDOUT,V10_COMBINED_MODEL,0.4868506028211422
2025,20250726,20250726HTLT0,1.0,2025_HOLDOUT,V10_COMBINED_MODEL,0.6108042904498685
2025,20250726,20250726LGOB0,0.0,2025_HOLDOUT,V10_COMBINED_MODEL,0.4377030323902405
2025,20250726,20250726SKHH0,0.0,2025_HOLDOUT,V10_COMBINED_MODEL,0.5476417993881361
2025,20250726,20250726SSKT0,0.0,2025_HOLDOUT,V10_COMBINED_MODEL,0.47858489573366775
2025,20250726,20250726WONC0,1.0,2025_HOLDOUT,V10_COMBINED_MODEL,0.5074677079364416
2025,20250727,20250727HTLT0,1.0,2025_HOLDOUT,V10_COMBINED_MODEL,0.41962069063979784
2025,20250727,20250727LGOB0,1.0,2025_HOLDOUT,V10_COMBINED_MODEL,0.6485948067784497
2025,20250727,20250727SKHH0,0.0,2025_HOLDOUT,V10_COMBINED_MODEL,0.5245030906760487
2025,20250727,20250727SSKT0,1.0,2025_HOLDOUT,V10_COMBINED_MODEL,0.4922696958437905
2025,20250727,20250727WONC0,1.0,2025_HOLDOUT,V10_COMBINED_MODEL,0.601953855312707
2025,20250729,20250729KTLG0,1.0,2025_HOLDOUT,V10_COMBINED_MODEL,0.5548525987421776
2025,20250729,20250729NCLT0,1.0,2025_HOLDOUT,V10_COMBINED_MODEL,0.5093764835632629
2025,20250729,20250729OBHT0,0.0,2025_HOLDOUT,V10_COMBINED_MODEL,0.551225082074792
2025,20250729,20250729SSHH0,0.0,2025_HOLDOUT,V10_COMBINED_MODEL,0.42701008755585873
2025,20250729,20250729WOSK0,1.0,2025_HOLDOUT,V10_COMBINED_MODEL,0.4482397939075673
2025,20250730,20250730KTLG0,1.0,2025_HOLDOUT,V10_COMBINED_MODEL,0.6074339548571518
2025,20250730,20250730NCLT0,0.0,2025_HOLDOUT,V10_COMBINED_MODEL,0.6697273149804145
2025,20250730,20250730SSHH0,1.0,2025_HOLDOUT,V10_COMBINED_MODEL,0.6137196128916076
2025,20250731,20250731KTLG0,1.0,2025_HOLDOUT,V10_COMBINED_MODEL,0.5119486954079263
2025,20250731,20250731NCLT0,1.0,2025_HOLDOUT,V10_COMBINED_MODEL,0.6225380033464772
2025,20250731,20250731OBHT0,1.0,2025_HOLDOUT,V10_COMBINED_MODEL,0.36488906559167755
2025,20250731,20250731SSHH0,1.0,2025_HOLDOUT,V10_COMBINED_MODEL,0.7263643130356066
2025,20250731,20250731WOSK0,1.0,2025_HOLDOUT,V10_COMBINED_MODEL,0.6257289425841782
2025,20250801,20250801HHHT0,1.0,2025_HOLDOUT,V10_COMBINED_MODEL,0.3035137893173427
2025,20250801,20250801KTNC0,1.0,2025_HOLDOUT,V10_COMBINED_MODEL,0.45943356872869145
2025,20250801,20250801LGSS0,0.0,2025_HOLDOUT,V10_COMBINED_MODEL,0.4980233093377101
2025,20250801,20250801LTWO0,1.0,2025_HOLDOUT,V10_COMBINED_MODEL,0.5307784020418681
2025,20250801,20250801SKOB0,0.0,2025_HOLDOUT,V10_COMBINED_MODEL,0.4808373613155456
2025,20250802,20250802KTNC0,1.0,2025_HOLDOUT,V10_COMBINED_MODEL,0.6635752444527167
2025,20250802,20250802LGSS0,0.0,2025_HOLDOUT,V10_COMBINED_MODEL,0.48013985907484863
2025,20250802,20250802LTWO0,0.0,2025_HOLDOUT,V10_COMBINED_MODEL,0.4356432895926304
2025,20250802,20250802SKOB0,1.0,2025_HOLDOUT,V10_COMBINED_MODEL,0.4787259450728405
2025,20250803,20250803LGSS0,0.0,2025_HOLDOUT,V10_COMBINED_MODEL,0.3857069113858855
2025,20250803,20250803LTWO0,0.0,2025_HOLDOUT,V10_COMBINED_MODEL,0.37920635373912476
2025,20250803,20250803SKOB0,0.0,2025_HOLDOUT,V10_COMBINED_MODEL,0.5091211098721163
2025,20250805,20250805HTLT0,0.0,2025_HOLDOUT,V10_COMBINED_MODEL,0.4628211581452012
2025,20250805,20250805KTHH0,0.0,2025_HOLDOUT,V10_COMBINED_MODEL,0.6138845619322433
2025,20250805,20250805OBLG0,1.0,2025_HOLDOUT,V10_COMBINED_MODEL,0.6000723873648592
2025,20250805,20250805SSSK0,0.0,2025_HOLDOUT,V10_COMBINED_MODEL,0.49085352750891237
2025,20250805,20250805WONC0,0.0,2025_HOLDOUT,V10_COMBINED_MODEL,0.5092310028928717
2025,20250806,20250806HTLT0,1.0,2025_HOLDOUT,V10_COMBINED_MODEL,0.4697414033829588
2025,20250806,20250806KTHH0,1.0,2025_HOLDOUT,V10_COMBINED_MODEL,0.6447571727799714
2025,20250806,20250806OBLG0,0.0,2025_HOLDOUT,V10_COMBINED_MODEL,0.38753207830593783
2025,20250806,20250806SSSK0,1.0,2025_HOLDOUT,V10_COMBINED_MODEL,0.5533605776235562
2025,20250806,20250806WONC0,0.0,2025_HOLDOUT,V10_COMBINED_MODEL,0.5198155336164142
2025,20250807,20250807HTLT0,0.0,2025_HOLDOUT,V10_COMBINED_MODEL,0.4173713702770365
2025,20250807,20250807KTHH0,0.0,2025_HOLDOUT,V10_COMBINED_MODEL,0.5287659972778221
2025,20250807,20250807OBLG0,1.0,2025_HOLDOUT,V10_COMBINED_MODEL,0.552357424682768
2025,20250807,20250807SSSK0,0.0,2025_HOLDOUT,V10_COMBINED_MODEL,0.4398317430326992
2025,20250807,20250807WONC0,0.0,2025_HOLDOUT,V10_COMBINED_MODEL,0.5027337509039455
2025,20250808,20250808HHLG0,1.0,2025_HOLDOUT,V10_COMBINED_MODEL,0.5634498811052925
2025,20250808,20250808HTNC0,1.0,2025_HOLDOUT,V10_COMBINED_MODEL,0.5247182024907295
2025,20250808,20250808OBWO0,0.0,2025_HOLDOUT,V10_COMBINED_MODEL,0.3815821494267533
2025,20250808,20250808SKLT0,0.0,2025_HOLDOUT,V10_COMBINED_MODEL,0.5741889120262537
2025,20250808,20250808SSKT0,0.0,2025_HOLDOUT,V10_COMBINED_MODEL,0.49415041232401086
2025,20250809,20250809HHLG0,1.0,2025_HOLDOUT,V10_COMBINED_MODEL,0.6297144385733731
2025,20250809,20250809OBWO0,0.0,2025_HOLDOUT,V10_COMBINED_MODEL,0.47027730058418477
2025,20250809,20250809SSKT0,1.0,2025_HOLDOUT,V10_COMBINED_MODEL,0.5093979532257972
2025,20250810,20250810HHLG0,0.0,2025_HOLDOUT,V10_COMBINED_MODEL,0.5261709501016014
2025,20250810,20250810HTNC0,1.0,2025_HOLDOUT,V10_COMBINED_MODEL,0.6503769078550462
2025,20250810,20250810OBWO0,1.0,2025_HOLDOUT,V10_COMBINED_MODEL,0.5176272154755277
2025,20250810,20250810SKLT0,0.0,2025_HOLDOUT,V10_COMBINED_MODEL,0.6318669122169814
2025,20250810,20250810SSKT0,1.0,2025_HOLDOUT,V10_COMBINED_MODEL,0.4369473002595412
2025,20250812,20250812HTSS0,0.0,2025_HOLDOUT,V10_COMBINED_MODEL,0.4066414783519293
2025,20250812,20250812LGKT0,0.0,2025_HOLDOUT,V10_COMBINED_MODEL,0.5145427770370504
2025,20250812,20250812LTHH0,1.0,2025_HOLDOUT,V10_COMBINED_MODEL,0.5482702066130564
2025,20250812,20250812NCOB0,0.0,2025_HOLDOUT,V10_COMBINED_MODEL,0.5558567570542777
2025,20250812,20250812WOSK0,1.0,2025_HOLDOUT,V10_COMBINED_MODEL,0.6258271072115629
2025,20250813,20250813HTSS0,0.0,2025_HOLDOUT,V10_COMBINED_MODEL,0.5138475907799118
2025,20250813,20250813LTHH0,1.0,2025_HOLDOUT,V10_COMBINED_MODEL,0.5926587639794175
2025,20250814,20250814HTSS0,0.0,2025_HOLDOUT,V10_COMBINED_MODEL,0.5142213639761307
2025,20250814,20250814LTHH0,1.0,2025_HOLDOUT,V10_COMBINED_MODEL,0.514332943099602
2025,20250814,20250814NCOB0,1.0,2025_HOLDOUT,V10_COMBINED_MODEL,0.44043244827118816
2025,20250814,20250814WOSK0,0.0,2025_HOLDOUT,V10_COMBINED_MODEL,0.4621016825361815
2025,20250815,20250815HHNC0,0.0,2025_HOLDOUT,V10_COMBINED_MODEL,0.6454046047324101
2025,20250815,20250815HTOB0,1.0,2025_HOLDOUT,V10_COMBINED_MODEL,0.5279211240227443
2025,20250815,20250815KTWO0,1.0,2025_HOLDOUT,V10_COMBINED_MODEL,0.3681358043446219
2025,20250815,20250815LGSK0,0.0,2025_HOLDOUT,V10_COMBINED_MODEL,0.4267100029266867
2025,20250815,20250815SSLT0,0.0,2025_HOLDOUT,V10_COMBINED_MODEL,0.4352805991320314
2025,20250816,20250816HHNC0,1.0,2025_HOLDOUT,V10_COMBINED_MODEL,0.42397696205837165
2025,20250816,20250816HTOB0,1.0,2025_HOLDOUT,V10_COMBINED_MODEL,0.6043055936963664
2025,20250816,20250816KTWO0,1.0,2025_HOLDOUT,V10_COMBINED_MODEL,0.47656917271766913
2025,20250816,20250816LGSK0,1.0,2025_HOLDOUT,V10_COMBINED_MODEL,0.3545341566935471
2025,20250816,20250816SSLT0,0.0,2025_HOLDOUT,V10_COMBINED_MODEL,0.5443732650136318
2025,20250817,20250817HHNC0,1.0,2025_HOLDOUT,V10_COMBINED_MODEL,0.5044519623684725
2025,20250817,20250817HTOB0,1.0,2025_HOLDOUT,V10_COMBINED_MODEL,0.36516154435110015
2025,20250817,20250817KTWO0,0.0,2025_HOLDOUT,V10_COMBINED_MODEL,0.4684104244899922
2025,20250817,20250817LGSK0,0.0,2025_HOLDOUT,V10_COMBINED_MODEL,0.31758440970774765
2025,20250819,20250819LTLG0,1.0,2025_HOLDOUT,V10_COMBINED_MODEL,0.603815116777852
2025,20250819,20250819OBHH0,0.0,2025_HOLDOUT,V10_COMBINED_MODEL,0.5798209961121444
2025,20250819,20250819SKKT0,1.0,2025_HOLDOUT,V10_COMBINED_MODEL,0.48414598617588495
2025,20250819,20250819SSNC0,0.0,2025_HOLDOUT,V10_COMBINED_MODEL,0.4500908484859747
2025,20250819,20250819WOHT0,1.0,2025_HOLDOUT,V10_COMBINED_MODEL,0.6345108980969075
2025,20250820,20250820LTLG0,1.0,2025_HOLDOUT,V10_COMBINED_MODEL,0.5600005444849677
2025,20250820,20250820OBHH0,0.0,2025_HOLDOUT,V10_COMBINED_MODEL,0.3693458673641251
2025,20250820,20250820SKKT0,0.0,2025_HOLDOUT,V10_COMBINED_MODEL,0.4329681398226204
2025,20250820,20250820SSNC0,0.0,2025_HOLDOUT,V10_COMBINED_MODEL,0.3361591056251797
2025,20250820,20250820WOHT0,0.0,2025_HOLDOUT,V10_COMBINED_MODEL,0.5466077616171587
2025,20250821,20250821OBHH0,0.0,2025_HOLDOUT,V10_COMBINED_MODEL,0.5009070138463323
2025,20250821,20250821SKKT0,0.0,2025_HOLDOUT,V10_COMBINED_MODEL,0.45117371253174393
2025,20250821,20250821SSNC0,1.0,2025_HOLDOUT,V10_COMBINED_MODEL,0.5075346529801191
2025,20250821,20250821WOHT0,0.0,2025_HOLDOUT,V10_COMBINED_MODEL,0.5441690232100627
2025,20250822,20250822KTOB0,0.0,2025_HOLDOUT,V10_COMBINED_MODEL,0.43767319229194473
2025,20250822,20250822LGHT0,0.0,2025_HOLDOUT,V10_COMBINED_MODEL,0.3358025447163003
2025,20250822,20250822LTNC0,1.0,2025_HOLDOUT,V10_COMBINED_MODEL,0.41738403702125576
2025,20250822,20250822SKHH0,0.0,2025_HOLDOUT,V10_COMBINED_MODEL,0.6420382874300519
2025,20250822,20250822WOSS0,1.0,2025_HOLDOUT,V10_COMBINED_MODEL,0.39033367002504005
2025,20250823,20250823KTOB0,0.0,2025_HOLDOUT,V10_COMBINED_MODEL,0.45039257773060937
2025,20250823,20250823LGHT0,0.0,2025_HOLDOUT,V10_COMBINED_MODEL,0.4610154728380629
2025,20250823,20250823LTNC0,1.0,2025_HOLDOUT,V10_COMBINED_MODEL,0.380136772891264
2025,20250823,20250823SKHH0,1.0,2025_HOLDOUT,V10_COMBINED_MODEL,0.36045603503741924
2025,20250823,20250823WOSS0,1.0,2025_HOLDOUT,V10_COMBINED_MODEL,0.5197755788243283
2025,20250824,20250824KTOB0,0.0,2025_HOLDOUT,V10_COMBINED_MODEL,0.4305994570635743
2025,20250824,20250824LGHT0,0.0,2025_HOLDOUT,V10_COMBINED_MODEL,0.4706317355472365
2025,20250824,20250824LTNC0,0.0,2025_HOLDOUT,V10_COMBINED_MODEL,0.4763199783788116
2025,20250824,20250824SKHH0,1.0,2025_HOLDOUT,V10_COMBINED_MODEL,0.6237776297512492
2025,20250824,20250824WOSS0,1.0,2025_HOLDOUT,V10_COMBINED_MODEL,0.639329871451713
2025,20250826,20250826HHWO0,0.0,2025_HOLDOUT,V10_COMBINED_MODEL,0.4477932946796521
2025,20250826,20250826HTSK0,1.0,2025_HOLDOUT,V10_COMBINED_MODEL,0.43230904211942306
2025,20250826,20250826KTLT0,1.0,2025_HOLDOUT,V10_COMBINED_MODEL,0.48469872659340324
2025,20250826,20250826LGNC0,1.0,2025_HOLDOUT,V10_COMBINED_MODEL,0.4334043593113804
2025,20250826,20250826SSOB0,0.0,2025_HOLDOUT,V10_COMBINED_MODEL,0.4215372579335878
2025,20250827,20250827HHWO0,0.0,2025_HOLDOUT,V10_COMBINED_MODEL,0.38637084857596105
2025,20250827,20250827HTSK0,0.0,2025_HOLDOUT,V10_COMBINED_MODEL,0.5674849142153179
2025,20250827,20250827KTLT0,0.0,2025_HOLDOUT,V10_COMBINED_MODEL,0.4888125180498499
2025,20250827,20250827LGNC0,0.0,2025_HOLDOUT,V10_COMBINED_MODEL,0.24333926990216698
2025,20250827,20250827SSOB0,0.0,2025_HOLDOUT,V10_COMBINED_MODEL,0.42889604281324817
2025,20250828,20250828HHWO0,0.0,2025_HOLDOUT,V10_COMBINED_MODEL,0.3798058391617316
2025,20250828,20250828HTSK0,0.0,2025_HOLDOUT,V10_COMBINED_MODEL,0.5382641605812954
2025,20250828,20250828KTLT0,1.0,2025_HOLDOUT,V10_COMBINED_MODEL,0.47969211998055306
2025,20250828,20250828LGNC0,0.0,2025_HOLDOUT,V10_COMBINED_MODEL,0.4131884145002518
2025,20250828,20250828SSOB0,1.0,2025_HOLDOUT,V10_COMBINED_MODEL,0.42714383006968587
2025,20250829,20250829HTKT0,0.0,2025_HOLDOUT,V10_COMBINED_MODEL,0.4096176939458501
2025,20250829,20250829NCSK0,1.0,2025_HOLDOUT,V10_COMBINED_MODEL,0.611934329095411
2025,20250829,20250829OBLT0,0.0,2025_HOLDOUT,V10_COMBINED_MODEL,0.41315686823643516
2025,20250829,20250829SSHH0,0.0,2025_HOLDOUT,V10_COMBINED_MODEL,0.4060718801378476
2025,20250829,20250829WOLG0,0.0,2025_HOLDOUT,V10_COMBINED_MODEL,0.6630959153461042
2025,20250830,20250830HTKT0,1.0,2025_HOLDOUT,V10_COMBINED_MODEL,0.38796335695000383
2025,20250830,20250830NCSK0,0.0,2025_HOLDOUT,V10_COMBINED_MODEL,0.48873588362990844
2025,20250830,20250830SSHH0,0.0,2025_HOLDOUT,V10_COMBINED_MODEL,0.43400448358747573
2025,20250830,20250830WOLG0,1.0,2025_HOLDOUT,V10_COMBINED_MODEL,0.676854236507243
2025,20250831,20250831HTKT0,1.0,2025_HOLDOUT,V10_COMBINED_MODEL,0.47235963330394987
2025,20250831,20250831NCSK0,1.0,2025_HOLDOUT,V10_COMBINED_MODEL,0.4377966260654883
2025,20250831,20250831OBLT0,1.0,2025_HOLDOUT,V10_COMBINED_MODEL,0.5256135062089214
2025,20250831,20250831SSHH0,0.0,2025_HOLDOUT,V10_COMBINED_MODEL,0.2994486028681581
2025,20250831,20250831WOLG0,0.0,2025_HOLDOUT,V10_COMBINED_MODEL,0.591901766230285
2025,20250902,20250902HTHH0,1.0,2025_HOLDOUT,V10_COMBINED_MODEL,0.5072495342849948
2025,20250902,20250902LTLG0,1.0,2025_HOLDOUT,V10_COMBINED_MODEL,0.5320056914316904
2025,20250902,20250902NCKT0,0.0,2025_HOLDOUT,V10_COMBINED_MODEL,0.6400714881678606
2025,20250902,20250902WOSK0,1.0,2025_HOLDOUT,V10_COMBINED_MODEL,0.6031955204379345
2025,20250903,20250903LTKT0,1.0,2025_HOLDOUT,V10_COMBINED_MODEL,0.4719759817933185
2025,20250903,20250903NCHH0,1.0,2025_HOLDOUT,V10_COMBINED_MODEL,0.6165680500182045
2025,20250903,20250903SKHT0,0.0,2025_HOLDOUT,V10_COMBINED_MODEL,0.6398145851916132
2025,20250903,20250903WOSS0,0.0,2025_HOLDOUT,V10_COMBINED_MODEL,0.5205866137082922
2025,20250904,20250904LGKT0,0.0,2025_HOLDOUT,V10_COMBINED_MODEL,0.3571103579221713
2025,20250904,20250904OBNC0,0.0,2025_HOLDOUT,V10_COMBINED_MODEL,0.4193431390694926
2025,20250905,20250905LTSK0,1.0,2025_HOLDOUT,V10_COMBINED_MODEL,0.5889986731276635
2025,20250905,20250905OBNC0,0.0,2025_HOLDOUT,V10_COMBINED_MODEL,0.44143298696030936
2025,20250905,20250905WOSS0,1.0,2025_HOLDOUT,V10_COMBINED_MODEL,0.5723190468102277
2025,20250906,20250906HHSS0,0.0,2025_HOLDOUT,V10_COMBINED_MODEL,0.44884984469701733
2025,20250906,20250906HTNC0,0.0,2025_HOLDOUT,V10_COMBINED_MODEL,0.459570075120662
2025,20250907,20250907HHSS0,1.0,2025_HOLDOUT,V10_COMBINED_MODEL,0.6466055689400612
2025,20250907,20250907HTNC0,1.0,2025_HOLDOUT,V10_COMBINED_MODEL,0.4113090622866555
2025,20250907,20250907SKLG0,0.0,2025_HOLDOUT,V10_COMBINED_MODEL,0.5593276651681104
2025,20250909,20250909HHLT0,0.0,2025_HOLDOUT,V10_COMBINED_MODEL,0.43139483185143873
2025,20250909,20250909LGWO0,1.0,2025_HOLDOUT,V10_COMBINED_MODEL,0.4388850011847213
2025,20250909,20250909OBKT0,1.0,2025_HOLDOUT,V10_COMBINED_MODEL,0.509372543479124
2025,20250910,20250910HHLT0,0.0,2025_HOLDOUT,V10_COMBINED_MODEL,0.4422035110582568
2025,20250910,20250910LGOB0,0.0,2025_HOLDOUT,V10_COMBINED_MODEL,0.39940252579309554
2025,20250910,20250910SKNC0,1.0,2025_HOLDOUT,V10_COMBINED_MODEL,0.373773750203531
2025,20250910,20250910SSHT0,1.0,2025_HOLDOUT,V10_COMBINED_MODEL,0.5451937680194852
2025,20250911,20250911KTLG0,0.0,2025_HOLDOUT,V10_COMBINED_MODEL,0.5613437068481797
2025,20250911,20250911LTHT0,0.0,2025_HOLDOUT,V10_COMBINED_MODEL,0.49473826926995934
2025,20250911,20250911NCWO0,1.0,2025_HOLDOUT,V10_COMBINED_MODEL,0.40778217803169187
2025,20250911,20250911SKSS0,0.0,2025_HOLDOUT,V10_COMBINED_MODEL,0.5558077165156642
2025,20250912,20250912OBHT0,1.0,2025_HOLDOUT,V10_COMBINED_MODEL,0.48370474782364176
2025,20250913,20250913HTLG0,0.0,2025_HOLDOUT,V10_COMBINED_MODEL,0.6876996076065098
2025,20250913,20250913KTSS0,0.0,2025_HOLDOUT,V10_COMBINED_MODEL,0.5174952860348409
2025,20250913,20250913OBNC0,1.0,2025_HOLDOUT,V10_COMBINED_MODEL,0.4372771418925679
2025,20250913,20250913SKLT0,1.0,2025_HOLDOUT,V10_COMBINED_MODEL,0.3998598598097965
2025,20250913,20250913WOHH0,1.0,2025_HOLDOUT,V10_COMBINED_MODEL,0.6276714574579567
2025,20250914,20250914HTLG0,1.0,2025_HOLDOUT,V10_COMBINED_MODEL,0.47808564234903933
2025,20250914,20250914KTSS0,1.0,2025_HOLDOUT,V10_COMBINED_MODEL,0.47285942146053966
2025,20250914,20250914OBNC0,1.0,2025_HOLDOUT,V10_COMBINED_MODEL,0.7030482038189416
2025,20250914,20250914WOHH0,0.0,2025_HOLDOUT,V10_COMBINED_MODEL,0.6368673973957262
2025,20250915,20250915WOHH0,1.0,2025_HOLDOUT,V10_COMBINED_MODEL,0.5803387633487692
2025,20250916,20250916HHHT0,0.0,2025_HOLDOUT,V10_COMBINED_MODEL,0.40074749110132984
2025,20250916,20250916LGKT0,0.0,2025_HOLDOUT,V10_COMBINED_MODEL,0.43374364646648805
2025,20250916,20250916LTSS0,1.0,2025_HOLDOUT,V10_COMBINED_MODEL,0.5950292500772311
2025,20250916,20250916SKNC0,0.0,2025_HOLDOUT,V10_COMBINED_MODEL,0.3957168599048841
2025,20250916,20250916WOOB0,0.0,2025_HOLDOUT,V10_COMBINED_MODEL,0.46852395140753594
2025,20250917,20250917HHHT0,0.0,2025_HOLDOUT,V10_COMBINED_MODEL,0.3034748048212455
2025,20250917,20250917SKNC0,1.0,2025_HOLDOUT,V10_COMBINED_MODEL,0.4607227945434881
2025,20250917,20250917WOOB0,0.0,2025_HOLDOUT,V10_COMBINED_MODEL,0.4854701399832762
2025,20250918,20250918HHHT0,0.0,2025_HOLDOUT,V10_COMBINED_MODEL,0.6280345963125407
2025,20250918,20250918LGKT1,0.0,2025_HOLDOUT,V10_COMBINED_MODEL,0.4323426525309247
2025,20250918,20250918LGKT2,0.0,2025_HOLDOUT,V10_COMBINED_MODEL,0.3964806547432774
2025,20250918,20250918SSNC0,0.0,2025_HOLDOUT,V10_COMBINED_MODEL,0.3144253031693901
2025,20250918,20250918WOOB0,1.0,2025_HOLDOUT,V10_COMBINED_MODEL,0.5348538931513279
2025,20250919,20250919LTNC0,0.0,2025_HOLDOUT,V10_COMBINED_MODEL,0.5375912991564324
2025,20250920,20250920HHKT0,1.0,2025_HOLDOUT,V10_COMBINED_MODEL,0.3962543944255539
2025,20250920,20250920NCHT0,1.0,2025_HOLDOUT,V10_COMBINED_MODEL,0.5808568914036013
2025,20250920,20250920OBSK0,1.0,2025_HOLDOUT,V10_COMBINED_MODEL,0.6083158336631586
2025,20250920,20250920SSLG0,0.0,2025_HOLDOUT,V10_COMBINED_MODEL,0.4563729892329781
2025,20250920,20250920WOLT0,0.0,2025_HOLDOUT,V10_COMBINED_MODEL,0.6438170121014759
2025,20250921,20250921NCHT0,0.0,2025_HOLDOUT,V10_COMBINED_MODEL,0.4758107785359114
2025,20250921,20250921OBSK0,1.0,2025_HOLDOUT,V10_COMBINED_MODEL,0.5619550657041579
2025,20250921,20250921SSKT0,1.0,2025_HOLDOUT,V10_COMBINED_MODEL,0.5435607529547769
2025,20250922,20250922OBSK0,0.0,2025_HOLDOUT,V10_COMBINED_MODEL,0.590346188625948
2025,20250923,20250923HTSK0,1.0,2025_HOLDOUT,V10_COMBINED_MODEL,0.5445625274008679
2025,20250923,20250923NCLT0,0.0,2025_HOLDOUT,V10_COMBINED_MODEL,0.5707443582101965
2025,20250923,20250923OBSS0,1.0,2025_HOLDOUT,V10_COMBINED_MODEL,0.5548457635926324
2025,20250923,20250923WOKT0,1.0,2025_HOLDOUT,V10_COMBINED_MODEL,0.49290379576319565
2025,20250924,20250924HTWO0,0.0,2025_HOLDOUT,V10_COMBINED_MODEL,0.46562199822317
2025,20250924,20250924LGNC0,1.0,2025_HOLDOUT,V10_COMBINED_MODEL,0.3517529600199985
2025,20250924,20250924LTSS0,1.0,2025_HOLDOUT,V10_COMBINED_MODEL,0.6599985361152362
2025,20250925,20250925HHOB0,1.0,2025_HOLDOUT,V10_COMBINED_MODEL,0.4459585758097946
2025,20250925,20250925KTSK0,0.0,2025_HOLDOUT,V10_COMBINED_MODEL,0.5283062159719515
2025,20250925,20250925LGLT0,0.0,2025_HOLDOUT,V10_COMBINED_MODEL,0.4159408881622436
2025,20250925,20250925WOSS0,1.0,2025_HOLDOUT,V10_COMBINED_MODEL,0.5573447410333247
2025,20250926,20250926KTSK0,1.0,2025_HOLDOUT,V10_COMBINED_MODEL,0.4930402392896796
2025,20250926,20250926LGHH0,1.0,2025_HOLDOUT,V10_COMBINED_MODEL,0.4619721902636788
2025,20250926,20250926NCOB0,0.0,2025_HOLDOUT,V10_COMBINED_MODEL,0.3740188661050002
2025,20250926,20250926SSLT0,1.0,2025_HOLDOUT,V10_COMBINED_MODEL,0.3626036672026432
2025,20250927,20250927LGHH0,0.0,2025_HOLDOUT,V10_COMBINED_MODEL,0.5215699697636675
2025,20250927,20250927NCHT0,0.0,2025_HOLDOUT,V10_COMBINED_MODEL,0.5251140810102775
2025,20250927,20250927SKOB0,0.0,2025_HOLDOUT,V10_COMBINED_MODEL,0.4505034597691352
2025,20250928,20250928LTOB0,1.0,2025_HOLDOUT,V10_COMBINED_MODEL,0.4661516348694527
2025,20250928,20250928SSWO0,0.0,2025_HOLDOUT,V10_COMBINED_MODEL,0.3864299687471056
2025,20250929,20250929LGHH0,1.0,2025_HOLDOUT,V10_COMBINED_MODEL,0.3521179101768217
2025,20250929,20250929LTSK0,1.0,2025_HOLDOUT,V10_COMBINED_MODEL,0.6615492721024573
2025,20250929,20250929NCHT0,0.0,2025_HOLDOUT,V10_COMBINED_MODEL,0.32203409035409103
2025,20250930,20250930HTSS0,1.0,2025_HOLDOUT,V10_COMBINED_MODEL,0.7087181561322012
2025,20250930,20250930KTNC0,1.0,2025_HOLDOUT,V10_COMBINED_MODEL,0.4520876330684243
2025,20250930,20250930LTHH0,1.0,2025_HOLDOUT,V10_COMBINED_MODEL,0.6724791412076867
2025,20250930,20250930OBLG0,0.0,2025_HOLDOUT,V10_COMBINED_MODEL,0.5414288584672498
2025,20250930,20250930SKWO0,0.0,2025_HOLDOUT,V10_COMBINED_MODEL,0.5381190276309574
2025,20251001,20251001HHSK0,1.0,2025_HOLDOUT,V10_COMBINED_MODEL,0.3138546595808571
2025,20251001,20251001KTHT0,0.0,2025_HOLDOUT,V10_COMBINED_MODEL,0.4275794939354774
2025,20251001,20251001NCLG0,0.0,2025_HOLDOUT,V10_COMBINED_MODEL,0.6737040022691453
2025,20251002,20251002SKHT0,1.0,2025_HOLDOUT,V10_COMBINED_MODEL,0.47359316089882264
2025,20251004,20251004SKNC0,1.0,2025_HOLDOUT,V10_COMBINED_MODEL,0.5883724888067304
2025,20251004,20251004SSHT0,1.0,2025_HOLDOUT,V10_COMBINED_MODEL,0.6959618580289237
2026,20260328,20260328HTSK0,1.0,2026_POSTHOC,V10_COMBINED_MODEL,0.801462208163769
2026,20260328,20260328KTLG0,0.0,2026_POSTHOC,V10_COMBINED_MODEL,0.8482754606814794
2026,20260328,20260328LTSS0,0.0,2026_POSTHOC,V10_COMBINED_MODEL,0.8596183948385421
2026,20260328,20260328OBNC0,1.0,2026_POSTHOC,V10_COMBINED_MODEL,0.7720575425088283
2026,20260328,20260328WOHH0,1.0,2026_POSTHOC,V10_COMBINED_MODEL,0.7917314966723308
2026,20260329,20260329HTSK0,1.0,2026_POSTHOC,V10_COMBINED_MODEL,0.6899125666618127
2026,20260329,20260329KTLG0,0.0,2026_POSTHOC,V10_COMBINED_MODEL,0.4230581785846723
2026,20260329,20260329LTSS0,0.0,2026_POSTHOC,V10_COMBINED_MODEL,0.5359191805506291
2026,20260329,20260329OBNC0,0.0,2026_POSTHOC,V10_COMBINED_MODEL,0.5991946108667373
2026,20260329,20260329WOHH0,1.0,2026_POSTHOC,V10_COMBINED_MODEL,0.6306467426940308
2026,20260331,20260331HTLG0,0.0,2026_POSTHOC,V10_COMBINED_MODEL,0.6335590547139422
2026,20260331,20260331KTHH0,0.0,2026_POSTHOC,V10_COMBINED_MODEL,0.4896690218478354
2026,20260331,20260331LTNC0,1.0,2026_POSTHOC,V10_COMBINED_MODEL,0.47456405244406574
2026,20260331,20260331WOSK0,1.0,2026_POSTHOC,V10_COMBINED_MODEL,0.6785918606834294
2026,20260401,20260401HTLG0,1.0,2026_POSTHOC,V10_COMBINED_MODEL,0.6379305842706029
2026,20260401,20260401KTHH0,0.0,2026_POSTHOC,V10_COMBINED_MODEL,0.5289394678651722
2026,20260401,20260401LTNC0,1.0,2026_POSTHOC,V10_COMBINED_MODEL,0.5569623886395133
2026,20260401,20260401OBSS0,1.0,2026_POSTHOC,V10_COMBINED_MODEL,0.5092015839138933
2026,20260401,20260401WOSK0,0.0,2026_POSTHOC,V10_COMBINED_MODEL,0.6682161749690351
2026,20260402,20260402HTLG0,1.0,2026_POSTHOC,V10_COMBINED_MODEL,0.7272332028450805
2026,20260402,20260402KTHH0,0.0,2026_POSTHOC,V10_COMBINED_MODEL,0.5069724247524758
2026,20260402,20260402LTNC0,1.0,2026_POSTHOC,V10_COMBINED_MODEL,0.6084809846947885
2026,20260402,20260402OBSS0,1.0,2026_POSTHOC,V10_COMBINED_MODEL,0.5983834480555961
2026,20260402,20260402WOSK0,1.0,2026_POSTHOC,V10_COMBINED_MODEL,0.6532420869296875
2026,20260403,20260403HHOB0,0.0,2026_POSTHOC,V10_COMBINED_MODEL,0.5385338182187124
2026,20260403,20260403LGWO0,1.0,2026_POSTHOC,V10_COMBINED_MODEL,0.42367218458712563
2026,20260403,20260403NCHT0,0.0,2026_POSTHOC,V10_COMBINED_MODEL,0.5206170547212078
2026,20260403,20260403SKLT0,0.0,2026_POSTHOC,V10_COMBINED_MODEL,0.47508237394137726
2026,20260403,20260403SSKT0,0.0,2026_POSTHOC,V10_COMBINED_MODEL,0.34404527987658606
2026,20260404,20260404HHOB0,0.0,2026_POSTHOC,V10_COMBINED_MODEL,0.46310429978655104
2026,20260404,20260404LGWO0,0.0,2026_POSTHOC,V10_COMBINED_MODEL,0.3137723050502416
2026,20260404,20260404NCHT0,0.0,2026_POSTHOC,V10_COMBINED_MODEL,0.3814389748722464
2026,20260404,20260404SKLT0,0.0,2026_POSTHOC,V10_COMBINED_MODEL,0.5253154313433706
2026,20260404,20260404SSKT0,0.0,2026_POSTHOC,V10_COMBINED_MODEL,0.4730582480561554
2026,20260405,20260405HHOB0,1.0,2026_POSTHOC,V10_COMBINED_MODEL,0.6689029267383999
2026,20260405,20260405LGWO0,0.0,2026_POSTHOC,V10_COMBINED_MODEL,0.3559773470999783
2026,20260405,20260405NCHT0,1.0,2026_POSTHOC,V10_COMBINED_MODEL,0.46409370160990393
2026,20260405,20260405SKLT0,0.0,2026_POSTHOC,V10_COMBINED_MODEL,0.4360590578111329
2026,20260405,20260405SSKT0,1.0,2026_POSTHOC,V10_COMBINED_MODEL,0.5353545175031132
2026,20260407,20260407HHSK0,0.0,2026_POSTHOC,V10_COMBINED_MODEL,0.4941927787985939
2026,20260407,20260407KTLT0,0.0,2026_POSTHOC,V10_COMBINED_MODEL,0.43285097187828486
2026,20260407,20260407LGNC0,0.0,2026_POSTHOC,V10_COMBINED_MODEL,0.4341797537793083
2026,20260407,20260407SSHT0,0.0,2026_POSTHOC,V10_COMBINED_MODEL,0.43103342750227874
2026,20260407,20260407WOOB0,0.0,2026_POSTHOC,V10_COMBINED_MODEL,0.47608183045680724
2026,20260408,20260408HHSK0,0.0,2026_POSTHOC,V10_COMBINED_MODEL,0.5587026977878663
2026,20260408,20260408KTLT0,1.0,2026_POSTHOC,V10_COMBINED_MODEL,0.30123467940313686
2026,20260408,20260408LGNC0,0.0,2026_POSTHOC,V10_COMBINED_MODEL,0.4220178045208447
2026,20260408,20260408SSHT0,1.0,2026_POSTHOC,V10_COMBINED_MODEL,0.37931387987626797
2026,20260408,20260408WOOB0,1.0,2026_POSTHOC,V10_COMBINED_MODEL,0.7537952259672596
2026,20260410,20260410HTHH0,0.0,2026_POSTHOC,V10_COMBINED_MODEL,0.42127823347151216
2026,20260410,20260410LTWO0,0.0,2026_POSTHOC,V10_COMBINED_MODEL,0.5759242339125231
2026,20260410,20260410NCSS0,1.0,2026_POSTHOC,V10_COMBINED_MODEL,0.655195862815152
2026,20260410,20260410OBKT0,0.0,2026_POSTHOC,V10_COMBINED_MODEL,0.5217227065873975
2026,20260410,20260410SKLG0,1.0,2026_POSTHOC,V10_COMBINED_MODEL,0.4814088786588885
2026,20260411,20260411HTHH0,0.0,2026_POSTHOC,V10_COMBINED_MODEL,0.6340718075017404
2026,20260411,20260411LTWO0,0.0,2026_POSTHOC,V10_COMBINED_MODEL,0.43313788189356095
2026,20260411,20260411NCSS0,1.0,2026_POSTHOC,V10_COMBINED_MODEL,0.47893950543821934
2026,20260411,20260411OBKT0,1.0,2026_POSTHOC,V10_COMBINED_MODEL,0.5031494019315313
2026,20260411,20260411SKLG0,1.0,2026_POSTHOC,V10_COMBINED_MODEL,0.6261990289989702
2026,20260412,20260412HTHH0,0.0,2026_POSTHOC,V10_COMBINED_MODEL,0.421647583724543
2026,20260412,20260412LTWO0,1.0,2026_POSTHOC,V10_COMBINED_MODEL,0.4510073984461605
2026,20260412,20260412NCSS0,1.0,2026_POSTHOC,V10_COMBINED_MODEL,0.6314576153718581
2026,20260412,20260412OBKT0,1.0,2026_POSTHOC,V10_COMBINED_MODEL,0.5999988404669656
2026,20260412,20260412SKLG0,1.0,2026_POSTHOC,V10_COMBINED_MODEL,0.5626370544996321
2026,20260414,20260414KTNC0,1.0,2026_POSTHOC,V10_COMBINED_MODEL,0.41256636501016664
2026,20260414,20260414LTLG0,1.0,2026_POSTHOC,V10_COMBINED_MODEL,0.6255998672499777
2026,20260414,20260414OBSK0,0.0,2026_POSTHOC,V10_COMBINED_MODEL,0.45378858057465166
2026,20260414,20260414SSHH0,0.0,2026_POSTHOC,V10_COMBINED_MODEL,0.44193535154096175
2026,20260414,20260414WOHT0,1.0,2026_POSTHOC,V10_COMBINED_MODEL,0.5994259274536847
2026,20260415,20260415KTNC0,0.0,2026_POSTHOC,V10_COMBINED_MODEL,0.45873759832076855
2026,20260415,20260415LTLG0,0.0,2026_POSTHOC,V10_COMBINED_MODEL,0.6923495384798591
2026,20260415,20260415OBSK0,1.0,2026_POSTHOC,V10_COMBINED_MODEL,0.5521261810339442
2026,20260415,20260415SSHH0,0.0,2026_POSTHOC,V10_COMBINED_MODEL,0.42370158668729063
2026,20260415,20260415WOHT0,1.0,2026_POSTHOC,V10_COMBINED_MODEL,0.7142647691425981
2026,20260416,20260416KTNC0,0.0,2026_POSTHOC,V10_COMBINED_MODEL,0.5533722517701789
2026,20260416,20260416LTLG0,1.0,2026_POSTHOC,V10_COMBINED_MODEL,0.5498814542869974
2026,20260416,20260416OBSK0,1.0,2026_POSTHOC,V10_COMBINED_MODEL,0.570559945888326
2026,20260416,20260416SSHH0,0.0,2026_POSTHOC,V10_COMBINED_MODEL,0.3406876069796493
2026,20260416,20260416WOHT0,1.0,2026_POSTHOC,V10_COMBINED_MODEL,0.5722484168880476
2026,20260417,20260417HTOB0,0.0,2026_POSTHOC,V10_COMBINED_MODEL,0.6618917928845237
2026,20260417,20260417WOKT0,1.0,2026_POSTHOC,V10_COMBINED_MODEL,0.5610452264161029
2026,20260418,20260418HHLT0,0.0,2026_POSTHOC,V10_COMBINED_MODEL,0.47749699794097816
2026,20260418,20260418HTOB0,1.0,2026_POSTHOC,V10_COMBINED_MODEL,0.36102500246659347
2026,20260418,20260418LGSS0,1.0,2026_POSTHOC,V10_COMBINED_MODEL,0.47178442676916266
2026,20260418,20260418SKNC0,0.0,2026_POSTHOC,V10_COMBINED_MODEL,0.5497755450465409
2026,20260418,20260418WOKT0,1.0,2026_POSTHOC,V10_COMBINED_MODEL,0.6414762046295469
2026,20260419,20260419HHLT0,0.0,2026_POSTHOC,V10_COMBINED_MODEL,0.5450364091341331
2026,20260419,20260419HTOB0,1.0,2026_POSTHOC,V10_COMBINED_MODEL,0.5085665274390629
2026,20260419,20260419LGSS0,0.0,2026_POSTHOC,V10_COMBINED_MODEL,0.457582762426889
2026,20260419,20260419SKNC0,1.0,2026_POSTHOC,V10_COMBINED_MODEL,0.5499529996938243
2026,20260419,20260419WOKT0,0.0,2026_POSTHOC,V10_COMBINED_MODEL,0.6026130152194958
2026,20260421,20260421HHLG0,1.0,2026_POSTHOC,V10_COMBINED_MODEL,0.6017197849074946
2026,20260421,20260421HTKT0,1.0,2026_POSTHOC,V10_COMBINED_MODEL,0.7062615439323119
2026,20260421,20260421NCWO0,1.0,2026_POSTHOC,V10_COMBINED_MODEL,0.40480034307391416
2026,20260421,20260421OBLT0,0.0,2026_POSTHOC,V10_COMBINED_MODEL,0.49102403542823764
2026,20260421,20260421SKSS0,0.0,2026_POSTHOC,V10_COMBINED_MODEL,0.5460983157051448
2026,20260422,20260422HHLG0,1.0,2026_POSTHOC,V10_COMBINED_MODEL,0.5869869023411887
2026,20260422,20260422HTKT0,1.0,2026_POSTHOC,V10_COMBINED_MODEL,0.40129887318948465
2026,20260422,20260422NCWO0,1.0,2026_POSTHOC,V10_COMBINED_MODEL,0.6225612840682435
2026,20260422,20260422OBLT0,0.0,2026_POSTHOC,V10_COMBINED_MODEL,0.40424474023821383
2026,20260422,20260422SKSS0,0.0,2026_POSTHOC,V10_COMBINED_MODEL,0.6725371404678723
2026,20260423,20260423HHLG0,0.0,2026_POSTHOC,V10_COMBINED_MODEL,0.6383688682652404
2026,20260423,20260423HTKT0,1.0,2026_POSTHOC,V10_COMBINED_MODEL,0.6910946255186067
2026,20260423,20260423NCWO0,0.0,2026_POSTHOC,V10_COMBINED_MODEL,0.41574433519197773
2026,20260423,20260423OBLT0,1.0,2026_POSTHOC,V10_COMBINED_MODEL,0.38742385130477075
2026,20260423,20260423SKSS0,0.0,2026_POSTHOC,V10_COMBINED_MODEL,0.48357718746509254
2026,20260424,20260424KTSK0,1.0,2026_POSTHOC,V10_COMBINED_MODEL,0.3717271950553912
2026,20260424,20260424LGOB0,0.0,2026_POSTHOC,V10_COMBINED_MODEL,0.43020890084545205
2026,20260424,20260424LTHT0,1.0,2026_POSTHOC,V10_COMBINED_MODEL,0.6181768603111045
2026,20260424,20260424NCHH0,0.0,2026_POSTHOC,V10_COMBINED_MODEL,0.5400038091712377
2026,20260424,20260424SSWO0,1.0,2026_POSTHOC,V10_COMBINED_MODEL,0.44970262489174306
2026,20260425,20260425KTSK0,1.0,2026_POSTHOC,V10_COMBINED_MODEL,0.3908507418186592
2026,20260425,20260425LGOB0,0.0,2026_POSTHOC,V10_COMBINED_MODEL,0.3964368827341878
2026,20260425,20260425LTHT0,1.0,2026_POSTHOC,V10_COMBINED_MODEL,0.553808869656598
2026,20260425,20260425NCHH0,1.0,2026_POSTHOC,V10_COMBINED_MODEL,0.4351300759619768
2026,20260425,20260425SSWO0,1.0,2026_POSTHOC,V10_COMBINED_MODEL,0.4194985410485526
2026,20260426,20260426KTSK0,0.0,2026_POSTHOC,V10_COMBINED_MODEL,0.40159599153539893
2026,20260426,20260426LGOB0,1.0,2026_POSTHOC,V10_COMBINED_MODEL,0.48686056045737475
2026,20260426,20260426NCHH0,0.0,2026_POSTHOC,V10_COMBINED_MODEL,0.44097134416322964
2026,20260426,20260426SSWO0,1.0,2026_POSTHOC,V10_COMBINED_MODEL,0.446077623507246
2026,20260428,20260428HTNC0,1.0,2026_POSTHOC,V10_COMBINED_MODEL,0.4201267349921409
2026,20260428,20260428LGKT0,1.0,2026_POSTHOC,V10_COMBINED_MODEL,0.41628302586053917
2026,20260428,20260428SKHH0,1.0,2026_POSTHOC,V10_COMBINED_MODEL,0.5349700350617286
2026,20260428,20260428SSOB0,0.0,2026_POSTHOC,V10_COMBINED_MODEL,0.42080520129107335
2026,20260428,20260428WOLT0,1.0,2026_POSTHOC,V10_COMBINED_MODEL,0.35622521027573045
2026,20260429,20260429HTNC0,0.0,2026_POSTHOC,V10_COMBINED_MODEL,0.6216416857903292
2026,20260429,20260429LGKT0,1.0,2026_POSTHOC,V10_COMBINED_MODEL,0.6293880130959183
2026,20260429,20260429SKHH0,0.0,2026_POSTHOC,V10_COMBINED_MODEL,0.34187359460039385
2026,20260429,20260429SSOB0,1.0,2026_POSTHOC,V10_COMBINED_MODEL,0.5605557059701383
2026,20260429,20260429WOLT0,0.0,2026_POSTHOC,V10_COMBINED_MODEL,0.5482054658245545
2026,20260430,20260430HTNC0,1.0,2026_POSTHOC,V10_COMBINED_MODEL,0.3567208945648902
2026,20260430,20260430LGKT0,0.0,2026_POSTHOC,V10_COMBINED_MODEL,0.5284833534008283
2026,20260430,20260430SKHH0,0.0,2026_POSTHOC,V10_COMBINED_MODEL,0.5601156274962914
2026,20260430,20260430SSOB0,1.0,2026_POSTHOC,V10_COMBINED_MODEL,0.5206401039201992
2026,20260430,20260430WOLT0,1.0,2026_POSTHOC,V10_COMBINED_MODEL,0.490122164672896
2026,20260501,20260501HHSS0,1.0,2026_POSTHOC,V10_COMBINED_MODEL,0.5649223056511554
2026,20260501,20260501KTHT0,0.0,2026_POSTHOC,V10_COMBINED_MODEL,0.45483822535510965
2026,20260501,20260501LTSK0,0.0,2026_POSTHOC,V10_COMBINED_MODEL,0.4816276378184014
2026,20260501,20260501NCLG0,1.0,2026_POSTHOC,V10_COMBINED_MODEL,0.5821579906387129
2026,20260501,20260501OBWO0,0.0,2026_POSTHOC,V10_COMBINED_MODEL,0.4666442698940584
2026,20260502,20260502HHSS0,0.0,2026_POSTHOC,V10_COMBINED_MODEL,0.503009646651686
2026,20260502,20260502KTHT0,1.0,2026_POSTHOC,V10_COMBINED_MODEL,0.32734154841518454
2026,20260502,20260502LTSK0,0.0,2026_POSTHOC,V10_COMBINED_MODEL,0.5037965740687007
2026,20260502,20260502NCLG0,1.0,2026_POSTHOC,V10_COMBINED_MODEL,0.5307540273702608
2026,20260502,20260502OBWO0,1.0,2026_POSTHOC,V10_COMBINED_MODEL,0.3434153415882487
2026,20260503,20260503HHSS0,1.0,2026_POSTHOC,V10_COMBINED_MODEL,0.6095776224020022
2026,20260503,20260503KTHT0,0.0,2026_POSTHOC,V10_COMBINED_MODEL,0.5190468243332303
2026,20260503,20260503LTSK0,0.0,2026_POSTHOC,V10_COMBINED_MODEL,0.5414960603315696
2026,20260503,20260503NCLG0,0.0,2026_POSTHOC,V10_COMBINED_MODEL,0.5603308441510243
2026,20260503,20260503OBWO0,0.0,2026_POSTHOC,V10_COMBINED_MODEL,0.3742869391109586
2026,20260505,20260505HHHT0,1.0,2026_POSTHOC,V10_COMBINED_MODEL,0.5839613161618021
2026,20260505,20260505LTKT0,1.0,2026_POSTHOC,V10_COMBINED_MODEL,0.5614961807492174
2026,20260505,20260505OBLG0,1.0,2026_POSTHOC,V10_COMBINED_MODEL,0.4950434774347729
2026,20260505,20260505WOSS0,1.0,2026_POSTHOC,V10_COMBINED_MODEL,0.624323058102476
2026,20260506,20260506HHHT0,0.0,2026_POSTHOC,V10_COMBINED_MODEL,0.6586964113319375
2026,20260506,20260506LTKT0,0.0,2026_POSTHOC,V10_COMBINED_MODEL,0.5092945198544896
2026,20260506,20260506NCSK0,1.0,2026_POSTHOC,V10_COMBINED_MODEL,0.485287506638338
2026,20260506,20260506OBLG0,1.0,2026_POSTHOC,V10_COMBINED_MODEL,0.49732428980094995
2026,20260506,20260506WOSS0,1.0,2026_POSTHOC,V10_COMBINED_MODEL,0.5871322348463525
2026,20260507,20260507HHHT0,0.0,2026_POSTHOC,V10_COMBINED_MODEL,0.6917796687770792
2026,20260507,20260507NCSK0,0.0,2026_POSTHOC,V10_COMBINED_MODEL,0.4483521705432923
2026,20260507,20260507OBLG0,0.0,2026_POSTHOC,V10_COMBINED_MODEL,0.55346136798373
2026,20260507,20260507WOSS0,1.0,2026_POSTHOC,V10_COMBINED_MODEL,0.8326113186843582
2026,20260508,20260508HTLT0,0.0,2026_POSTHOC,V10_COMBINED_MODEL,0.5594142771497181
2026,20260508,20260508KTWO0,0.0,2026_POSTHOC,V10_COMBINED_MODEL,0.33480534613128615
2026,20260508,20260508LGHH0,0.0,2026_POSTHOC,V10_COMBINED_MODEL,0.37888701574511136
2026,20260508,20260508SKOB0,0.0,2026_POSTHOC,V10_COMBINED_MODEL,0.5334708370281608
2026,20260508,20260508SSNC0,0.0,2026_POSTHOC,V10_COMBINED_MODEL,0.4338320813716869
2026,20260509,20260509HTLT0,0.0,2026_POSTHOC,V10_COMBINED_MODEL,0.37308487793114214
2026,20260509,20260509LGHH0,1.0,2026_POSTHOC,V10_COMBINED_MODEL,0.42166187401368294
2026,20260509,20260509SKOB0,1.0,2026_POSTHOC,V10_COMBINED_MODEL,0.5252728762049996
2026,20260509,20260509SSNC0,0.0,2026_POSTHOC,V10_COMBINED_MODEL,0.3509114202416927
2026,20260510,20260510HTLT0,1.0,2026_POSTHOC,V10_COMBINED_MODEL,0.5852093682001765
2026,20260510,20260510KTWO0,1.0,2026_POSTHOC,V10_COMBINED_MODEL,0.47143314435475797
2026,20260510,20260510LGHH0,1.0,2026_POSTHOC,V10_COMBINED_MODEL,0.41067298619084563
2026,20260510,20260510SKOB0,1.0,2026_POSTHOC,V10_COMBINED_MODEL,0.6506207964315753
2026,20260510,20260510SSNC0,0.0,2026_POSTHOC,V10_COMBINED_MODEL,0.43678148808799855
2026,20260512,20260512HHWO0,0.0,2026_POSTHOC,V10_COMBINED_MODEL,0.36082278396585976
2026,20260512,20260512NCLT0,0.0,2026_POSTHOC,V10_COMBINED_MODEL,0.5147204192120421
2026,20260512,20260512OBHT0,0.0,2026_POSTHOC,V10_COMBINED_MODEL,0.6239827303638963
2026,20260512,20260512SKKT0,0.0,2026_POSTHOC,V10_COMBINED_MODEL,0.5648876074705829
2026,20260512,20260512SSLG0,0.0,2026_POSTHOC,V10_COMBINED_MODEL,0.5199492727970454
2026,20260513,20260513HHWO0,1.0,2026_POSTHOC,V10_COMBINED_MODEL,0.27588974592301885
2026,20260513,20260513NCLT0,1.0,2026_POSTHOC,V10_COMBINED_MODEL,0.5385411775090447
2026,20260513,20260513OBHT0,1.0,2026_POSTHOC,V10_COMBINED_MODEL,0.6579889455513344
2026,20260513,20260513SKKT0,1.0,2026_POSTHOC,V10_COMBINED_MODEL,0.5918998269219019
2026,20260513,20260513SSLG0,1.0,2026_POSTHOC,V10_COMBINED_MODEL,0.47264536021774317
2026,20260514,20260514HHWO0,0.0,2026_POSTHOC,V10_COMBINED_MODEL,0.5069139044133222
2026,20260514,20260514NCLT0,0.0,2026_POSTHOC,V10_COMBINED_MODEL,0.5475170832886537
2026,20260514,20260514OBHT0,1.0,2026_POSTHOC,V10_COMBINED_MODEL,0.4642733276507497
2026,20260514,20260514SKKT0,0.0,2026_POSTHOC,V10_COMBINED_MODEL,0.59294643229374
2026,20260514,20260514SSLG0,0.0,2026_POSTHOC,V10_COMBINED_MODEL,0.5788708876811156
2026,20260515,20260515HHKT0,0.0,2026_POSTHOC,V10_COMBINED_MODEL,0.5136193436244717
2026,20260515,20260515HTSS0,0.0,2026_POSTHOC,V10_COMBINED_MODEL,0.6038847128570527
2026,20260515,20260515LGSK0,0.0,2026_POSTHOC,V10_COMBINED_MODEL,0.3810881512313823
2026,20260515,20260515LTOB0,0.0,2026_POSTHOC,V10_COMBINED_MODEL,0.6353083927056615
2026,20260515,20260515WONC0,0.0,2026_POSTHOC,V10_COMBINED_MODEL,0.47350807733238026
2026,20260516,20260516HHKT0,0.0,2026_POSTHOC,V10_COMBINED_MODEL,0.5313753546287527
2026,20260516,20260516HTSS0,1.0,2026_POSTHOC,V10_COMBINED_MODEL,0.6229783589502029
2026,20260516,20260516LGSK0,1.0,2026_POSTHOC,V10_COMBINED_MODEL,0.4903434773795506
2026,20260516,20260516LTOB0,1.0,2026_POSTHOC,V10_COMBINED_MODEL,0.5825904237091499
2026,20260516,20260516WONC0,1.0,2026_POSTHOC,V10_COMBINED_MODEL,0.6163333174448798
2026,20260517,20260517HHKT0,1.0,2026_POSTHOC,V10_COMBINED_MODEL,0.46038723086602756
2026,20260517,20260517HTSS0,0.0,2026_POSTHOC,V10_COMBINED_MODEL,0.6248517661425365
2026,20260517,20260517LGSK0,0.0,2026_POSTHOC,V10_COMBINED_MODEL,0.4742522283346507
2026,20260517,20260517LTOB0,1.0,2026_POSTHOC,V10_COMBINED_MODEL,0.457113915348381
2026,20260517,20260517WONC0,0.0,2026_POSTHOC,V10_COMBINED_MODEL,0.606138986388166
2026,20260519,20260519KTSS0,1.0,2026_POSTHOC,V10_COMBINED_MODEL,0.5277018263100641
2026,20260519,20260519LGHT0,1.0,2026_POSTHOC,V10_COMBINED_MODEL,0.558316114036057
2026,20260519,20260519LTHH0,0.0,2026_POSTHOC,V10_COMBINED_MODEL,0.43929856737463124
2026,20260519,20260519NCOB0,1.0,2026_POSTHOC,V10_COMBINED_MODEL,0.5687300187272574
2026,20260519,20260519SKWO0,1.0,2026_POSTHOC,V10_COMBINED_MODEL,0.34887180458000444
2026,20260520,20260520SKWO0,1.0,2026_POSTHOC,V10_COMBINED_MODEL,0.45799753097225343
2026,20260521,20260521KTSS0,1.0,2026_POSTHOC,V10_COMBINED_MODEL,0.6177338154283332
2026,20260521,20260521LGHT0,0.0,2026_POSTHOC,V10_COMBINED_MODEL,0.5972024004985323
2026,20260521,20260521LTHH0,0.0,2026_POSTHOC,V10_COMBINED_MODEL,0.39587480435350914
2026,20260521,20260521NCOB0,1.0,2026_POSTHOC,V10_COMBINED_MODEL,0.5345696830646933
2026,20260521,20260521SKWO0,1.0,2026_POSTHOC,V10_COMBINED_MODEL,0.5529001244376598
2026,20260522,20260522NCKT0,1.0,2026_POSTHOC,V10_COMBINED_MODEL,0.7598361652387919
2026,20260522,20260522OBHH0,1.0,2026_POSTHOC,V10_COMBINED_MODEL,0.4251753362643748
2026,20260522,20260522SKHT0,1.0,2026_POSTHOC,V10_COMBINED_MODEL,0.5821407256423835
2026,20260522,20260522SSLT0,0.0,2026_POSTHOC,V10_COMBINED_MODEL,0.36531197061199994
2026,20260522,20260522WOLG0,0.0,2026_POSTHOC,V10_COMBINED_MODEL,0.5078460827202519
2026,20260523,20260523NCKT0,1.0,2026_POSTHOC,V10_COMBINED_MODEL,0.5301358266223949
2026,20260523,20260523OBHH0,1.0,2026_POSTHOC,V10_COMBINED_MODEL,0.3662837964258292
2026,20260523,20260523SKHT0,1.0,2026_POSTHOC,V10_COMBINED_MODEL,0.5639486154002025
2026,20260523,20260523SSLT0,1.0,2026_POSTHOC,V10_COMBINED_MODEL,0.43325052267368513
2026,20260523,20260523WOLG0,1.0,2026_POSTHOC,V10_COMBINED_MODEL,0.6193918202453378
2026,20260524,20260524NCKT0,0.0,2026_POSTHOC,V10_COMBINED_MODEL,0.397551859007517
2026,20260524,20260524OBHH0,1.0,2026_POSTHOC,V10_COMBINED_MODEL,0.557652743043207
2026,20260524,20260524SKHT0,1.0,2026_POSTHOC,V10_COMBINED_MODEL,0.6916620002565529
2026,20260524,20260524SSLT0,0.0,2026_POSTHOC,V10_COMBINED_MODEL,0.5234063152027042
2026,20260524,20260524WOLG0,1.0,2026_POSTHOC,V10_COMBINED_MODEL,0.5593857011138625
2026,20260526,20260526HTWO0,0.0,2026_POSTHOC,V10_COMBINED_MODEL,0.47799782149879266
2026,20260526,20260526KTOB0,0.0,2026_POSTHOC,V10_COMBINED_MODEL,0.47839157086296635
2026,20260526,20260526LGLT0,0.0,2026_POSTHOC,V10_COMBINED_MODEL,0.4831383818683842
2026,20260527,20260527HHNC0,1.0,2026_POSTHOC,V10_COMBINED_MODEL,0.5043633179676987
2026,20260527,20260527HTWO0,0.0,2026_POSTHOC,V10_COMBINED_MODEL,0.4427641193510834
2026,20260527,20260527KTOB0,1.0,2026_POSTHOC,V10_COMBINED_MODEL,0.42771310259259016
2026,20260527,20260527LGLT0,0.0,2026_POSTHOC,V10_COMBINED_MODEL,0.49198028456500703
2026,20260527,20260527SSSK0,0.0,2026_POSTHOC,V10_COMBINED_MODEL,0.2857428554662308
2026,20260528,20260528HHNC0,0.0,2026_POSTHOC,V10_COMBINED_MODEL,0.27401001121586305
2026,20260528,20260528HTWO0,0.0,2026_POSTHOC,V10_COMBINED_MODEL,0.43189622685023854
2026,20260528,20260528KTOB0,0.0,2026_POSTHOC,V10_COMBINED_MODEL,0.5087592399671245
2026,20260528,20260528LGLT0,1.0,2026_POSTHOC,V10_COMBINED_MODEL,0.5059976883529067
2026,20260528,20260528SSSK0,0.0,2026_POSTHOC,V10_COMBINED_MODEL,0.3490904091387385
2026,20260529,20260529HTLG0,1.0,2026_POSTHOC,V10_COMBINED_MODEL,0.6092435116274817
2026,20260529,20260529KTWO0,0.0,2026_POSTHOC,V10_COMBINED_MODEL,0.39428014966790575
2026,20260529,20260529LTNC0,0.0,2026_POSTHOC,V10_COMBINED_MODEL,0.4792640855937058
2026,20260529,20260529OBSS0,0.0,2026_POSTHOC,V10_COMBINED_MODEL,0.5585303000346078
2026,20260529,20260529SKHH0,1.0,2026_POSTHOC,V10_COMBINED_MODEL,0.5834975127358306
2026,20260530,20260530HTLG0,1.0,2026_POSTHOC,V10_COMBINED_MODEL,0.37748433821281324
2026,20260530,20260530KTWO0,0.0,2026_POSTHOC,V10_COMBINED_MODEL,0.4368338988497584
2026,20260530,20260530LTNC0,1.0,2026_POSTHOC,V10_COMBINED_MODEL,0.6651756454168208
2026,20260530,20260530OBSS0,0.0,2026_POSTHOC,V10_COMBINED_MODEL,0.6301561487376262
2026,20260530,20260530SKHH0,1.0,2026_POSTHOC,V10_COMBINED_MODEL,0.6301720321732696
2026,20260531,20260531HTLG0,1.0,2026_POSTHOC,V10_COMBINED_MODEL,0.5823929887576309
2026,20260531,20260531KTWO0,0.0,2026_POSTHOC,V10_COMBINED_MODEL,0.3481662974148674
2026,20260531,20260531LTNC0,1.0,2026_POSTHOC,V10_COMBINED_MODEL,0.4060857405273887
2026,20260531,20260531OBSS0,1.0,2026_POSTHOC,V10_COMBINED_MODEL,0.48585595691720684
2026,20260531,20260531SKHH0,1.0,2026_POSTHOC,V10_COMBINED_MODEL,0.5679839510352165
2026,20260602,20260602HHOB0,1.0,2026_POSTHOC,V10_COMBINED_MODEL,0.5522915013280305
2026,20260602,20260602LGKT0,0.0,2026_POSTHOC,V10_COMBINED_MODEL,0.4678587251465189
2026,20260602,20260602LTHT0,1.0,2026_POSTHOC,V10_COMBINED_MODEL,0.6087774710055436
2026,20260602,20260602NCSS0,1.0,2026_POSTHOC,V10_COMBINED_MODEL,0.680400389194209
2026,20260602,20260602WOSK0,0.0,2026_POSTHOC,V10_COMBINED_MODEL,0.4882298984497554
2026,20260603,20260603LGKT0,1.0,2026_POSTHOC,V10_COMBINED_MODEL,0.6097097587842611
2026,20260603,20260603LTHT0,0.0,2026_POSTHOC,V10_COMBINED_MODEL,0.5942293659456805
2026,20260603,20260603NCSS0,0.0,2026_POSTHOC,V10_COMBINED_MODEL,0.7318845870064078
2026,20260603,20260603WOSK0,1.0,2026_POSTHOC,V10_COMBINED_MODEL,0.5294435162595464
2026,20260604,20260604HHOB0,1.0,2026_POSTHOC,V10_COMBINED_MODEL,0.5814036935978162
2026,20260604,20260604LGKT0,0.0,2026_POSTHOC,V10_COMBINED_MODEL,0.43495288004914745
2026,20260604,20260604LTHT0,1.0,2026_POSTHOC,V10_COMBINED_MODEL,0.5060348136917892
2026,20260604,20260604NCSS0,0.0,2026_POSTHOC,V10_COMBINED_MODEL,0.6237362031657852
2026,20260604,20260604WOSK0,1.0,2026_POSTHOC,V10_COMBINED_MODEL,0.5105506140512956
2026,20260605,20260605HHLT0,0.0,2026_POSTHOC,V10_COMBINED_MODEL,0.4142855715433827
2026,20260605,20260605KTSK0,1.0,2026_POSTHOC,V10_COMBINED_MODEL,0.5296002637013535
2026,20260605,20260605LGNC0,0.0,2026_POSTHOC,V10_COMBINED_MODEL,0.5592837188225565
2026,20260605,20260605SSHT0,1.0,2026_POSTHOC,V10_COMBINED_MODEL,0.5331172856465731
2026,20260605,20260605WOOB0,1.0,2026_POSTHOC,V10_COMBINED_MODEL,0.5808971867039932
2026,20260606,20260606HHLT0,0.0,2026_POSTHOC,V10_COMBINED_MODEL,0.39225004573851724
2026,20260606,20260606KTSK0,0.0,2026_POSTHOC,V10_COMBINED_MODEL,0.4828528754203897
2026,20260606,20260606LGNC0,1.0,2026_POSTHOC,V10_COMBINED_MODEL,0.36823069450162305
2026,20260606,20260606SSHT0,0.0,2026_POSTHOC,V10_COMBINED_MODEL,0.4606956365105782
2026,20260606,20260606WOOB0,1.0,2026_POSTHOC,V10_COMBINED_MODEL,0.5915894800411052
2026,20260607,20260607HHLT0,0.0,2026_POSTHOC,V10_COMBINED_MODEL,0.5960119467647066
2026,20260607,20260607KTSK0,1.0,2026_POSTHOC,V10_COMBINED_MODEL,0.40046721593952955
2026,20260607,20260607LGNC0,1.0,2026_POSTHOC,V10_COMBINED_MODEL,0.44181374337110463
2026,20260607,20260607SSHT0,1.0,2026_POSTHOC,V10_COMBINED_MODEL,0.6085548271451671
2026,20260607,20260607WOOB0,0.0,2026_POSTHOC,V10_COMBINED_MODEL,0.5246947429591305
2026,20260609,20260609HTHH0,0.0,2026_POSTHOC,V10_COMBINED_MODEL,0.5349619533011178
2026,20260609,20260609NCWO0,1.0,2026_POSTHOC,V10_COMBINED_MODEL,0.601496929472213
2026,20260609,20260609OBLT0,0.0,2026_POSTHOC,V10_COMBINED_MODEL,0.4101677509619264
2026,20260609,20260609SKLG0,1.0,2026_POSTHOC,V10_COMBINED_MODEL,0.602668490338696
2026,20260609,20260609SSKT0,1.0,2026_POSTHOC,V10_COMBINED_MODEL,0.5333133157795816
2026,20260610,20260610HTHH0,1.0,2026_POSTHOC,V10_COMBINED_MODEL,0.5003434454651384
2026,20260610,20260610NCWO0,0.0,2026_POSTHOC,V10_COMBINED_MODEL,0.4163243834023184
2026,20260610,20260610OBLT0,1.0,2026_POSTHOC,V10_COMBINED_MODEL,0.36760274875782395
2026,20260610,20260610SKLG0,1.0,2026_POSTHOC,V10_COMBINED_MODEL,0.6927618692139376
2026,20260610,20260610SSKT0,1.0,2026_POSTHOC,V10_COMBINED_MODEL,0.38926124499430487
2026,20260611,20260611HTHH0,1.0,2026_POSTHOC,V10_COMBINED_MODEL,0.4710281977864331
2026,20260611,20260611NCWO0,0.0,2026_POSTHOC,V10_COMBINED_MODEL,0.37965235614806697
2026,20260611,20260611OBLT0,0.0,2026_POSTHOC,V10_COMBINED_MODEL,0.5126566586982332
2026,20260611,20260611SKLG0,1.0,2026_POSTHOC,V10_COMBINED_MODEL,0.48931231633691635
2026,20260611,20260611SSKT0,0.0,2026_POSTHOC,V10_COMBINED_MODEL,0.4090859903299626
2026,20260612,20260612HHWO0,1.0,2026_POSTHOC,V10_COMBINED_MODEL,0.38227494497468184
2026,20260612,20260612LTLG0,0.0,2026_POSTHOC,V10_COMBINED_MODEL,0.626932397504409
2026,20260612,20260612NCKT0,1.0,2026_POSTHOC,V10_COMBINED_MODEL,0.4503730651241921
2026,20260612,20260612OBHT0,0.0,2026_POSTHOC,V10_COMBINED_MODEL,0.4743432518396695
2026,20260612,20260612SKSS0,0.0,2026_POSTHOC,V10_COMBINED_MODEL,0.571546710996588
2026,20260613,20260613HHWO0,1.0,2026_POSTHOC,V10_COMBINED_MODEL,0.5757656145309796
2026,20260613,20260613LTLG0,1.0,2026_POSTHOC,V10_COMBINED_MODEL,0.5965246237417686
2026,20260613,20260613NCKT0,1.0,2026_POSTHOC,V10_COMBINED_MODEL,0.5516892464094205
2026,20260613,20260613OBHT0,1.0,2026_POSTHOC,V10_COMBINED_MODEL,0.5241734683289181
2026,20260613,20260613SKSS0,1.0,2026_POSTHOC,V10_COMBINED_MODEL,0.6311704558513261
2026,20260614,20260614HHWO0,1.0,2026_POSTHOC,V10_COMBINED_MODEL,0.4420914649926183
2026,20260614,20260614LTLG0,1.0,2026_POSTHOC,V10_COMBINED_MODEL,0.5575972461908759
2026,20260614,20260614OBHT0,0.0,2026_POSTHOC,V10_COMBINED_MODEL,0.34023181115034684
2026,20260614,20260614SKSS0,1.0,2026_POSTHOC,V10_COMBINED_MODEL,0.5638122717367365
2026,20260616,20260616HHNC0,1.0,2026_POSTHOC,V10_COMBINED_MODEL,0.4615507150787729
2026,20260616,20260616KTOB0,0.0,2026_POSTHOC,V10_COMBINED_MODEL,0.3925659199454504
2026,20260616,20260616LGHT0,0.0,2026_POSTHOC,V10_COMBINED_MODEL,0.36276338399163466
2026,20260616,20260616LTSK0,0.0,2026_POSTHOC,V10_COMBINED_MODEL,0.4335193087145694
2026,20260616,20260616WOSS0,1.0,2026_POSTHOC,V10_COMBINED_MODEL,0.690142758865331
2026,20260617,20260617HHNC0,1.0,2026_POSTHOC,V10_COMBINED_MODEL,0.4970861771081398
2026,20260617,20260617KTOB0,0.0,2026_POSTHOC,V10_COMBINED_MODEL,0.3858844523614212
2026,20260617,20260617LGHT0,1.0,2026_POSTHOC,V10_COMBINED_MODEL,0.6426082298578165
2026,20260617,20260617LTSK0,0.0,2026_POSTHOC,V10_COMBINED_MODEL,0.47189532262112316
2026,20260617,20260617WOSS0,1.0,2026_POSTHOC,V10_COMBINED_MODEL,0.6132508256588403
2026,20260618,20260618HHNC0,1.0,2026_POSTHOC,V10_COMBINED_MODEL,0.46360061808230374
2026,20260618,20260618KTOB0,1.0,2026_POSTHOC,V10_COMBINED_MODEL,0.46933510265729017
2026,20260618,20260618LGHT0,1.0,2026_POSTHOC,V10_COMBINED_MODEL,0.371894261571261
2026,20260618,20260618WOSS0,1.0,2026_POSTHOC,V10_COMBINED_MODEL,0.6365045315343819
2026,20260619,20260619HTKT0,0.0,2026_POSTHOC,V10_COMBINED_MODEL,0.47355177274054294
2026,20260619,20260619LTWO0,0.0,2026_POSTHOC,V10_COMBINED_MODEL,0.6093975828464023
2026,20260619,20260619OBLG0,1.0,2026_POSTHOC,V10_COMBINED_MODEL,0.41124219899999975
2026,20260619,20260619SKNC0,1.0,2026_POSTHOC,V10_COMBINED_MODEL,0.48633468415403613
2026,20260620,20260620HTKT0,1.0,2026_POSTHOC,V10_COMBINED_MODEL,0.4590630640218282
2026,20260620,20260620LTWO0,0.0,2026_POSTHOC,V10_COMBINED_MODEL,0.4594141513424645
2026,20260620,20260620OBLG0,1.0,2026_POSTHOC,V10_COMBINED_MODEL,0.5237612773011804
2026,20260620,20260620SKNC0,0.0,2026_POSTHOC,V10_COMBINED_MODEL,0.5557876602590368
2026,20260620,20260620SSHH0,1.0,2026_POSTHOC,V10_COMBINED_MODEL,0.4912650735438295
2026,20260621,20260621HTKT0,0.0,2026_POSTHOC,V10_COMBINED_MODEL,0.6117931924382792
2026,20260621,20260621LTWO0,0.0,2026_POSTHOC,V10_COMBINED_MODEL,0.379588707865682
2026,20260621,20260621OBLG0,1.0,2026_POSTHOC,V10_COMBINED_MODEL,0.524005236145102
2026,20260621,20260621SKNC0,0.0,2026_POSTHOC,V10_COMBINED_MODEL,0.42728406531898677
2026,20260621,20260621SSHH0,0.0,2026_POSTHOC,V10_COMBINED_MODEL,0.4668421455770543
2026,20260623,20260623HTWO0,0.0,2026_POSTHOC,V10_COMBINED_MODEL,0.3426419982179255
2026,20260623,20260623NCLT0,1.0,2026_POSTHOC,V10_COMBINED_MODEL,0.4635958837069579
2026,20260623,20260623OBHH0,1.0,2026_POSTHOC,V10_COMBINED_MODEL,0.6188131565698918
2026,20260623,20260623SKKT0,1.0,2026_POSTHOC,V10_COMBINED_MODEL,0.6365018040976312
2026,20260623,20260623SSLG0,1.0,2026_POSTHOC,V10_COMBINED_MODEL,0.42026475884232994
2026,20260624,20260624HTWO0,0.0,2026_POSTHOC,V10_COMBINED_MODEL,0.4347386319776821
2026,20260624,20260624NCLT0,1.0,2026_POSTHOC,V10_COMBINED_MODEL,0.4811147703992606
2026,20260624,20260624OBHH0,0.0,2026_POSTHOC,V10_COMBINED_MODEL,0.4467575166454928
2026,20260624,20260624SKKT0,0.0,2026_POSTHOC,V10_COMBINED_MODEL,0.6024469412988968
2026,20260624,20260624SSLG0,1.0,2026_POSTHOC,V10_COMBINED_MODEL,0.5142164788177161
2026,20260625,20260625HTWO0,0.0,2026_POSTHOC,V10_COMBINED_MODEL,0.44430762277572944
2026,20260625,20260625NCLT0,0.0,2026_POSTHOC,V10_COMBINED_MODEL,0.42985639488143396
2026,20260625,20260625OBHH0,0.0,2026_POSTHOC,V10_COMBINED_MODEL,0.4194128382618267
2026,20260625,20260625SKKT0,1.0,2026_POSTHOC,V10_COMBINED_MODEL,0.5648973671908853
2026,20260625,20260625SSLG0,0.0,2026_POSTHOC,V10_COMBINED_MODEL,0.3618519356720922
2026,20260626,20260626HHSK0,0.0,2026_POSTHOC,V10_COMBINED_MODEL,0.425069310652685
2026,20260626,20260626HTOB0,1.0,2026_POSTHOC,V10_COMBINED_MODEL,0.6300580033535748
2026,20260626,20260626KTSS0,1.0,2026_POSTHOC,V10_COMBINED_MODEL,0.46960024076272167
2026,20260626,20260626LGLT0,1.0,2026_POSTHOC,V10_COMBINED_MODEL,0.41569081030196964
2026,20260626,20260626WONC0,1.0,2026_POSTHOC,V10_COMBINED_MODEL,0.4523410670560734
2026,20260627,20260627HHSK0,0.0,2026_POSTHOC,V10_COMBINED_MODEL,0.3990483984493903
2026,20260627,20260627HTOB0,1.0,2026_POSTHOC,V10_COMBINED_MODEL,0.5566945096892443
2026,20260627,20260627KTSS0,1.0,2026_POSTHOC,V10_COMBINED_MODEL,0.6080099462689077
2026,20260627,20260627LGLT0,0.0,2026_POSTHOC,V10_COMBINED_MODEL,0.3900998132566747
2026,20260627,20260627WONC0,0.0,2026_POSTHOC,V10_COMBINED_MODEL,0.6206205503154006
2026,20260628,20260628HHSK0,0.0,2026_POSTHOC,V10_COMBINED_MODEL,0.33623051908063417
2026,20260628,20260628HTOB0,0.0,2026_POSTHOC,V10_COMBINED_MODEL,0.5809563480001771
2026,20260628,20260628KTSS0,1.0,2026_POSTHOC,V10_COMBINED_MODEL,0.4537467635283447
2026,20260628,20260628LGLT0,1.0,2026_POSTHOC,V10_COMBINED_MODEL,0.5225188835288997
2026,20260628,20260628WONC0,1.0,2026_POSTHOC,V10_COMBINED_MODEL,0.6271093886297969
2026,20260630,20260630LGWO0,1.0,2026_POSTHOC,V10_COMBINED_MODEL,0.32935761229096716
2026,20260630,20260630LTOB0,1.0,2026_POSTHOC,V10_COMBINED_MODEL,0.5530685272281801
2026,20260630,20260630SKHT0,1.0,2026_POSTHOC,V10_COMBINED_MODEL,0.6718486211606622
2026,20260630,20260630SSNC0,0.0,2026_POSTHOC,V10_COMBINED_MODEL,0.441675458801581
2026,20260701,20260701KTHH0,0.0,2026_POSTHOC,V10_COMBINED_MODEL,0.427180618341449
2026,20260701,20260701LGWO0,0.0,2026_POSTHOC,V10_COMBINED_MODEL,0.607609076581723
2026,20260701,20260701LTOB0,0.0,2026_POSTHOC,V10_COMBINED_MODEL,0.5506521180851495
2026,20260701,20260701SSNC0,1.0,2026_POSTHOC,V10_COMBINED_MODEL,0.36391740153105284
2026,20260702,20260702KTHH0,1.0,2026_POSTHOC,V10_COMBINED_MODEL,0.5098496738079127
2026,20260702,20260702LGWO0,0.0,2026_POSTHOC,V10_COMBINED_MODEL,0.32646284085732236
2026,20260702,20260702LTOB0,1.0,2026_POSTHOC,V10_COMBINED_MODEL,0.5681562058355153
2026,20260702,20260702SKHT0,1.0,2026_POSTHOC,V10_COMBINED_MODEL,0.6029430119714053
2026,20260702,20260702SSNC0,0.0,2026_POSTHOC,V10_COMBINED_MODEL,0.4127288679369011
2026,20260703,20260703HHLG0,0.0,2026_POSTHOC,V10_COMBINED_MODEL,0.4943694110492352
2026,20260703,20260703LTKT0,0.0,2026_POSTHOC,V10_COMBINED_MODEL,0.49634767607929214
2026,20260703,20260703NCHT0,0.0,2026_POSTHOC,V10_COMBINED_MODEL,0.4574694456825771
2026,20260703,20260703OBWO0,1.0,2026_POSTHOC,V10_COMBINED_MODEL,0.35347847044339814
2026,20260703,20260703SSSK0,0.0,2026_POSTHOC,V10_COMBINED_MODEL,0.34101568504004515
2026,20260704,20260704HHLG0,1.0,2026_POSTHOC,V10_COMBINED_MODEL,0.44266371746943534
2026,20260704,20260704LTKT0,0.0,2026_POSTHOC,V10_COMBINED_MODEL,0.5005080828770744
2026,20260704,20260704NCHT0,0.0,2026_POSTHOC,V10_COMBINED_MODEL,0.41994715472990407
2026,20260704,20260704OBWO0,0.0,2026_POSTHOC,V10_COMBINED_MODEL,0.4363504344038911
2026,20260704,20260704SSSK0,0.0,2026_POSTHOC,V10_COMBINED_MODEL,0.371144181583157
2026,20260705,20260705LTKT0,1.0,2026_POSTHOC,V10_COMBINED_MODEL,0.4686185979115624
2026,20260705,20260705OBWO0,0.0,2026_POSTHOC,V10_COMBINED_MODEL,0.2911313168329871
2026,20260705,20260705SSSK0,0.0,2026_POSTHOC,V10_COMBINED_MODEL,0.42717314684033925
2026,20260707,20260707HTLT0,1.0,2026_POSTHOC,V10_COMBINED_MODEL,0.5727265619277896
2026,20260707,20260707LGSS0,1.0,2026_POSTHOC,V10_COMBINED_MODEL,0.5512629797634571
2026,20260707,20260707NCHH0,0.0,2026_POSTHOC,V10_COMBINED_MODEL,0.4674473205900307
2026,20260707,20260707SKOB0,0.0,2026_POSTHOC,V10_COMBINED_MODEL,0.6183236159633462
2026,20260707,20260707WOKT0,1.0,2026_POSTHOC,V10_COMBINED_MODEL,0.5840722983655222
2026,20260708,20260708HTLT0,1.0,2026_POSTHOC,V10_COMBINED_MODEL,0.445225267361535
2026,20260708,20260708LGSS0,0.0,2026_POSTHOC,V10_COMBINED_MODEL,0.5031020587680759
2026,20260708,20260708SKOB0,1.0,2026_POSTHOC,V10_COMBINED_MODEL,0.758686638406982
2026,20260708,20260708WOKT0,1.0,2026_POSTHOC,V10_COMBINED_MODEL,0.5621007344749444
2026,20260709,20260709HTLT0,0.0,2026_POSTHOC,V10_COMBINED_MODEL,0.5255325549366326
2026,20260709,20260709LGSS0,1.0,2026_POSTHOC,V10_COMBINED_MODEL,0.5295960953307158
2026,20260709,20260709NCHH0,1.0,2026_POSTHOC,V10_COMBINED_MODEL,0.4886106441406902
2026,20260709,20260709SKOB0,1.0,2026_POSTHOC,V10_COMBINED_MODEL,0.6093732507878299
2025,20250322,20250322HHKT0,0.0,2025_HOLDOUT,V10_SEPARATE_BLOCKS,0.7218364733809384
2025,20250322,20250322LTLG0,1.0,2025_HOLDOUT,V10_SEPARATE_BLOCKS,0.5786459213919039
2025,20250322,20250322NCHT0,1.0,2025_HOLDOUT,V10_SEPARATE_BLOCKS,0.7287938929771782
2025,20250322,20250322OBSK0,1.0,2025_HOLDOUT,V10_SEPARATE_BLOCKS,0.6373833087001598
2025,20250322,20250322WOSS0,1.0,2025_HOLDOUT,V10_SEPARATE_BLOCKS,0.7606086064985556
2025,20250323,20250323HHKT0,1.0,2025_HOLDOUT,V10_SEPARATE_BLOCKS,0.49613145923225205
2025,20250323,20250323LTLG0,1.0,2025_HOLDOUT,V10_SEPARATE_BLOCKS,0.6242336160037169
2025,20250323,20250323NCHT0,0.0,2025_HOLDOUT,V10_SEPARATE_BLOCKS,0.7647324480173974
2025,20250323,20250323OBSK0,1.0,2025_HOLDOUT,V10_SEPARATE_BLOCKS,0.655332761938342
2025,20250323,20250323WOSS0,1.0,2025_HOLDOUT,V10_SEPARATE_BLOCKS,0.6245228965196776
2025,20250325,20250325HHLG0,1.0,2025_HOLDOUT,V10_SEPARATE_BLOCKS,0.4934160452429576
2025,20250325,20250325LTSK0,0.0,2025_HOLDOUT,V10_SEPARATE_BLOCKS,0.657343892367193
2025,20250325,20250325NCSS0,1.0,2025_HOLDOUT,V10_SEPARATE_BLOCKS,0.5985495572220557
2025,20250325,20250325OBKT0,1.0,2025_HOLDOUT,V10_SEPARATE_BLOCKS,0.6257980914267797
2025,20250325,20250325WOHT0,1.0,2025_HOLDOUT,V10_SEPARATE_BLOCKS,0.578503452893972
2025,20250326,20250326HHLG0,1.0,2025_HOLDOUT,V10_SEPARATE_BLOCKS,0.6241558092418057
2025,20250326,20250326LTSK0,1.0,2025_HOLDOUT,V10_SEPARATE_BLOCKS,0.5662087776806297
2025,20250326,20250326NCSS0,0.0,2025_HOLDOUT,V10_SEPARATE_BLOCKS,0.6224201768248471
2025,20250326,20250326OBKT0,0.0,2025_HOLDOUT,V10_SEPARATE_BLOCKS,0.6945270537150336
2025,20250326,20250326WOHT0,0.0,2025_HOLDOUT,V10_SEPARATE_BLOCKS,0.606104981689823
2025,20250327,20250327HHLG0,1.0,2025_HOLDOUT,V10_SEPARATE_BLOCKS,0.5882904545707253
2025,20250327,20250327LTSK0,1.0,2025_HOLDOUT,V10_SEPARATE_BLOCKS,0.6057639734904691
2025,20250327,20250327NCSS0,0.0,2025_HOLDOUT,V10_SEPARATE_BLOCKS,0.6130672056331827
2025,20250327,20250327OBKT0,1.0,2025_HOLDOUT,V10_SEPARATE_BLOCKS,0.7373462196467714
2025,20250327,20250327WOHT0,0.0,2025_HOLDOUT,V10_SEPARATE_BLOCKS,0.49951673124622137
2025,20250328,20250328HTHH0,1.0,2025_HOLDOUT,V10_SEPARATE_BLOCKS,0.45107354649567416
2025,20250328,20250328KTLT0,0.0,2025_HOLDOUT,V10_SEPARATE_BLOCKS,0.4481653366896648
2025,20250328,20250328LGNC0,0.0,2025_HOLDOUT,V10_SEPARATE_BLOCKS,0.4035707364718995
2025,20250328,20250328SKWO0,1.0,2025_HOLDOUT,V10_SEPARATE_BLOCKS,0.38570304435737984
2025,20250328,20250328SSOB0,1.0,2025_HOLDOUT,V10_SEPARATE_BLOCKS,0.38499242858141963
2025,20250329,20250329HTHH0,1.0,2025_HOLDOUT,V10_SEPARATE_BLOCKS,0.5418050105074202
2025,20250329,20250329KTLT0,1.0,2025_HOLDOUT,V10_SEPARATE_BLOCKS,0.4189637626218597
2025,20250329,20250329LGNC0,0.0,2025_HOLDOUT,V10_SEPARATE_BLOCKS,0.4337959691087791
2025,20250329,20250329SKWO0,1.0,2025_HOLDOUT,V10_SEPARATE_BLOCKS,0.4045746785505448
2025,20250329,20250329SSOB0,0.0,2025_HOLDOUT,V10_SEPARATE_BLOCKS,0.5206061373866079
2025,20250330,20250330HTHH0,0.0,2025_HOLDOUT,V10_SEPARATE_BLOCKS,0.6071871585849862
2025,20250330,20250330SKWO0,0.0,2025_HOLDOUT,V10_SEPARATE_BLOCKS,0.4656340053811853
2025,20250330,20250330SSOB0,0.0,2025_HOLDOUT,V10_SEPARATE_BLOCKS,0.3976015355788921
2025,20250402,20250402LGKT0,1.0,2025_HOLDOUT,V10_SEPARATE_BLOCKS,0.43986427139023715
2025,20250402,20250402LTHH0,0.0,2025_HOLDOUT,V10_SEPARATE_BLOCKS,0.5352290078210838
2025,20250402,20250402SSHT0,0.0,2025_HOLDOUT,V10_SEPARATE_BLOCKS,0.3542046080322741
2025,20250402,20250402WOOB0,1.0,2025_HOLDOUT,V10_SEPARATE_BLOCKS,0.3832454595674146
2025,20250403,20250403LGKT0,0.0,2025_HOLDOUT,V10_SEPARATE_BLOCKS,0.5121244281500711
2025,20250403,20250403LTHH0,0.0,2025_HOLDOUT,V10_SEPARATE_BLOCKS,0.5886606408774601
2025,20250403,20250403SSHT0,1.0,2025_HOLDOUT,V10_SEPARATE_BLOCKS,0.32505539355136426
2025,20250403,20250403WOOB0,1.0,2025_HOLDOUT,V10_SEPARATE_BLOCKS,0.4479452661169354
2025,20250404,20250404HHSS0,1.0,2025_HOLDOUT,V10_SEPARATE_BLOCKS,0.534419552171742
2025,20250404,20250404HTLG0,1.0,2025_HOLDOUT,V10_SEPARATE_BLOCKS,0.4747046878650121
2025,20250404,20250404KTSK0,1.0,2025_HOLDOUT,V10_SEPARATE_BLOCKS,0.4385977992456318
2025,20250404,20250404NCWO0,1.0,2025_HOLDOUT,V10_SEPARATE_BLOCKS,0.49043699879754
2025,20250404,20250404OBLT0,0.0,2025_HOLDOUT,V10_SEPARATE_BLOCKS,0.5930200081507708
2025,20250405,20250405HHSS0,0.0,2025_HOLDOUT,V10_SEPARATE_BLOCKS,0.4221619397601925
2025,20250405,20250405NCWO0,0.0,2025_HOLDOUT,V10_SEPARATE_BLOCKS,0.5178808048379442
2025,20250405,20250405OBLT0,1.0,2025_HOLDOUT,V10_SEPARATE_BLOCKS,0.5690544619377952
2025,20250406,20250406HHSS0,1.0,2025_HOLDOUT,V10_SEPARATE_BLOCKS,0.5707671194494617
2025,20250406,20250406HTLG0,1.0,2025_HOLDOUT,V10_SEPARATE_BLOCKS,0.6105885396436004
2025,20250406,20250406KTSK0,1.0,2025_HOLDOUT,V10_SEPARATE_BLOCKS,0.5331430514874452
2025,20250406,20250406NCWO0,0.0,2025_HOLDOUT,V10_SEPARATE_BLOCKS,0.4723569485590814
2025,20250406,20250406OBLT0,0.0,2025_HOLDOUT,V10_SEPARATE_BLOCKS,0.7301690039522254
2025,20250408,20250408HHOB0,1.0,2025_HOLDOUT,V10_SEPARATE_BLOCKS,0.36604294231565726
2025,20250408,20250408HTLT0,0.0,2025_HOLDOUT,V10_SEPARATE_BLOCKS,0.5423225525112019
2025,20250408,20250408LGWO0,0.0,2025_HOLDOUT,V10_SEPARATE_BLOCKS,0.3932920319572178
2025,20250408,20250408NCKT0,1.0,2025_HOLDOUT,V10_SEPARATE_BLOCKS,0.7180950695566837
2025,20250408,20250408SKSS0,1.0,2025_HOLDOUT,V10_SEPARATE_BLOCKS,0.5595929528130914
2025,20250409,20250409HHOB0,0.0,2025_HOLDOUT,V10_SEPARATE_BLOCKS,0.4759814734983565
2025,20250409,20250409HTLT0,0.0,2025_HOLDOUT,V10_SEPARATE_BLOCKS,0.3669728167911679
2025,20250409,20250409LGWO0,1.0,2025_HOLDOUT,V10_SEPARATE_BLOCKS,0.44583457697443835
2025,20250409,20250409NCKT0,1.0,2025_HOLDOUT,V10_SEPARATE_BLOCKS,0.5913477673456818
2025,20250409,20250409SKSS0,0.0,2025_HOLDOUT,V10_SEPARATE_BLOCKS,0.6073507764890594
2025,20250410,20250410HHOB0,0.0,2025_HOLDOUT,V10_SEPARATE_BLOCKS,0.4913205912871366
2025,20250410,20250410HTLT0,1.0,2025_HOLDOUT,V10_SEPARATE_BLOCKS,0.5884134760791092
2025,20250410,20250410LGWO0,0.0,2025_HOLDOUT,V10_SEPARATE_BLOCKS,0.40918480746423663
2025,20250410,20250410NCKT0,0.0,2025_HOLDOUT,V10_SEPARATE_BLOCKS,0.4604233296730958
2025,20250410,20250410SKSS0,1.0,2025_HOLDOUT,V10_SEPARATE_BLOCKS,0.4925523932327044
2025,20250411,20250411LTNC0,0.0,2025_HOLDOUT,V10_SEPARATE_BLOCKS,0.45868141847066624
2025,20250411,20250411OBLG0,1.0,2025_HOLDOUT,V10_SEPARATE_BLOCKS,0.5642099641606413
2025,20250411,20250411SKHT0,0.0,2025_HOLDOUT,V10_SEPARATE_BLOCKS,0.5806083340970533
2025,20250411,20250411SSKT0,1.0,2025_HOLDOUT,V10_SEPARATE_BLOCKS,0.5871367979946419
2025,20250411,20250411WOHH0,1.0,2025_HOLDOUT,V10_SEPARATE_BLOCKS,0.6117851248784203
2025,20250412,20250412LTNC0,0.0,2025_HOLDOUT,V10_SEPARATE_BLOCKS,0.5255580386065125
2025,20250412,20250412OBLG0,1.0,2025_HOLDOUT,V10_SEPARATE_BLOCKS,0.744433913862613
2025,20250412,20250412WOHH0,0.0,2025_HOLDOUT,V10_SEPARATE_BLOCKS,0.5625359476193379
2025,20250413,20250413LTNC0,1.0,2025_HOLDOUT,V10_SEPARATE_BLOCKS,0.538052159516654
2025,20250413,20250413OBLG0,0.0,2025_HOLDOUT,V10_SEPARATE_BLOCKS,0.6896806262936717
2025,20250413,20250413SKHT0,1.0,2025_HOLDOUT,V10_SEPARATE_BLOCKS,0.47163796853672657
2025,20250413,20250413SSKT0,1.0,2025_HOLDOUT,V10_SEPARATE_BLOCKS,0.4262210536852912
2025,20250413,20250413WOHH0,1.0,2025_HOLDOUT,V10_SEPARATE_BLOCKS,0.6162814097182301
2025,20250415,20250415HHSK0,0.0,2025_HOLDOUT,V10_SEPARATE_BLOCKS,0.4850535541835963
2025,20250415,20250415KTHT0,1.0,2025_HOLDOUT,V10_SEPARATE_BLOCKS,0.44482575628841303
2025,20250415,20250415SSLG0,1.0,2025_HOLDOUT,V10_SEPARATE_BLOCKS,0.40855498763306974
2025,20250415,20250415WOLT0,1.0,2025_HOLDOUT,V10_SEPARATE_BLOCKS,0.41216246078699265
2025,20250416,20250416HHSK0,0.0,2025_HOLDOUT,V10_SEPARATE_BLOCKS,0.439090729405611
2025,20250416,20250416KTHT0,0.0,2025_HOLDOUT,V10_SEPARATE_BLOCKS,0.41544616166780385
2025,20250416,20250416SSLG0,1.0,2025_HOLDOUT,V10_SEPARATE_BLOCKS,0.6188202005497676
2025,20250416,20250416WOLT0,1.0,2025_HOLDOUT,V10_SEPARATE_BLOCKS,0.6014799819136237
2025,20250417,20250417HHSK0,0.0,2025_HOLDOUT,V10_SEPARATE_BLOCKS,0.5190428589666884
2025,20250417,20250417KTHT0,1.0,2025_HOLDOUT,V10_SEPARATE_BLOCKS,0.39776912418686916
2025,20250417,20250417SSLG0,0.0,2025_HOLDOUT,V10_SEPARATE_BLOCKS,0.49481615620533487
2025,20250417,20250417WOLT0,1.0,2025_HOLDOUT,V10_SEPARATE_BLOCKS,0.5913004271497287
2025,20250418,20250418HTOB0,1.0,2025_HOLDOUT,V10_SEPARATE_BLOCKS,0.5330680600202669
2025,20250418,20250418KTWO0,1.0,2025_HOLDOUT,V10_SEPARATE_BLOCKS,0.2572543444096981
2025,20250418,20250418LGSK0,0.0,2025_HOLDOUT,V10_SEPARATE_BLOCKS,0.2955577828871281
2025,20250418,20250418LTSS0,0.0,2025_HOLDOUT,V10_SEPARATE_BLOCKS,0.4317347990318508
2025,20250418,20250418NCHH0,1.0,2025_HOLDOUT,V10_SEPARATE_BLOCKS,0.4980151266756368
2025,20250419,20250419HTOB0,0.0,2025_HOLDOUT,V10_SEPARATE_BLOCKS,0.4227062180731379
2025,20250419,20250419KTWO0,0.0,2025_HOLDOUT,V10_SEPARATE_BLOCKS,0.3652976074635372
2025,20250419,20250419LGSK0,0.0,2025_HOLDOUT,V10_SEPARATE_BLOCKS,0.3495113781726495
2025,20250419,20250419LTSS0,1.0,2025_HOLDOUT,V10_SEPARATE_BLOCKS,0.358050384200173
2025,20250419,20250419NCHH0,1.0,2025_HOLDOUT,V10_SEPARATE_BLOCKS,0.5320323751941612
2025,20250420,20250420HTOB0,0.0,2025_HOLDOUT,V10_SEPARATE_BLOCKS,0.39437737707046366
2025,20250420,20250420KTWO0,0.0,2025_HOLDOUT,V10_SEPARATE_BLOCKS,0.40766405893896257
2025,20250420,20250420LGSK0,1.0,2025_HOLDOUT,V10_SEPARATE_BLOCKS,0.5115037976317403
2025,20250420,20250420LTSS0,0.0,2025_HOLDOUT,V10_SEPARATE_BLOCKS,0.636852031106942
2025,20250420,20250420NCHH0,1.0,2025_HOLDOUT,V10_SEPARATE_BLOCKS,0.6207853403372726
2025,20250422,20250422NCLG0,0.0,2025_HOLDOUT,V10_SEPARATE_BLOCKS,0.6593924704007018
2025,20250422,20250422OBWO0,1.0,2025_HOLDOUT,V10_SEPARATE_BLOCKS,0.6459281416743985
2025,20250422,20250422SKKT0,1.0,2025_HOLDOUT,V10_SEPARATE_BLOCKS,0.5132438932210294
2025,20250423,20250423HHLT0,0.0,2025_HOLDOUT,V10_SEPARATE_BLOCKS,0.5338919465015591
2025,20250423,20250423HTSS0,1.0,2025_HOLDOUT,V10_SEPARATE_BLOCKS,0.5625518179632496
2025,20250423,20250423NCLG0,1.0,2025_HOLDOUT,V10_SEPARATE_BLOCKS,0.4838657299617656
2025,20250423,20250423OBWO0,0.0,2025_HOLDOUT,V10_SEPARATE_BLOCKS,0.6082571656841497
2025,20250423,20250423SKKT0,0.0,2025_HOLDOUT,V10_SEPARATE_BLOCKS,0.5916861694889983
2025,20250424,20250424HHLT0,1.0,2025_HOLDOUT,V10_SEPARATE_BLOCKS,0.5272034787364399
2025,20250424,20250424HTSS0,1.0,2025_HOLDOUT,V10_SEPARATE_BLOCKS,0.6654763681821145
2025,20250424,20250424NCLG0,0.0,2025_HOLDOUT,V10_SEPARATE_BLOCKS,0.6095304459388765
2025,20250424,20250424OBWO0,0.0,2025_HOLDOUT,V10_SEPARATE_BLOCKS,0.38675974703658955
2025,20250424,20250424SKKT0,0.0,2025_HOLDOUT,V10_SEPARATE_BLOCKS,0.27909043949808204
2025,20250425,20250425KTHH0,0.0,2025_HOLDOUT,V10_SEPARATE_BLOCKS,0.48317926831466973
2025,20250425,20250425LGHT0,0.0,2025_HOLDOUT,V10_SEPARATE_BLOCKS,0.47243888045608373
2025,20250425,20250425LTOB0,0.0,2025_HOLDOUT,V10_SEPARATE_BLOCKS,0.3523024116699691
2025,20250425,20250425NCSS0,1.0,2025_HOLDOUT,V10_SEPARATE_BLOCKS,0.6133291103796875
2025,20250425,20250425WOSK0,1.0,2025_HOLDOUT,V10_SEPARATE_BLOCKS,0.5146393447687919
2025,20250426,20250426KTHH0,1.0,2025_HOLDOUT,V10_SEPARATE_BLOCKS,0.39782923006338583
2025,20250426,20250426LGHT0,1.0,2025_HOLDOUT,V10_SEPARATE_BLOCKS,0.7084892636227191
2025,20250426,20250426LTOB0,0.0,2025_HOLDOUT,V10_SEPARATE_BLOCKS,0.5250955370018606
2025,20250426,20250426NCSS0,1.0,2025_HOLDOUT,V10_SEPARATE_BLOCKS,0.6973145740978215
2025,20250426,20250426WOSK0,0.0,2025_HOLDOUT,V10_SEPARATE_BLOCKS,0.4729032494585466
2025,20250427,20250427KTHH0,1.0,2025_HOLDOUT,V10_SEPARATE_BLOCKS,0.6249995280382982
2025,20250427,20250427LGHT0,1.0,2025_HOLDOUT,V10_SEPARATE_BLOCKS,0.45717891003948874
2025,20250427,20250427LTOB0,1.0,2025_HOLDOUT,V10_SEPARATE_BLOCKS,0.4680401172962567
2025,20250427,20250427NCSS0,1.0,2025_HOLDOUT,V10_SEPARATE_BLOCKS,0.5492089560385566
2025,20250427,20250427WOSK0,0.0,2025_HOLDOUT,V10_SEPARATE_BLOCKS,0.46497510717759377
2025,20250429,20250429KTOB0,0.0,2025_HOLDOUT,V10_SEPARATE_BLOCKS,0.428081573213704
2025,20250429,20250429LGHH0,1.0,2025_HOLDOUT,V10_SEPARATE_BLOCKS,0.526578726831036
2025,20250429,20250429LTWO0,0.0,2025_HOLDOUT,V10_SEPARATE_BLOCKS,0.3573167849226094
2025,20250429,20250429NCHT0,1.0,2025_HOLDOUT,V10_SEPARATE_BLOCKS,0.4674417870599909
2025,20250429,20250429SSSK0,0.0,2025_HOLDOUT,V10_SEPARATE_BLOCKS,0.42345964409960496
2025,20250430,20250430KTOB0,0.0,2025_HOLDOUT,V10_SEPARATE_BLOCKS,0.43692146258062003
2025,20250430,20250430LGHH0,1.0,2025_HOLDOUT,V10_SEPARATE_BLOCKS,0.4453736545612726
2025,20250430,20250430LTWO0,0.0,2025_HOLDOUT,V10_SEPARATE_BLOCKS,0.26390588344452415
2025,20250430,20250430NCHT0,0.0,2025_HOLDOUT,V10_SEPARATE_BLOCKS,0.4878950100231173
2025,20250501,20250501LTWO0,0.0,2025_HOLDOUT,V10_SEPARATE_BLOCKS,0.3110265282727308
2025,20250501,20250501SSSK0,1.0,2025_HOLDOUT,V10_SEPARATE_BLOCKS,0.39719438621666775
2025,20250502,20250502HHHT0,0.0,2025_HOLDOUT,V10_SEPARATE_BLOCKS,0.5539994606729337
2025,20250502,20250502NCLT0,1.0,2025_HOLDOUT,V10_SEPARATE_BLOCKS,0.5457264910365945
2025,20250502,20250502OBSS0,1.0,2025_HOLDOUT,V10_SEPARATE_BLOCKS,0.6073709643388535
2025,20250502,20250502SKLG0,0.0,2025_HOLDOUT,V10_SEPARATE_BLOCKS,0.6004800789109499
2025,20250502,20250502WOKT0,0.0,2025_HOLDOUT,V10_SEPARATE_BLOCKS,0.5202171358478381
2025,20250503,20250503NCLT0,0.0,2025_HOLDOUT,V10_SEPARATE_BLOCKS,0.511036019128443
2025,20250503,20250503OBSS0,0.0,2025_HOLDOUT,V10_SEPARATE_BLOCKS,0.6032623073829182
2025,20250503,20250503SKLG0,1.0,2025_HOLDOUT,V10_SEPARATE_BLOCKS,0.6410460847070384
2025,20250503,20250503WOKT0,1.0,2025_HOLDOUT,V10_SEPARATE_BLOCKS,0.47409977731291447
2025,20250504,20250504HHHT0,0.0,2025_HOLDOUT,V10_SEPARATE_BLOCKS,0.49255377336003936
2025,20250504,20250504NCLT0,0.0,2025_HOLDOUT,V10_SEPARATE_BLOCKS,0.6813479125715382
2025,20250504,20250504OBSS0,0.0,2025_HOLDOUT,V10_SEPARATE_BLOCKS,0.49689974882688187
2025,20250504,20250504SKLG0,1.0,2025_HOLDOUT,V10_SEPARATE_BLOCKS,0.6514090495583519
2025,20250504,20250504WOKT0,1.0,2025_HOLDOUT,V10_SEPARATE_BLOCKS,0.6494333419474269
2025,20250505,20250505HTWO0,0.0,2025_HOLDOUT,V10_SEPARATE_BLOCKS,0.42313265325925475
2025,20250505,20250505LGOB0,1.0,2025_HOLDOUT,V10_SEPARATE_BLOCKS,0.42998217572223973
2025,20250505,20250505NCKT0,0.0,2025_HOLDOUT,V10_SEPARATE_BLOCKS,0.4073238907083203
2025,20250505,20250505SKLT0,0.0,2025_HOLDOUT,V10_SEPARATE_BLOCKS,0.42353509640040027
2025,20250505,20250505SSHH0,1.0,2025_HOLDOUT,V10_SEPARATE_BLOCKS,0.5526850625728567
2025,20250506,20250506HTWO0,0.0,2025_HOLDOUT,V10_SEPARATE_BLOCKS,0.4017719293340787
2025,20250506,20250506LGOB0,0.0,2025_HOLDOUT,V10_SEPARATE_BLOCKS,0.3511809200964075
2025,20250506,20250506NCKT0,0.0,2025_HOLDOUT,V10_SEPARATE_BLOCKS,0.5839325972615513
2025,20250506,20250506SKLT0,1.0,2025_HOLDOUT,V10_SEPARATE_BLOCKS,0.6119741664077287
2025,20250506,20250506SSHH0,1.0,2025_HOLDOUT,V10_SEPARATE_BLOCKS,0.5330596468062376
2025,20250507,20250507HTWO0,1.0,2025_HOLDOUT,V10_SEPARATE_BLOCKS,0.5677822620596382
2025,20250507,20250507LGOB0,1.0,2025_HOLDOUT,V10_SEPARATE_BLOCKS,0.677813853677239
2025,20250507,20250507NCKT0,0.0,2025_HOLDOUT,V10_SEPARATE_BLOCKS,0.72438755739184
2025,20250507,20250507SKLT0,1.0,2025_HOLDOUT,V10_SEPARATE_BLOCKS,0.6443763152960231
2025,20250507,20250507SSHH0,1.0,2025_HOLDOUT,V10_SEPARATE_BLOCKS,0.6434442454233567
2025,20250509,20250509HHWO0,0.0,2025_HOLDOUT,V10_SEPARATE_BLOCKS,0.4841008083076019
2025,20250510,20250510HHWO0,0.0,2025_HOLDOUT,V10_SEPARATE_BLOCKS,0.26043342449327384
2025,20250510,20250510HTSK0,0.0,2025_HOLDOUT,V10_SEPARATE_BLOCKS,0.46789227450300364
2025,20250510,20250510LGSS1,0.0,2025_HOLDOUT,V10_SEPARATE_BLOCKS,0.586376590029126
2025,20250510,20250510LGSS2,0.0,2025_HOLDOUT,V10_SEPARATE_BLOCKS,0.42195000839510577
2025,20250510,20250510LTKT0,0.0,2025_HOLDOUT,V10_SEPARATE_BLOCKS,0.6142276180143598
2025,20250511,20250511HHWO0,0.0,2025_HOLDOUT,V10_SEPARATE_BLOCKS,0.36294749565876094
2025,20250511,20250511HTSK1,1.0,2025_HOLDOUT,V10_SEPARATE_BLOCKS,0.41060962347473035
2025,20250511,20250511HTSK2,1.0,2025_HOLDOUT,V10_SEPARATE_BLOCKS,0.3861779979629888
2025,20250511,20250511LGSS0,0.0,2025_HOLDOUT,V10_SEPARATE_BLOCKS,0.5418311801772393
2025,20250511,20250511LTKT1,0.0,2025_HOLDOUT,V10_SEPARATE_BLOCKS,0.44756016539350213
2025,20250511,20250511NCOB1,0.0,2025_HOLDOUT,V10_SEPARATE_BLOCKS,0.4577486880193935
2025,20250511,20250511NCOB2,0.0,2025_HOLDOUT,V10_SEPARATE_BLOCKS,0.4864038814293041
2025,20250513,20250513KTSS0,1.0,2025_HOLDOUT,V10_SEPARATE_BLOCKS,0.4471524867536196
2025,20250513,20250513LTHT0,1.0,2025_HOLDOUT,V10_SEPARATE_BLOCKS,0.39612648105346365
2025,20250513,20250513NCSK0,1.0,2025_HOLDOUT,V10_SEPARATE_BLOCKS,0.44573462572236805
2025,20250513,20250513OBHH0,0.0,2025_HOLDOUT,V10_SEPARATE_BLOCKS,0.6645196918228629
2025,20250513,20250513WOLG0,1.0,2025_HOLDOUT,V10_SEPARATE_BLOCKS,0.7098985028482617
2025,20250514,20250514KTSS0,0.0,2025_HOLDOUT,V10_SEPARATE_BLOCKS,0.5329160437212986
2025,20250514,20250514LTHT0,0.0,2025_HOLDOUT,V10_SEPARATE_BLOCKS,0.39316908227927816
2025,20250514,20250514NCSK0,0.0,2025_HOLDOUT,V10_SEPARATE_BLOCKS,0.6086558356695974
2025,20250514,20250514OBHH0,0.0,2025_HOLDOUT,V10_SEPARATE_BLOCKS,0.5288598341546323
2025,20250514,20250514WOLG0,1.0,2025_HOLDOUT,V10_SEPARATE_BLOCKS,0.5107003041888332
2025,20250515,20250515KTSS0,1.0,2025_HOLDOUT,V10_SEPARATE_BLOCKS,0.5408915501947326
2025,20250515,20250515LTHT0,1.0,2025_HOLDOUT,V10_SEPARATE_BLOCKS,0.5498331241007746
2025,20250515,20250515NCSK0,1.0,2025_HOLDOUT,V10_SEPARATE_BLOCKS,0.5079387517691664
2025,20250515,20250515OBHH0,0.0,2025_HOLDOUT,V10_SEPARATE_BLOCKS,0.6049133232531302
2025,20250515,20250515WOLG0,1.0,2025_HOLDOUT,V10_SEPARATE_BLOCKS,0.5365315976357498
2025,20250517,20250517KTLG1,0.0,2025_HOLDOUT,V10_SEPARATE_BLOCKS,0.586440442469446
2025,20250517,20250517KTLG2,0.0,2025_HOLDOUT,V10_SEPARATE_BLOCKS,0.44656522720950415
2025,20250517,20250517OBHT1,1.0,2025_HOLDOUT,V10_SEPARATE_BLOCKS,0.5559282339247974
2025,20250517,20250517OBHT2,1.0,2025_HOLDOUT,V10_SEPARATE_BLOCKS,0.5795419721038498
2025,20250517,20250517SKHH1,1.0,2025_HOLDOUT,V10_SEPARATE_BLOCKS,0.5711800393873742
2025,20250517,20250517SKHH2,0.0,2025_HOLDOUT,V10_SEPARATE_BLOCKS,0.5537075977033017
2025,20250517,20250517SSLT1,1.0,2025_HOLDOUT,V10_SEPARATE_BLOCKS,0.568032572760831
2025,20250517,20250517SSLT2,1.0,2025_HOLDOUT,V10_SEPARATE_BLOCKS,0.3268390937141656
2025,20250517,20250517WONC1,1.0,2025_HOLDOUT,V10_SEPARATE_BLOCKS,0.6446191772391862
2025,20250517,20250517WONC2,0.0,2025_HOLDOUT,V10_SEPARATE_BLOCKS,0.4837437435415008
2025,20250518,20250518KTLG0,1.0,2025_HOLDOUT,V10_SEPARATE_BLOCKS,0.5331219613980894
2025,20250518,20250518OBHT0,1.0,2025_HOLDOUT,V10_SEPARATE_BLOCKS,0.49814453846465184
2025,20250518,20250518SKHH0,0.0,2025_HOLDOUT,V10_SEPARATE_BLOCKS,0.6121771179494734
2025,20250518,20250518SSLT0,1.0,2025_HOLDOUT,V10_SEPARATE_BLOCKS,0.600016302188184
2025,20250518,20250518WONC0,1.0,2025_HOLDOUT,V10_SEPARATE_BLOCKS,0.6583385022259896
2025,20250520,20250520HHNC0,0.0,2025_HOLDOUT,V10_SEPARATE_BLOCKS,0.2941239830964424
2025,20250520,20250520HTKT0,1.0,2025_HOLDOUT,V10_SEPARATE_BLOCKS,0.41186056223795237
2025,20250520,20250520LGLT0,0.0,2025_HOLDOUT,V10_SEPARATE_BLOCKS,0.21834150945131764
2025,20250520,20250520SKOB0,0.0,2025_HOLDOUT,V10_SEPARATE_BLOCKS,0.5749376911974269
2025,20250520,20250520SSWO0,0.0,2025_HOLDOUT,V10_SEPARATE_BLOCKS,0.4377607912962871
2025,20250521,20250521HHNC0,1.0,2025_HOLDOUT,V10_SEPARATE_BLOCKS,0.5795121036449153
2025,20250521,20250521HTKT0,1.0,2025_HOLDOUT,V10_SEPARATE_BLOCKS,0.5214884663930273
2025,20250521,20250521SKOB0,0.0,2025_HOLDOUT,V10_SEPARATE_BLOCKS,0.432767429986834
2025,20250521,20250521SSWO0,0.0,2025_HOLDOUT,V10_SEPARATE_BLOCKS,0.36471199983749997
2025,20250522,20250522HHNC0,1.0,2025_HOLDOUT,V10_SEPARATE_BLOCKS,0.3482557354086383
2025,20250522,20250522HTKT0,0.0,2025_HOLDOUT,V10_SEPARATE_BLOCKS,0.5179517647942141
2025,20250522,20250522LGLT0,1.0,2025_HOLDOUT,V10_SEPARATE_BLOCKS,0.37555117327083704
2025,20250522,20250522SKOB0,1.0,2025_HOLDOUT,V10_SEPARATE_BLOCKS,0.4116277234988068
2025,20250522,20250522SSWO0,0.0,2025_HOLDOUT,V10_SEPARATE_BLOCKS,0.3997511386643663
2025,20250523,20250523HTSS0,0.0,2025_HOLDOUT,V10_SEPARATE_BLOCKS,0.419203881280731
2025,20250523,20250523KTWO0,0.0,2025_HOLDOUT,V10_SEPARATE_BLOCKS,0.48345763882411413
2025,20250523,20250523LGSK0,0.0,2025_HOLDOUT,V10_SEPARATE_BLOCKS,0.4622041824147342
2025,20250523,20250523LTHH0,1.0,2025_HOLDOUT,V10_SEPARATE_BLOCKS,0.4579775110390145
2025,20250524,20250524HTSS0,1.0,2025_HOLDOUT,V10_SEPARATE_BLOCKS,0.4731769135848341
2025,20250524,20250524KTWO0,0.0,2025_HOLDOUT,V10_SEPARATE_BLOCKS,0.3190489995590181
2025,20250524,20250524LGSK0,1.0,2025_HOLDOUT,V10_SEPARATE_BLOCKS,0.41846142769414396
2025,20250524,20250524LTHH0,0.0,2025_HOLDOUT,V10_SEPARATE_BLOCKS,0.5085995810636047
2025,20250524,20250524NCOB0,0.0,2025_HOLDOUT,V10_SEPARATE_BLOCKS,0.3829667852504031
2025,20250525,20250525HTSS0,1.0,2025_HOLDOUT,V10_SEPARATE_BLOCKS,0.6345111372710597
2025,20250525,20250525KTWO0,0.0,2025_HOLDOUT,V10_SEPARATE_BLOCKS,0.31985217810027466
2025,20250525,20250525LGSK0,0.0,2025_HOLDOUT,V10_SEPARATE_BLOCKS,0.36721226692824277
2025,20250525,20250525LTHH0,1.0,2025_HOLDOUT,V10_SEPARATE_BLOCKS,0.4944338820443305
2025,20250525,20250525NCOB0,1.0,2025_HOLDOUT,V10_SEPARATE_BLOCKS,0.5389171976480265
2025,20250527,20250527HHLG0,1.0,2025_HOLDOUT,V10_SEPARATE_BLOCKS,0.6493769314621234
2025,20250527,20250527LTSS0,1.0,2025_HOLDOUT,V10_SEPARATE_BLOCKS,0.5836606009924096
2025,20250527,20250527OBKT0,1.0,2025_HOLDOUT,V10_SEPARATE_BLOCKS,0.6867489670116249
2025,20250527,20250527WOHT0,1.0,2025_HOLDOUT,V10_SEPARATE_BLOCKS,0.524511635886982
2025,20250528,20250528HHLG0,0.0,2025_HOLDOUT,V10_SEPARATE_BLOCKS,0.3621158236208337
2025,20250528,20250528NCSK0,1.0,2025_HOLDOUT,V10_SEPARATE_BLOCKS,0.6299887683190942
2025,20250528,20250528OBKT0,0.0,2025_HOLDOUT,V10_SEPARATE_BLOCKS,0.5856539041602006
2025,20250528,20250528WOHT0,1.0,2025_HOLDOUT,V10_SEPARATE_BLOCKS,0.5738102758956937
2025,20250529,20250529HHLG0,1.0,2025_HOLDOUT,V10_SEPARATE_BLOCKS,0.45687950800037136
2025,20250529,20250529LTSS0,1.0,2025_HOLDOUT,V10_SEPARATE_BLOCKS,0.38482818596977375
2025,20250529,20250529NCSK0,1.0,2025_HOLDOUT,V10_SEPARATE_BLOCKS,0.3923072332291306
2025,20250529,20250529OBKT0,1.0,2025_HOLDOUT,V10_SEPARATE_BLOCKS,0.5118564638197037
2025,20250530,20250530HHNC0,0.0,2025_HOLDOUT,V10_SEPARATE_BLOCKS,0.461769902416523
2025,20250530,20250530HTKT0,1.0,2025_HOLDOUT,V10_SEPARATE_BLOCKS,0.6170242560877746
2025,20250530,20250530OBWO0,0.0,2025_HOLDOUT,V10_SEPARATE_BLOCKS,0.4086300460457882
2025,20250530,20250530SKLT0,1.0,2025_HOLDOUT,V10_SEPARATE_BLOCKS,0.6142036977355436
2025,20250530,20250530SSLG0,0.0,2025_HOLDOUT,V10_SEPARATE_BLOCKS,0.5434157400923392
2025,20250531,20250531HHNC0,0.0,2025_HOLDOUT,V10_SEPARATE_BLOCKS,0.4565445903260683
2025,20250531,20250531HTKT0,1.0,2025_HOLDOUT,V10_SEPARATE_BLOCKS,0.6725030797369966
2025,20250531,20250531OBWO0,1.0,2025_HOLDOUT,V10_SEPARATE_BLOCKS,0.4820960006600111
2025,20250531,20250531SKLT0,0.0,2025_HOLDOUT,V10_SEPARATE_BLOCKS,0.5422440690882099
2025,20250531,20250531SSLG0,0.0,2025_HOLDOUT,V10_SEPARATE_BLOCKS,0.4902960662738275
2025,20250601,20250601HHNC0,1.0,2025_HOLDOUT,V10_SEPARATE_BLOCKS,0.567055792606939
2025,20250601,20250601HTKT0,0.0,2025_HOLDOUT,V10_SEPARATE_BLOCKS,0.28858076255575593
2025,20250601,20250601OBWO0,1.0,2025_HOLDOUT,V10_SEPARATE_BLOCKS,0.5783612696757234
2025,20250601,20250601SKLT0,0.0,2025_HOLDOUT,V10_SEPARATE_BLOCKS,0.3485990350378898
2025,20250601,20250601SSLG0,0.0,2025_HOLDOUT,V10_SEPARATE_BLOCKS,0.5725464247488642
2025,20250603,20250603HTOB0,0.0,2025_HOLDOUT,V10_SEPARATE_BLOCKS,0.4648869918561286
2025,20250603,20250603KTHH0,1.0,2025_HOLDOUT,V10_SEPARATE_BLOCKS,0.5845621827126201
2025,20250603,20250603LGNC0,0.0,2025_HOLDOUT,V10_SEPARATE_BLOCKS,0.2680440733266199
2025,20250603,20250603SSSK0,1.0,2025_HOLDOUT,V10_SEPARATE_BLOCKS,0.3773913985294284
2025,20250603,20250603WOLT0,1.0,2025_HOLDOUT,V10_SEPARATE_BLOCKS,0.5926735916288409
2025,20250604,20250604HTOB0,0.0,2025_HOLDOUT,V10_SEPARATE_BLOCKS,0.3583115006971618
2025,20250604,20250604KTHH0,1.0,2025_HOLDOUT,V10_SEPARATE_BLOCKS,0.5847127560591153
2025,20250604,20250604LGNC0,1.0,2025_HOLDOUT,V10_SEPARATE_BLOCKS,0.4700936599438651
2025,20250604,20250604SSSK0,1.0,2025_HOLDOUT,V10_SEPARATE_BLOCKS,0.448564112508216
2025,20250604,20250604WOLT0,0.0,2025_HOLDOUT,V10_SEPARATE_BLOCKS,0.6388031884555646
2025,20250605,20250605HTOB0,1.0,2025_HOLDOUT,V10_SEPARATE_BLOCKS,0.4178191394542486
2025,20250605,20250605KTHH0,0.0,2025_HOLDOUT,V10_SEPARATE_BLOCKS,0.5533440293809168
2025,20250605,20250605LGNC0,0.0,2025_HOLDOUT,V10_SEPARATE_BLOCKS,0.5023390795196399
2025,20250605,20250605SSSK0,0.0,2025_HOLDOUT,V10_SEPARATE_BLOCKS,0.5607078589600172
2025,20250605,20250605WOLT0,0.0,2025_HOLDOUT,V10_SEPARATE_BLOCKS,0.5827830855328133
2025,20250606,20250606HHHT0,1.0,2025_HOLDOUT,V10_SEPARATE_BLOCKS,0.43654611921392444
2025,20250606,20250606LGWO0,1.0,2025_HOLDOUT,V10_SEPARATE_BLOCKS,0.4029505043489238
2025,20250606,20250606LTOB0,1.0,2025_HOLDOUT,V10_SEPARATE_BLOCKS,0.5282547893752818
2025,20250606,20250606NCSS0,1.0,2025_HOLDOUT,V10_SEPARATE_BLOCKS,0.6169615688036529
2025,20250606,20250606SKKT0,1.0,2025_HOLDOUT,V10_SEPARATE_BLOCKS,0.5571987456859212
2025,20250607,20250607HHHT0,0.0,2025_HOLDOUT,V10_SEPARATE_BLOCKS,0.5589857913215899
2025,20250607,20250607LGWO0,1.0,2025_HOLDOUT,V10_SEPARATE_BLOCKS,0.30554431178853253
2025,20250607,20250607LTOB0,0.0,2025_HOLDOUT,V10_SEPARATE_BLOCKS,0.5864650489128935
2025,20250607,20250607NCSS0,0.0,2025_HOLDOUT,V10_SEPARATE_BLOCKS,0.5630516648349463
2025,20250607,20250607SKKT0,1.0,2025_HOLDOUT,V10_SEPARATE_BLOCKS,0.5407135927531288
2025,20250608,20250608HHHT0,1.0,2025_HOLDOUT,V10_SEPARATE_BLOCKS,0.4309997230789007
2025,20250608,20250608LGWO0,0.0,2025_HOLDOUT,V10_SEPARATE_BLOCKS,0.3933361811872234
2025,20250608,20250608LTOB0,0.0,2025_HOLDOUT,V10_SEPARATE_BLOCKS,0.4996096268941499
2025,20250608,20250608NCSS0,1.0,2025_HOLDOUT,V10_SEPARATE_BLOCKS,0.8301681779079476
2025,20250608,20250608SKKT0,0.0,2025_HOLDOUT,V10_SEPARATE_BLOCKS,0.5699980935343371
2025,20250610,20250610LTKT0,1.0,2025_HOLDOUT,V10_SEPARATE_BLOCKS,0.3950103611021904
2025,20250610,20250610OBHH0,1.0,2025_HOLDOUT,V10_SEPARATE_BLOCKS,0.5703312069756478
2025,20250610,20250610SKLG0,0.0,2025_HOLDOUT,V10_SEPARATE_BLOCKS,0.6152840306749565
2025,20250610,20250610SSHT0,0.0,2025_HOLDOUT,V10_SEPARATE_BLOCKS,0.6014009174904622
2025,20250611,20250611LTKT0,0.0,2025_HOLDOUT,V10_SEPARATE_BLOCKS,0.5426555286786745
2025,20250611,20250611NCWO0,0.0,2025_HOLDOUT,V10_SEPARATE_BLOCKS,0.43226066041844946
2025,20250611,20250611OBHH0,1.0,2025_HOLDOUT,V10_SEPARATE_BLOCKS,0.4743998751810737
2025,20250611,20250611SKLG0,1.0,2025_HOLDOUT,V10_SEPARATE_BLOCKS,0.5014550741071058
2025,20250611,20250611SSHT0,1.0,2025_HOLDOUT,V10_SEPARATE_BLOCKS,0.5671507595857809
2025,20250612,20250612LTKT0,0.0,2025_HOLDOUT,V10_SEPARATE_BLOCKS,0.607201282381783
2025,20250612,20250612NCWO0,0.0,2025_HOLDOUT,V10_SEPARATE_BLOCKS,0.4468834748160124
2025,20250612,20250612OBHH0,1.0,2025_HOLDOUT,V10_SEPARATE_BLOCKS,0.4339977744689319
2025,20250612,20250612SKLG0,1.0,2025_HOLDOUT,V10_SEPARATE_BLOCKS,0.6434686900864484
2025,20250612,20250612SSHT0,0.0,2025_HOLDOUT,V10_SEPARATE_BLOCKS,0.3720139397362962
2025,20250613,20250613HTNC0,1.0,2025_HOLDOUT,V10_SEPARATE_BLOCKS,0.44239314518422723
2025,20250614,20250614HTNC0,0.0,2025_HOLDOUT,V10_SEPARATE_BLOCKS,0.2076319889959404
2025,20250614,20250614KTSS0,0.0,2025_HOLDOUT,V10_SEPARATE_BLOCKS,0.6240611911184921
2025,20250614,20250614LTSK0,0.0,2025_HOLDOUT,V10_SEPARATE_BLOCKS,0.4438296627323746
2025,20250614,20250614WOOB0,1.0,2025_HOLDOUT,V10_SEPARATE_BLOCKS,0.4452871936787828
2025,20250615,20250615HTNC0,0.0,2025_HOLDOUT,V10_SEPARATE_BLOCKS,0.5228714119907717
2025,20250615,20250615KTSS0,0.0,2025_HOLDOUT,V10_SEPARATE_BLOCKS,0.44048027909046433
2025,20250615,20250615LGHH0,1.0,2025_HOLDOUT,V10_SEPARATE_BLOCKS,0.44433973083125783
2025,20250615,20250615LTSK0,1.0,2025_HOLDOUT,V10_SEPARATE_BLOCKS,0.6537426211784225
2025,20250615,20250615WOOB0,1.0,2025_HOLDOUT,V10_SEPARATE_BLOCKS,0.5076756451070595
2025,20250617,20250617HHLT0,0.0,2025_HOLDOUT,V10_SEPARATE_BLOCKS,0.4533075366407362
2025,20250617,20250617KTHT0,1.0,2025_HOLDOUT,V10_SEPARATE_BLOCKS,0.3489412010974726
2025,20250617,20250617NCLG0,0.0,2025_HOLDOUT,V10_SEPARATE_BLOCKS,0.4467919964189826
2025,20250617,20250617OBSS0,1.0,2025_HOLDOUT,V10_SEPARATE_BLOCKS,0.560615348394425
2025,20250617,20250617SKWO0,0.0,2025_HOLDOUT,V10_SEPARATE_BLOCKS,0.4155028535978513
2025,20250618,20250618HHLT0,1.0,2025_HOLDOUT,V10_SEPARATE_BLOCKS,0.3794373144600782
2025,20250618,20250618KTHT0,1.0,2025_HOLDOUT,V10_SEPARATE_BLOCKS,0.3549935992220174
2025,20250618,20250618NCLG0,1.0,2025_HOLDOUT,V10_SEPARATE_BLOCKS,0.6239622352239198
2025,20250618,20250618OBSS0,1.0,2025_HOLDOUT,V10_SEPARATE_BLOCKS,0.5393858030047219
2025,20250618,20250618SKWO0,1.0,2025_HOLDOUT,V10_SEPARATE_BLOCKS,0.5472893991730646
2025,20250619,20250619HHLT0,1.0,2025_HOLDOUT,V10_SEPARATE_BLOCKS,0.5117104557194783
2025,20250619,20250619KTHT0,1.0,2025_HOLDOUT,V10_SEPARATE_BLOCKS,0.5986754108726683
2025,20250619,20250619NCLG0,0.0,2025_HOLDOUT,V10_SEPARATE_BLOCKS,0.31279491224585204
2025,20250619,20250619OBSS0,0.0,2025_HOLDOUT,V10_SEPARATE_BLOCKS,0.3739368678476703
2025,20250619,20250619SKWO0,0.0,2025_HOLDOUT,V10_SEPARATE_BLOCKS,0.5073236455693169
2025,20250620,20250620SSLT0,1.0,2025_HOLDOUT,V10_SEPARATE_BLOCKS,0.6754273021093483
2025,20250621,20250621NCKT0,1.0,2025_HOLDOUT,V10_SEPARATE_BLOCKS,0.6096376980395862
2025,20250621,20250621OBLG0,0.0,2025_HOLDOUT,V10_SEPARATE_BLOCKS,0.5270608343560874
2025,20250622,20250622HTSK0,0.0,2025_HOLDOUT,V10_SEPARATE_BLOCKS,0.46734206450331245
2025,20250622,20250622NCKT0,0.0,2025_HOLDOUT,V10_SEPARATE_BLOCKS,0.46926336845440103
2025,20250622,20250622OBLG0,1.0,2025_HOLDOUT,V10_SEPARATE_BLOCKS,0.582191152466572
2025,20250622,20250622SSLT0,1.0,2025_HOLDOUT,V10_SEPARATE_BLOCKS,0.4944600963185947
2025,20250622,20250622WOHH0,1.0,2025_HOLDOUT,V10_SEPARATE_BLOCKS,0.6080456091642118
2025,20250624,20250624HTWO0,1.0,2025_HOLDOUT,V10_SEPARATE_BLOCKS,0.5112471919704623
2025,20250624,20250624LGKT0,1.0,2025_HOLDOUT,V10_SEPARATE_BLOCKS,0.46564422360819524
2025,20250624,20250624SKOB0,1.0,2025_HOLDOUT,V10_SEPARATE_BLOCKS,0.39012649391138177
2025,20250625,20250625HHSS0,1.0,2025_HOLDOUT,V10_SEPARATE_BLOCKS,0.49702174245734626
2025,20250625,20250625HTWO0,0.0,2025_HOLDOUT,V10_SEPARATE_BLOCKS,0.46113799793337196
2025,20250625,20250625LTNC0,1.0,2025_HOLDOUT,V10_SEPARATE_BLOCKS,0.49158693581562296
2025,20250626,20250626HHSS0,0.0,2025_HOLDOUT,V10_SEPARATE_BLOCKS,0.4334454819099713
2025,20250626,20250626LGKT0,0.0,2025_HOLDOUT,V10_SEPARATE_BLOCKS,0.42343911846349985
2025,20250626,20250626LTNC0,0.0,2025_HOLDOUT,V10_SEPARATE_BLOCKS,0.35418005128261615
2025,20250626,20250626SKOB0,0.0,2025_HOLDOUT,V10_SEPARATE_BLOCKS,0.5645482623443302
2025,20250627,20250627HHSK0,1.0,2025_HOLDOUT,V10_SEPARATE_BLOCKS,0.4909939372178888
2025,20250627,20250627HTLG0,1.0,2025_HOLDOUT,V10_SEPARATE_BLOCKS,0.5171376224804022
2025,20250627,20250627KTLT0,0.0,2025_HOLDOUT,V10_SEPARATE_BLOCKS,0.30963448964495277
2025,20250627,20250627OBNC0,1.0,2025_HOLDOUT,V10_SEPARATE_BLOCKS,0.48504398673873833
2025,20250627,20250627SSWO0,1.0,2025_HOLDOUT,V10_SEPARATE_BLOCKS,0.42887682150875234
2025,20250628,20250628HHSK0,0.0,2025_HOLDOUT,V10_SEPARATE_BLOCKS,0.46213854103733387
2025,20250628,20250628HTLG0,0.0,2025_HOLDOUT,V10_SEPARATE_BLOCKS,0.5991645775440855
2025,20250628,20250628KTLT0,0.0,2025_HOLDOUT,V10_SEPARATE_BLOCKS,0.45404318976418895
2025,20250628,20250628OBNC0,1.0,2025_HOLDOUT,V10_SEPARATE_BLOCKS,0.5383885339286563
2025,20250628,20250628SSWO0,1.0,2025_HOLDOUT,V10_SEPARATE_BLOCKS,0.44059972762844435
2025,20250629,20250629HHSK0,1.0,2025_HOLDOUT,V10_SEPARATE_BLOCKS,0.4431148732629411
2025,20250629,20250629HTLG0,0.0,2025_HOLDOUT,V10_SEPARATE_BLOCKS,0.6492355492858038
2025,20250629,20250629KTLT0,1.0,2025_HOLDOUT,V10_SEPARATE_BLOCKS,0.576779914636941
2025,20250629,20250629OBNC0,0.0,2025_HOLDOUT,V10_SEPARATE_BLOCKS,0.4937943395133242
2025,20250629,20250629SSWO0,1.0,2025_HOLDOUT,V10_SEPARATE_BLOCKS,0.5127183106229295
2025,20250701,20250701LGLT0,0.0,2025_HOLDOUT,V10_SEPARATE_BLOCKS,0.5289347699319865
2025,20250701,20250701NCHH0,1.0,2025_HOLDOUT,V10_SEPARATE_BLOCKS,0.5294733388205581
2025,20250701,20250701SKHT0,1.0,2025_HOLDOUT,V10_SEPARATE_BLOCKS,0.2921221949316281
2025,20250701,20250701SSOB0,0.0,2025_HOLDOUT,V10_SEPARATE_BLOCKS,0.3472973120330438
2025,20250701,20250701WOKT0,0.0,2025_HOLDOUT,V10_SEPARATE_BLOCKS,0.6234022472545326
2025,20250702,20250702LGLT0,1.0,2025_HOLDOUT,V10_SEPARATE_BLOCKS,0.4663882579880502
2025,20250702,20250702NCHH0,0.0,2025_HOLDOUT,V10_SEPARATE_BLOCKS,0.7004209724317269
2025,20250702,20250702SKHT0,0.0,2025_HOLDOUT,V10_SEPARATE_BLOCKS,0.4413008547918629
2025,20250702,20250702SSOB0,1.0,2025_HOLDOUT,V10_SEPARATE_BLOCKS,0.5827826870990671
2025,20250702,20250702WOKT0,1.0,2025_HOLDOUT,V10_SEPARATE_BLOCKS,0.5310724067525078
2025,20250703,20250703LGLT0,1.0,2025_HOLDOUT,V10_SEPARATE_BLOCKS,0.29452459913160256
2025,20250703,20250703SKHT0,1.0,2025_HOLDOUT,V10_SEPARATE_BLOCKS,0.5096670990003522
2025,20250703,20250703SSOB0,0.0,2025_HOLDOUT,V10_SEPARATE_BLOCKS,0.5062652197316008
2025,20250703,20250703WOKT0,1.0,2025_HOLDOUT,V10_SEPARATE_BLOCKS,0.6223987458790821
2025,20250704,20250704HHWO0,0.0,2025_HOLDOUT,V10_SEPARATE_BLOCKS,0.3756200835843766
2025,20250704,20250704KTOB0,0.0,2025_HOLDOUT,V10_SEPARATE_BLOCKS,0.5134338548737071
2025,20250704,20250704LGSS0,1.0,2025_HOLDOUT,V10_SEPARATE_BLOCKS,0.37654209105954123
2025,20250704,20250704LTHT0,1.0,2025_HOLDOUT,V10_SEPARATE_BLOCKS,0.6039865533267477
2025,20250704,20250704SKNC0,0.0,2025_HOLDOUT,V10_SEPARATE_BLOCKS,0.4903345683321239
2025,20250705,20250705HHWO0,0.0,2025_HOLDOUT,V10_SEPARATE_BLOCKS,0.3798714051346461
2025,20250705,20250705KTOB0,1.0,2025_HOLDOUT,V10_SEPARATE_BLOCKS,0.4011748891344709
2025,20250705,20250705LGSS0,1.0,2025_HOLDOUT,V10_SEPARATE_BLOCKS,0.38856284952922965
2025,20250705,20250705LTHT0,1.0,2025_HOLDOUT,V10_SEPARATE_BLOCKS,0.411843215887938
2025,20250705,20250705SKNC0,0.0,2025_HOLDOUT,V10_SEPARATE_BLOCKS,0.4314536213449479
2025,20250706,20250706HHWO0,0.0,2025_HOLDOUT,V10_SEPARATE_BLOCKS,0.32008401618697624
2025,20250706,20250706KTOB0,1.0,2025_HOLDOUT,V10_SEPARATE_BLOCKS,0.3553956007030629
2025,20250706,20250706LGSS0,0.0,2025_HOLDOUT,V10_SEPARATE_BLOCKS,0.5820862840818107
2025,20250706,20250706LTHT0,0.0,2025_HOLDOUT,V10_SEPARATE_BLOCKS,0.24002076714343912
2025,20250706,20250706SKNC0,1.0,2025_HOLDOUT,V10_SEPARATE_BLOCKS,0.6138599630430319
2025,20250708,20250708HTHH0,1.0,2025_HOLDOUT,V10_SEPARATE_BLOCKS,0.5990270277604697
2025,20250708,20250708KTSK0,1.0,2025_HOLDOUT,V10_SEPARATE_BLOCKS,0.5888292805427465
2025,20250708,20250708OBLT0,0.0,2025_HOLDOUT,V10_SEPARATE_BLOCKS,0.38963700655188477
2025,20250708,20250708SSNC0,1.0,2025_HOLDOUT,V10_SEPARATE_BLOCKS,0.41650933954994235
2025,20250708,20250708WOLG0,1.0,2025_HOLDOUT,V10_SEPARATE_BLOCKS,0.5389012254711496
2025,20250709,20250709HTHH0,1.0,2025_HOLDOUT,V10_SEPARATE_BLOCKS,0.4739305188503181
2025,20250709,20250709KTSK0,0.0,2025_HOLDOUT,V10_SEPARATE_BLOCKS,0.4586437525583997
2025,20250709,20250709OBLT0,1.0,2025_HOLDOUT,V10_SEPARATE_BLOCKS,0.3838339408992476
2025,20250709,20250709SSNC0,1.0,2025_HOLDOUT,V10_SEPARATE_BLOCKS,0.4566793350054225
2025,20250709,20250709WOLG0,1.0,2025_HOLDOUT,V10_SEPARATE_BLOCKS,0.5695790466845133
2025,20250710,20250710HTHH0,1.0,2025_HOLDOUT,V10_SEPARATE_BLOCKS,0.35484755076085606
2025,20250710,20250710KTSK0,0.0,2025_HOLDOUT,V10_SEPARATE_BLOCKS,0.501912450285467
2025,20250710,20250710OBLT0,0.0,2025_HOLDOUT,V10_SEPARATE_BLOCKS,0.4039986349238777
2025,20250710,20250710SSNC0,1.0,2025_HOLDOUT,V10_SEPARATE_BLOCKS,0.5667741510587836
2025,20250710,20250710WOLG0,0.0,2025_HOLDOUT,V10_SEPARATE_BLOCKS,0.5249764152446874
2025,20250718,20250718HHKT0,0.0,2025_HOLDOUT,V10_SEPARATE_BLOCKS,0.3923527325738046
2025,20250718,20250718LTLG0,1.0,2025_HOLDOUT,V10_SEPARATE_BLOCKS,0.46754437919183783
2025,20250719,20250719HHKT0,0.0,2025_HOLDOUT,V10_SEPARATE_BLOCKS,0.4308451908858722
2025,20250719,20250719LTLG0,0.0,2025_HOLDOUT,V10_SEPARATE_BLOCKS,0.4078742228857673
2025,20250719,20250719OBSK0,0.0,2025_HOLDOUT,V10_SEPARATE_BLOCKS,0.5249433810512872
2025,20250720,20250720HHKT0,0.0,2025_HOLDOUT,V10_SEPARATE_BLOCKS,0.4684618701161331
2025,20250720,20250720LTLG0,1.0,2025_HOLDOUT,V10_SEPARATE_BLOCKS,0.6733701536537441
2025,20250720,20250720NCHT0,1.0,2025_HOLDOUT,V10_SEPARATE_BLOCKS,0.38659838958944354
2025,20250720,20250720OBSK0,0.0,2025_HOLDOUT,V10_SEPARATE_BLOCKS,0.5199240182172928
2025,20250720,20250720WOSS0,1.0,2025_HOLDOUT,V10_SEPARATE_BLOCKS,0.5560356074245018
2025,20250722,20250722HHOB0,0.0,2025_HOLDOUT,V10_SEPARATE_BLOCKS,0.47602406570153366
2025,20250722,20250722KTNC0,0.0,2025_HOLDOUT,V10_SEPARATE_BLOCKS,0.45445041966927535
2025,20250722,20250722LGHT0,0.0,2025_HOLDOUT,V10_SEPARATE_BLOCKS,0.48272065037532785
2025,20250722,20250722LTWO0,1.0,2025_HOLDOUT,V10_SEPARATE_BLOCKS,0.4633630361308395
2025,20250722,20250722SKSS0,1.0,2025_HOLDOUT,V10_SEPARATE_BLOCKS,0.5035149234971859
2025,20250723,20250723HHOB0,1.0,2025_HOLDOUT,V10_SEPARATE_BLOCKS,0.4675644330239853
2025,20250723,20250723KTNC0,0.0,2025_HOLDOUT,V10_SEPARATE_BLOCKS,0.5692698208489467
2025,20250723,20250723LGHT0,0.0,2025_HOLDOUT,V10_SEPARATE_BLOCKS,0.42582187092128576
2025,20250723,20250723LTWO0,0.0,2025_HOLDOUT,V10_SEPARATE_BLOCKS,0.4138311901962744
2025,20250723,20250723SKSS0,1.0,2025_HOLDOUT,V10_SEPARATE_BLOCKS,0.49854538693672457
2025,20250724,20250724KTNC0,0.0,2025_HOLDOUT,V10_SEPARATE_BLOCKS,0.36560159868611897
2025,20250724,20250724LGHT0,0.0,2025_HOLDOUT,V10_SEPARATE_BLOCKS,0.47855800966019574
2025,20250724,20250724LTWO0,0.0,2025_HOLDOUT,V10_SEPARATE_BLOCKS,0.3971113699669755
2025,20250724,20250724SKSS0,0.0,2025_HOLDOUT,V10_SEPARATE_BLOCKS,0.5040998834858288
2025,20250725,20250725HTLT0,1.0,2025_HOLDOUT,V10_SEPARATE_BLOCKS,0.7838834301078991
2025,20250725,20250725LGOB0,0.0,2025_HOLDOUT,V10_SEPARATE_BLOCKS,0.48478788939299816
2025,20250725,20250725SKHH0,1.0,2025_HOLDOUT,V10_SEPARATE_BLOCKS,0.5626912340282026
2025,20250725,20250725SSKT0,1.0,2025_HOLDOUT,V10_SEPARATE_BLOCKS,0.6426959576201519
2025,20250725,20250725WONC0,1.0,2025_HOLDOUT,V10_SEPARATE_BLOCKS,0.5041726477731315
2025,20250726,20250726HTLT0,1.0,2025_HOLDOUT,V10_SEPARATE_BLOCKS,0.6010368172688966
2025,20250726,20250726LGOB0,0.0,2025_HOLDOUT,V10_SEPARATE_BLOCKS,0.4087336235929805
2025,20250726,20250726SKHH0,0.0,2025_HOLDOUT,V10_SEPARATE_BLOCKS,0.55859782067349
2025,20250726,20250726SSKT0,0.0,2025_HOLDOUT,V10_SEPARATE_BLOCKS,0.4508440684726416
2025,20250726,20250726WONC0,1.0,2025_HOLDOUT,V10_SEPARATE_BLOCKS,0.46293606171272883
2025,20250727,20250727HTLT0,1.0,2025_HOLDOUT,V10_SEPARATE_BLOCKS,0.39867738211642967
2025,20250727,20250727LGOB0,1.0,2025_HOLDOUT,V10_SEPARATE_BLOCKS,0.6897298218757874
2025,20250727,20250727SKHH0,0.0,2025_HOLDOUT,V10_SEPARATE_BLOCKS,0.5192260340182467
2025,20250727,20250727SSKT0,1.0,2025_HOLDOUT,V10_SEPARATE_BLOCKS,0.49819328748013586
2025,20250727,20250727WONC0,1.0,2025_HOLDOUT,V10_SEPARATE_BLOCKS,0.567812618484366
2025,20250729,20250729KTLG0,1.0,2025_HOLDOUT,V10_SEPARATE_BLOCKS,0.5642296029731357
2025,20250729,20250729NCLT0,1.0,2025_HOLDOUT,V10_SEPARATE_BLOCKS,0.5258633810945333
2025,20250729,20250729OBHT0,0.0,2025_HOLDOUT,V10_SEPARATE_BLOCKS,0.5477657628436269
2025,20250729,20250729SSHH0,0.0,2025_HOLDOUT,V10_SEPARATE_BLOCKS,0.445601643424929
2025,20250729,20250729WOSK0,1.0,2025_HOLDOUT,V10_SEPARATE_BLOCKS,0.4453622397664219
2025,20250730,20250730KTLG0,1.0,2025_HOLDOUT,V10_SEPARATE_BLOCKS,0.5995248333418837
2025,20250730,20250730NCLT0,0.0,2025_HOLDOUT,V10_SEPARATE_BLOCKS,0.7153872219837009
2025,20250730,20250730SSHH0,1.0,2025_HOLDOUT,V10_SEPARATE_BLOCKS,0.6428420304450194
2025,20250731,20250731KTLG0,1.0,2025_HOLDOUT,V10_SEPARATE_BLOCKS,0.48161214502435035
2025,20250731,20250731NCLT0,1.0,2025_HOLDOUT,V10_SEPARATE_BLOCKS,0.634812650937819
2025,20250731,20250731OBHT0,1.0,2025_HOLDOUT,V10_SEPARATE_BLOCKS,0.26335071588696135
2025,20250731,20250731SSHH0,1.0,2025_HOLDOUT,V10_SEPARATE_BLOCKS,0.7664025842173604
2025,20250731,20250731WOSK0,1.0,2025_HOLDOUT,V10_SEPARATE_BLOCKS,0.6232693934421902
2025,20250801,20250801HHHT0,1.0,2025_HOLDOUT,V10_SEPARATE_BLOCKS,0.24113736241693207
2025,20250801,20250801KTNC0,1.0,2025_HOLDOUT,V10_SEPARATE_BLOCKS,0.44185940261747114
2025,20250801,20250801LGSS0,0.0,2025_HOLDOUT,V10_SEPARATE_BLOCKS,0.48957482675519487
2025,20250801,20250801LTWO0,1.0,2025_HOLDOUT,V10_SEPARATE_BLOCKS,0.6022173178053256
2025,20250801,20250801SKOB0,0.0,2025_HOLDOUT,V10_SEPARATE_BLOCKS,0.464858903158053
2025,20250802,20250802KTNC0,1.0,2025_HOLDOUT,V10_SEPARATE_BLOCKS,0.6621317079811148
2025,20250802,20250802LGSS0,0.0,2025_HOLDOUT,V10_SEPARATE_BLOCKS,0.5313923034456444
2025,20250802,20250802LTWO0,0.0,2025_HOLDOUT,V10_SEPARATE_BLOCKS,0.4600552333983516
2025,20250802,20250802SKOB0,1.0,2025_HOLDOUT,V10_SEPARATE_BLOCKS,0.4570491072973907
2025,20250803,20250803LGSS0,0.0,2025_HOLDOUT,V10_SEPARATE_BLOCKS,0.40882121519641873
2025,20250803,20250803LTWO0,0.0,2025_HOLDOUT,V10_SEPARATE_BLOCKS,0.38068778851573626
2025,20250803,20250803SKOB0,0.0,2025_HOLDOUT,V10_SEPARATE_BLOCKS,0.4571956069445513
2025,20250805,20250805HTLT0,0.0,2025_HOLDOUT,V10_SEPARATE_BLOCKS,0.47786762178567227
2025,20250805,20250805KTHH0,0.0,2025_HOLDOUT,V10_SEPARATE_BLOCKS,0.6323087604754897
2025,20250805,20250805OBLG0,1.0,2025_HOLDOUT,V10_SEPARATE_BLOCKS,0.6203346892794667
2025,20250805,20250805SSSK0,0.0,2025_HOLDOUT,V10_SEPARATE_BLOCKS,0.498819705507437
2025,20250805,20250805WONC0,0.0,2025_HOLDOUT,V10_SEPARATE_BLOCKS,0.4546239684743006
2025,20250806,20250806HTLT0,1.0,2025_HOLDOUT,V10_SEPARATE_BLOCKS,0.5060091284888127
2025,20250806,20250806KTHH0,1.0,2025_HOLDOUT,V10_SEPARATE_BLOCKS,0.6755708484433811
2025,20250806,20250806OBLG0,0.0,2025_HOLDOUT,V10_SEPARATE_BLOCKS,0.33787039524233586
2025,20250806,20250806SSSK0,1.0,2025_HOLDOUT,V10_SEPARATE_BLOCKS,0.5843617146300265
2025,20250806,20250806WONC0,0.0,2025_HOLDOUT,V10_SEPARATE_BLOCKS,0.5266195306286827
2025,20250807,20250807HTLT0,0.0,2025_HOLDOUT,V10_SEPARATE_BLOCKS,0.3703200955648445
2025,20250807,20250807KTHH0,0.0,2025_HOLDOUT,V10_SEPARATE_BLOCKS,0.5706296736045218
2025,20250807,20250807OBLG0,1.0,2025_HOLDOUT,V10_SEPARATE_BLOCKS,0.5756437187820673
2025,20250807,20250807SSSK0,0.0,2025_HOLDOUT,V10_SEPARATE_BLOCKS,0.42772091890683306
2025,20250807,20250807WONC0,0.0,2025_HOLDOUT,V10_SEPARATE_BLOCKS,0.4699898200584889
2025,20250808,20250808HHLG0,1.0,2025_HOLDOUT,V10_SEPARATE_BLOCKS,0.5715343966087408
2025,20250808,20250808HTNC0,1.0,2025_HOLDOUT,V10_SEPARATE_BLOCKS,0.5585260797269268
2025,20250808,20250808OBWO0,0.0,2025_HOLDOUT,V10_SEPARATE_BLOCKS,0.3852644701221239
2025,20250808,20250808SKLT0,0.0,2025_HOLDOUT,V10_SEPARATE_BLOCKS,0.5527652469967543
2025,20250808,20250808SSKT0,0.0,2025_HOLDOUT,V10_SEPARATE_BLOCKS,0.4711383034779926
2025,20250809,20250809HHLG0,1.0,2025_HOLDOUT,V10_SEPARATE_BLOCKS,0.632976213703789
2025,20250809,20250809OBWO0,0.0,2025_HOLDOUT,V10_SEPARATE_BLOCKS,0.5125157515876375
2025,20250809,20250809SSKT0,1.0,2025_HOLDOUT,V10_SEPARATE_BLOCKS,0.5369267806412713
2025,20250810,20250810HHLG0,0.0,2025_HOLDOUT,V10_SEPARATE_BLOCKS,0.5379077667974617
2025,20250810,20250810HTNC0,1.0,2025_HOLDOUT,V10_SEPARATE_BLOCKS,0.7189315768640357
2025,20250810,20250810OBWO0,1.0,2025_HOLDOUT,V10_SEPARATE_BLOCKS,0.587144141051631
2025,20250810,20250810SKLT0,0.0,2025_HOLDOUT,V10_SEPARATE_BLOCKS,0.637418171106864
2025,20250810,20250810SSKT0,1.0,2025_HOLDOUT,V10_SEPARATE_BLOCKS,0.4205638543852607
2025,20250812,20250812HTSS0,0.0,2025_HOLDOUT,V10_SEPARATE_BLOCKS,0.40696923365754434
2025,20250812,20250812LGKT0,0.0,2025_HOLDOUT,V10_SEPARATE_BLOCKS,0.49871463025558155
2025,20250812,20250812LTHH0,1.0,2025_HOLDOUT,V10_SEPARATE_BLOCKS,0.558150191843451
2025,20250812,20250812NCOB0,0.0,2025_HOLDOUT,V10_SEPARATE_BLOCKS,0.557707820588353
2025,20250812,20250812WOSK0,1.0,2025_HOLDOUT,V10_SEPARATE_BLOCKS,0.6319731218318706
2025,20250813,20250813HTSS0,0.0,2025_HOLDOUT,V10_SEPARATE_BLOCKS,0.547783482832705
2025,20250813,20250813LTHH0,1.0,2025_HOLDOUT,V10_SEPARATE_BLOCKS,0.6050150683605644
2025,20250814,20250814HTSS0,0.0,2025_HOLDOUT,V10_SEPARATE_BLOCKS,0.5116604665237857
2025,20250814,20250814LTHH0,1.0,2025_HOLDOUT,V10_SEPARATE_BLOCKS,0.5226787573440604
2025,20250814,20250814NCOB0,1.0,2025_HOLDOUT,V10_SEPARATE_BLOCKS,0.4546359238656306
2025,20250814,20250814WOSK0,0.0,2025_HOLDOUT,V10_SEPARATE_BLOCKS,0.44891621857218295
2025,20250815,20250815HHNC0,0.0,2025_HOLDOUT,V10_SEPARATE_BLOCKS,0.6827956192816634
2025,20250815,20250815HTOB0,1.0,2025_HOLDOUT,V10_SEPARATE_BLOCKS,0.5634081607762782
2025,20250815,20250815KTWO0,1.0,2025_HOLDOUT,V10_SEPARATE_BLOCKS,0.3663906602872891
2025,20250815,20250815LGSK0,0.0,2025_HOLDOUT,V10_SEPARATE_BLOCKS,0.4499733416988095
2025,20250815,20250815SSLT0,0.0,2025_HOLDOUT,V10_SEPARATE_BLOCKS,0.4240066494879038
2025,20250816,20250816HHNC0,1.0,2025_HOLDOUT,V10_SEPARATE_BLOCKS,0.4272957053744675
2025,20250816,20250816HTOB0,1.0,2025_HOLDOUT,V10_SEPARATE_BLOCKS,0.6098922081315651
2025,20250816,20250816KTWO0,1.0,2025_HOLDOUT,V10_SEPARATE_BLOCKS,0.4905274759714857
2025,20250816,20250816LGSK0,1.0,2025_HOLDOUT,V10_SEPARATE_BLOCKS,0.3658495098765816
2025,20250816,20250816SSLT0,0.0,2025_HOLDOUT,V10_SEPARATE_BLOCKS,0.5926943030012187
2025,20250817,20250817HHNC0,1.0,2025_HOLDOUT,V10_SEPARATE_BLOCKS,0.4880547187268104
2025,20250817,20250817HTOB0,1.0,2025_HOLDOUT,V10_SEPARATE_BLOCKS,0.3488552117621368
2025,20250817,20250817KTWO0,0.0,2025_HOLDOUT,V10_SEPARATE_BLOCKS,0.48701681968160254
2025,20250817,20250817LGSK0,0.0,2025_HOLDOUT,V10_SEPARATE_BLOCKS,0.34551235871815184
2025,20250819,20250819LTLG0,1.0,2025_HOLDOUT,V10_SEPARATE_BLOCKS,0.5113621322879296
2025,20250819,20250819OBHH0,0.0,2025_HOLDOUT,V10_SEPARATE_BLOCKS,0.637965365385062
2025,20250819,20250819SKKT0,1.0,2025_HOLDOUT,V10_SEPARATE_BLOCKS,0.46882828431618817
2025,20250819,20250819SSNC0,0.0,2025_HOLDOUT,V10_SEPARATE_BLOCKS,0.4258237729105746
2025,20250819,20250819WOHT0,1.0,2025_HOLDOUT,V10_SEPARATE_BLOCKS,0.6097637514047132
2025,20250820,20250820LTLG0,1.0,2025_HOLDOUT,V10_SEPARATE_BLOCKS,0.5702152845832494
2025,20250820,20250820OBHH0,0.0,2025_HOLDOUT,V10_SEPARATE_BLOCKS,0.3143137107747078
2025,20250820,20250820SKKT0,0.0,2025_HOLDOUT,V10_SEPARATE_BLOCKS,0.4077895726467193
2025,20250820,20250820SSNC0,0.0,2025_HOLDOUT,V10_SEPARATE_BLOCKS,0.2878876570256417
2025,20250820,20250820WOHT0,0.0,2025_HOLDOUT,V10_SEPARATE_BLOCKS,0.5166145939283581
2025,20250821,20250821OBHH0,0.0,2025_HOLDOUT,V10_SEPARATE_BLOCKS,0.5091014432536246
2025,20250821,20250821SKKT0,0.0,2025_HOLDOUT,V10_SEPARATE_BLOCKS,0.4282578444554565
2025,20250821,20250821SSNC0,1.0,2025_HOLDOUT,V10_SEPARATE_BLOCKS,0.5285515945306293
2025,20250821,20250821WOHT0,0.0,2025_HOLDOUT,V10_SEPARATE_BLOCKS,0.5221817315164785
2025,20250822,20250822KTOB0,0.0,2025_HOLDOUT,V10_SEPARATE_BLOCKS,0.38393712223569726
2025,20250822,20250822LGHT0,0.0,2025_HOLDOUT,V10_SEPARATE_BLOCKS,0.279879919802247
2025,20250822,20250822LTNC0,1.0,2025_HOLDOUT,V10_SEPARATE_BLOCKS,0.3960745658997976
2025,20250822,20250822SKHH0,0.0,2025_HOLDOUT,V10_SEPARATE_BLOCKS,0.6423989161728062
2025,20250822,20250822WOSS0,1.0,2025_HOLDOUT,V10_SEPARATE_BLOCKS,0.3734995194799019
2025,20250823,20250823KTOB0,0.0,2025_HOLDOUT,V10_SEPARATE_BLOCKS,0.4292228806679628
2025,20250823,20250823LGHT0,0.0,2025_HOLDOUT,V10_SEPARATE_BLOCKS,0.4452179459085424
2025,20250823,20250823LTNC0,1.0,2025_HOLDOUT,V10_SEPARATE_BLOCKS,0.35404169199501667
2025,20250823,20250823SKHH0,1.0,2025_HOLDOUT,V10_SEPARATE_BLOCKS,0.36488775395875483
2025,20250823,20250823WOSS0,1.0,2025_HOLDOUT,V10_SEPARATE_BLOCKS,0.501952515920514
2025,20250824,20250824KTOB0,0.0,2025_HOLDOUT,V10_SEPARATE_BLOCKS,0.4359037374038404
2025,20250824,20250824LGHT0,0.0,2025_HOLDOUT,V10_SEPARATE_BLOCKS,0.5008581762792756
2025,20250824,20250824LTNC0,0.0,2025_HOLDOUT,V10_SEPARATE_BLOCKS,0.4815482316256636
2025,20250824,20250824SKHH0,1.0,2025_HOLDOUT,V10_SEPARATE_BLOCKS,0.6412950178024296
2025,20250824,20250824WOSS0,1.0,2025_HOLDOUT,V10_SEPARATE_BLOCKS,0.6510268031496738
2025,20250826,20250826HHWO0,0.0,2025_HOLDOUT,V10_SEPARATE_BLOCKS,0.46632902157722744
2025,20250826,20250826HTSK0,1.0,2025_HOLDOUT,V10_SEPARATE_BLOCKS,0.46413316514195685
2025,20250826,20250826KTLT0,1.0,2025_HOLDOUT,V10_SEPARATE_BLOCKS,0.4729445974164556
2025,20250826,20250826LGNC0,1.0,2025_HOLDOUT,V10_SEPARATE_BLOCKS,0.4398063296680956
2025,20250826,20250826SSOB0,0.0,2025_HOLDOUT,V10_SEPARATE_BLOCKS,0.4044364277360709
2025,20250827,20250827HHWO0,0.0,2025_HOLDOUT,V10_SEPARATE_BLOCKS,0.3865003350464967
2025,20250827,20250827HTSK0,0.0,2025_HOLDOUT,V10_SEPARATE_BLOCKS,0.5987463914810117
2025,20250827,20250827KTLT0,0.0,2025_HOLDOUT,V10_SEPARATE_BLOCKS,0.5007691750269858
2025,20250827,20250827LGNC0,0.0,2025_HOLDOUT,V10_SEPARATE_BLOCKS,0.16855876515327756
2025,20250827,20250827SSOB0,0.0,2025_HOLDOUT,V10_SEPARATE_BLOCKS,0.42435633960403485
2025,20250828,20250828HHWO0,0.0,2025_HOLDOUT,V10_SEPARATE_BLOCKS,0.3644451848815809
2025,20250828,20250828HTSK0,0.0,2025_HOLDOUT,V10_SEPARATE_BLOCKS,0.585284735426861
2025,20250828,20250828KTLT0,1.0,2025_HOLDOUT,V10_SEPARATE_BLOCKS,0.4805785358190385
2025,20250828,20250828LGNC0,0.0,2025_HOLDOUT,V10_SEPARATE_BLOCKS,0.384217295383374
2025,20250828,20250828SSOB0,1.0,2025_HOLDOUT,V10_SEPARATE_BLOCKS,0.41023231816643263
2025,20250829,20250829HTKT0,0.0,2025_HOLDOUT,V10_SEPARATE_BLOCKS,0.4081995369942944
2025,20250829,20250829NCSK0,1.0,2025_HOLDOUT,V10_SEPARATE_BLOCKS,0.6880442376687957
2025,20250829,20250829OBLT0,0.0,2025_HOLDOUT,V10_SEPARATE_BLOCKS,0.4703778935956001
2025,20250829,20250829SSHH0,0.0,2025_HOLDOUT,V10_SEPARATE_BLOCKS,0.40565483528287916
2025,20250829,20250829WOLG0,0.0,2025_HOLDOUT,V10_SEPARATE_BLOCKS,0.6613695545272342
2025,20250830,20250830HTKT0,1.0,2025_HOLDOUT,V10_SEPARATE_BLOCKS,0.4167895594737242
2025,20250830,20250830NCSK0,0.0,2025_HOLDOUT,V10_SEPARATE_BLOCKS,0.5300612442900744
2025,20250830,20250830SSHH0,0.0,2025_HOLDOUT,V10_SEPARATE_BLOCKS,0.4326451060250178
2025,20250830,20250830WOLG0,1.0,2025_HOLDOUT,V10_SEPARATE_BLOCKS,0.6598160685872739
2025,20250831,20250831HTKT0,1.0,2025_HOLDOUT,V10_SEPARATE_BLOCKS,0.4774189410588489
2025,20250831,20250831NCSK0,1.0,2025_HOLDOUT,V10_SEPARATE_BLOCKS,0.45789767340746396
2025,20250831,20250831OBLT0,1.0,2025_HOLDOUT,V10_SEPARATE_BLOCKS,0.5037524604384167
2025,20250831,20250831SSHH0,0.0,2025_HOLDOUT,V10_SEPARATE_BLOCKS,0.2747937554867134
2025,20250831,20250831WOLG0,0.0,2025_HOLDOUT,V10_SEPARATE_BLOCKS,0.5539230696098073
2025,20250902,20250902HTHH0,1.0,2025_HOLDOUT,V10_SEPARATE_BLOCKS,0.54412335827474
2025,20250902,20250902LTLG0,1.0,2025_HOLDOUT,V10_SEPARATE_BLOCKS,0.5212397787790073
2025,20250902,20250902NCKT0,0.0,2025_HOLDOUT,V10_SEPARATE_BLOCKS,0.6500490642682992
2025,20250902,20250902WOSK0,1.0,2025_HOLDOUT,V10_SEPARATE_BLOCKS,0.5990346031162133
2025,20250903,20250903LTKT0,1.0,2025_HOLDOUT,V10_SEPARATE_BLOCKS,0.475548574896412
2025,20250903,20250903NCHH0,1.0,2025_HOLDOUT,V10_SEPARATE_BLOCKS,0.6404445924000274
2025,20250903,20250903SKHT0,0.0,2025_HOLDOUT,V10_SEPARATE_BLOCKS,0.6187810309946433
2025,20250903,20250903WOSS0,0.0,2025_HOLDOUT,V10_SEPARATE_BLOCKS,0.5002627576872146
2025,20250904,20250904LGKT0,0.0,2025_HOLDOUT,V10_SEPARATE_BLOCKS,0.3407531981178371
2025,20250904,20250904OBNC0,0.0,2025_HOLDOUT,V10_SEPARATE_BLOCKS,0.38074234184003675
2025,20250905,20250905LTSK0,1.0,2025_HOLDOUT,V10_SEPARATE_BLOCKS,0.5856342323484138
2025,20250905,20250905OBNC0,0.0,2025_HOLDOUT,V10_SEPARATE_BLOCKS,0.4857797280824927
2025,20250905,20250905WOSS0,1.0,2025_HOLDOUT,V10_SEPARATE_BLOCKS,0.565244624441516
2025,20250906,20250906HHSS0,0.0,2025_HOLDOUT,V10_SEPARATE_BLOCKS,0.44450943900273704
2025,20250906,20250906HTNC0,0.0,2025_HOLDOUT,V10_SEPARATE_BLOCKS,0.46402043492111095
2025,20250907,20250907HHSS0,1.0,2025_HOLDOUT,V10_SEPARATE_BLOCKS,0.6595476544541427
2025,20250907,20250907HTNC0,1.0,2025_HOLDOUT,V10_SEPARATE_BLOCKS,0.4374201811086201
2025,20250907,20250907SKLG0,0.0,2025_HOLDOUT,V10_SEPARATE_BLOCKS,0.5481535148798531
2025,20250909,20250909HHLT0,0.0,2025_HOLDOUT,V10_SEPARATE_BLOCKS,0.4238765774946012
2025,20250909,20250909LGWO0,1.0,2025_HOLDOUT,V10_SEPARATE_BLOCKS,0.464022354849562
2025,20250909,20250909OBKT0,1.0,2025_HOLDOUT,V10_SEPARATE_BLOCKS,0.5175899935838743
2025,20250910,20250910HHLT0,0.0,2025_HOLDOUT,V10_SEPARATE_BLOCKS,0.4788756642077042
2025,20250910,20250910LGOB0,0.0,2025_HOLDOUT,V10_SEPARATE_BLOCKS,0.37347883646247776
2025,20250910,20250910SKNC0,1.0,2025_HOLDOUT,V10_SEPARATE_BLOCKS,0.3406678052112519
2025,20250910,20250910SSHT0,1.0,2025_HOLDOUT,V10_SEPARATE_BLOCKS,0.5427964265938665
2025,20250911,20250911KTLG0,0.0,2025_HOLDOUT,V10_SEPARATE_BLOCKS,0.5395430277108828
2025,20250911,20250911LTHT0,0.0,2025_HOLDOUT,V10_SEPARATE_BLOCKS,0.47977004276215296
2025,20250911,20250911NCWO0,1.0,2025_HOLDOUT,V10_SEPARATE_BLOCKS,0.3832448856201727
2025,20250911,20250911SKSS0,0.0,2025_HOLDOUT,V10_SEPARATE_BLOCKS,0.5759645753913079
2025,20250912,20250912OBHT0,1.0,2025_HOLDOUT,V10_SEPARATE_BLOCKS,0.4682687844644806
2025,20250913,20250913HTLG0,0.0,2025_HOLDOUT,V10_SEPARATE_BLOCKS,0.7422955221027638
2025,20250913,20250913KTSS0,0.0,2025_HOLDOUT,V10_SEPARATE_BLOCKS,0.5327574345455657
2025,20250913,20250913OBNC0,1.0,2025_HOLDOUT,V10_SEPARATE_BLOCKS,0.4175895647179375
2025,20250913,20250913SKLT0,1.0,2025_HOLDOUT,V10_SEPARATE_BLOCKS,0.385809037948703
2025,20250913,20250913WOHH0,1.0,2025_HOLDOUT,V10_SEPARATE_BLOCKS,0.6102941512172402
2025,20250914,20250914HTLG0,1.0,2025_HOLDOUT,V10_SEPARATE_BLOCKS,0.4955853855140603
2025,20250914,20250914KTSS0,1.0,2025_HOLDOUT,V10_SEPARATE_BLOCKS,0.4600717327520218
2025,20250914,20250914OBNC0,1.0,2025_HOLDOUT,V10_SEPARATE_BLOCKS,0.7258880178304736
2025,20250914,20250914WOHH0,0.0,2025_HOLDOUT,V10_SEPARATE_BLOCKS,0.633274362681719
2025,20250915,20250915WOHH0,1.0,2025_HOLDOUT,V10_SEPARATE_BLOCKS,0.6039639316406731
2025,20250916,20250916HHHT0,0.0,2025_HOLDOUT,V10_SEPARATE_BLOCKS,0.3586557194900227
2025,20250916,20250916LGKT0,0.0,2025_HOLDOUT,V10_SEPARATE_BLOCKS,0.44021020766339125
2025,20250916,20250916LTSS0,1.0,2025_HOLDOUT,V10_SEPARATE_BLOCKS,0.631127635947865
2025,20250916,20250916SKNC0,0.0,2025_HOLDOUT,V10_SEPARATE_BLOCKS,0.4036775369626064
2025,20250916,20250916WOOB0,0.0,2025_HOLDOUT,V10_SEPARATE_BLOCKS,0.4340687834604609
2025,20250917,20250917HHHT0,0.0,2025_HOLDOUT,V10_SEPARATE_BLOCKS,0.20789101641078434
2025,20250917,20250917SKNC0,1.0,2025_HOLDOUT,V10_SEPARATE_BLOCKS,0.42764970588724105
2025,20250917,20250917WOOB0,0.0,2025_HOLDOUT,V10_SEPARATE_BLOCKS,0.49503651109068014
2025,20250918,20250918HHHT0,0.0,2025_HOLDOUT,V10_SEPARATE_BLOCKS,0.5994386125391916
2025,20250918,20250918LGKT1,0.0,2025_HOLDOUT,V10_SEPARATE_BLOCKS,0.4411691178726509
2025,20250918,20250918LGKT2,0.0,2025_HOLDOUT,V10_SEPARATE_BLOCKS,0.4102491386485299
2025,20250918,20250918SSNC0,0.0,2025_HOLDOUT,V10_SEPARATE_BLOCKS,0.2920588884816617
2025,20250918,20250918WOOB0,1.0,2025_HOLDOUT,V10_SEPARATE_BLOCKS,0.5395019559834251
2025,20250919,20250919LTNC0,0.0,2025_HOLDOUT,V10_SEPARATE_BLOCKS,0.5358592168468392
2025,20250920,20250920HHKT0,1.0,2025_HOLDOUT,V10_SEPARATE_BLOCKS,0.386766512641606
2025,20250920,20250920NCHT0,1.0,2025_HOLDOUT,V10_SEPARATE_BLOCKS,0.6076638036284975
2025,20250920,20250920OBSK0,1.0,2025_HOLDOUT,V10_SEPARATE_BLOCKS,0.6253643096279656
2025,20250920,20250920SSLG0,0.0,2025_HOLDOUT,V10_SEPARATE_BLOCKS,0.432308465567813
2025,20250920,20250920WOLT0,0.0,2025_HOLDOUT,V10_SEPARATE_BLOCKS,0.6603506062402733
2025,20250921,20250921NCHT0,0.0,2025_HOLDOUT,V10_SEPARATE_BLOCKS,0.4136438413541137
2025,20250921,20250921OBSK0,1.0,2025_HOLDOUT,V10_SEPARATE_BLOCKS,0.6130205992061232
2025,20250921,20250921SSKT0,1.0,2025_HOLDOUT,V10_SEPARATE_BLOCKS,0.5543385659005613
2025,20250922,20250922OBSK0,0.0,2025_HOLDOUT,V10_SEPARATE_BLOCKS,0.5908859434897682
2025,20250923,20250923HTSK0,1.0,2025_HOLDOUT,V10_SEPARATE_BLOCKS,0.528687592247445
2025,20250923,20250923NCLT0,0.0,2025_HOLDOUT,V10_SEPARATE_BLOCKS,0.6154216738809632
2025,20250923,20250923OBSS0,1.0,2025_HOLDOUT,V10_SEPARATE_BLOCKS,0.573132803248195
2025,20250923,20250923WOKT0,1.0,2025_HOLDOUT,V10_SEPARATE_BLOCKS,0.4599848400257217
2025,20250924,20250924HTWO0,0.0,2025_HOLDOUT,V10_SEPARATE_BLOCKS,0.46794367217430766
2025,20250924,20250924LGNC0,1.0,2025_HOLDOUT,V10_SEPARATE_BLOCKS,0.36709124066428217
2025,20250924,20250924LTSS0,1.0,2025_HOLDOUT,V10_SEPARATE_BLOCKS,0.7197432694896512
2025,20250925,20250925HHOB0,1.0,2025_HOLDOUT,V10_SEPARATE_BLOCKS,0.4055472826901177
2025,20250925,20250925KTSK0,0.0,2025_HOLDOUT,V10_SEPARATE_BLOCKS,0.5514003233457544
2025,20250925,20250925LGLT0,0.0,2025_HOLDOUT,V10_SEPARATE_BLOCKS,0.4287140940468762
2025,20250925,20250925WOSS0,1.0,2025_HOLDOUT,V10_SEPARATE_BLOCKS,0.5448093418718388
2025,20250926,20250926KTSK0,1.0,2025_HOLDOUT,V10_SEPARATE_BLOCKS,0.5090684991723613
2025,20250926,20250926LGHH0,1.0,2025_HOLDOUT,V10_SEPARATE_BLOCKS,0.4771467463039264
2025,20250926,20250926NCOB0,0.0,2025_HOLDOUT,V10_SEPARATE_BLOCKS,0.3388942567748121
2025,20250926,20250926SSLT0,1.0,2025_HOLDOUT,V10_SEPARATE_BLOCKS,0.338650486878634
2025,20250927,20250927LGHH0,0.0,2025_HOLDOUT,V10_SEPARATE_BLOCKS,0.520923680890222
2025,20250927,20250927NCHT0,0.0,2025_HOLDOUT,V10_SEPARATE_BLOCKS,0.540059824785358
2025,20250927,20250927SKOB0,0.0,2025_HOLDOUT,V10_SEPARATE_BLOCKS,0.4125732298775252
2025,20250928,20250928LTOB0,1.0,2025_HOLDOUT,V10_SEPARATE_BLOCKS,0.4785696778248755
2025,20250928,20250928SSWO0,0.0,2025_HOLDOUT,V10_SEPARATE_BLOCKS,0.392892279286275
2025,20250929,20250929LGHH0,1.0,2025_HOLDOUT,V10_SEPARATE_BLOCKS,0.3726072784425429
2025,20250929,20250929LTSK0,1.0,2025_HOLDOUT,V10_SEPARATE_BLOCKS,0.7017131902457023
2025,20250929,20250929NCHT0,0.0,2025_HOLDOUT,V10_SEPARATE_BLOCKS,0.2873073594148453
2025,20250930,20250930HTSS0,1.0,2025_HOLDOUT,V10_SEPARATE_BLOCKS,0.7307529019611647
2025,20250930,20250930KTNC0,1.0,2025_HOLDOUT,V10_SEPARATE_BLOCKS,0.43417099855294655
2025,20250930,20250930LTHH0,1.0,2025_HOLDOUT,V10_SEPARATE_BLOCKS,0.6955185622793653
2025,20250930,20250930OBLG0,0.0,2025_HOLDOUT,V10_SEPARATE_BLOCKS,0.5392089542309434
2025,20250930,20250930SKWO0,0.0,2025_HOLDOUT,V10_SEPARATE_BLOCKS,0.5807421657476506
2025,20251001,20251001HHSK0,1.0,2025_HOLDOUT,V10_SEPARATE_BLOCKS,0.29814174942444627
2025,20251001,20251001KTHT0,0.0,2025_HOLDOUT,V10_SEPARATE_BLOCKS,0.4475526371417175
2025,20251001,20251001NCLG0,0.0,2025_HOLDOUT,V10_SEPARATE_BLOCKS,0.6706113475875999
2025,20251002,20251002SKHT0,1.0,2025_HOLDOUT,V10_SEPARATE_BLOCKS,0.5245926117118956
2025,20251004,20251004SKNC0,1.0,2025_HOLDOUT,V10_SEPARATE_BLOCKS,0.6021882333426876
2025,20251004,20251004SSHT0,1.0,2025_HOLDOUT,V10_SEPARATE_BLOCKS,0.748329229902666
2026,20260328,20260328HTSK0,1.0,2026_POSTHOC,V10_SEPARATE_BLOCKS,0.8297383359197513
2026,20260328,20260328KTLG0,0.0,2026_POSTHOC,V10_SEPARATE_BLOCKS,0.8727668773642651
2026,20260328,20260328LTSS0,0.0,2026_POSTHOC,V10_SEPARATE_BLOCKS,0.8814758840719275
2026,20260328,20260328OBNC0,1.0,2026_POSTHOC,V10_SEPARATE_BLOCKS,0.8074885073657039
2026,20260328,20260328WOHH0,1.0,2026_POSTHOC,V10_SEPARATE_BLOCKS,0.8280606071435881
2026,20260329,20260329HTSK0,1.0,2026_POSTHOC,V10_SEPARATE_BLOCKS,0.715716486579318
2026,20260329,20260329KTLG0,0.0,2026_POSTHOC,V10_SEPARATE_BLOCKS,0.4234716485469772
2026,20260329,20260329LTSS0,0.0,2026_POSTHOC,V10_SEPARATE_BLOCKS,0.5302697965604853
2026,20260329,20260329OBNC0,0.0,2026_POSTHOC,V10_SEPARATE_BLOCKS,0.6136018929850546
2026,20260329,20260329WOHH0,1.0,2026_POSTHOC,V10_SEPARATE_BLOCKS,0.6466688640224252
2026,20260331,20260331HTLG0,0.0,2026_POSTHOC,V10_SEPARATE_BLOCKS,0.6428872521215767
2026,20260331,20260331KTHH0,0.0,2026_POSTHOC,V10_SEPARATE_BLOCKS,0.4899808088926789
2026,20260331,20260331LTNC0,1.0,2026_POSTHOC,V10_SEPARATE_BLOCKS,0.4561838467542302
2026,20260331,20260331WOSK0,1.0,2026_POSTHOC,V10_SEPARATE_BLOCKS,0.6969891748407744
2026,20260401,20260401HTLG0,1.0,2026_POSTHOC,V10_SEPARATE_BLOCKS,0.6455937638174216
2026,20260401,20260401KTHH0,0.0,2026_POSTHOC,V10_SEPARATE_BLOCKS,0.510261565564261
2026,20260401,20260401LTNC0,1.0,2026_POSTHOC,V10_SEPARATE_BLOCKS,0.5555306756108415
2026,20260401,20260401OBSS0,1.0,2026_POSTHOC,V10_SEPARATE_BLOCKS,0.5054348362003022
2026,20260401,20260401WOSK0,0.0,2026_POSTHOC,V10_SEPARATE_BLOCKS,0.6976794128464572
2026,20260402,20260402HTLG0,1.0,2026_POSTHOC,V10_SEPARATE_BLOCKS,0.7294761812626177
2026,20260402,20260402KTHH0,0.0,2026_POSTHOC,V10_SEPARATE_BLOCKS,0.48353271144638116
2026,20260402,20260402LTNC0,1.0,2026_POSTHOC,V10_SEPARATE_BLOCKS,0.6081941024684765
2026,20260402,20260402OBSS0,1.0,2026_POSTHOC,V10_SEPARATE_BLOCKS,0.6035004401553025
2026,20260402,20260402WOSK0,1.0,2026_POSTHOC,V10_SEPARATE_BLOCKS,0.6597079644333969
2026,20260403,20260403HHOB0,0.0,2026_POSTHOC,V10_SEPARATE_BLOCKS,0.552350806196174
2026,20260403,20260403LGWO0,1.0,2026_POSTHOC,V10_SEPARATE_BLOCKS,0.381657240704795
2026,20260403,20260403NCHT0,0.0,2026_POSTHOC,V10_SEPARATE_BLOCKS,0.4890233234775079
2026,20260403,20260403SKLT0,0.0,2026_POSTHOC,V10_SEPARATE_BLOCKS,0.4584020951706118
2026,20260403,20260403SSKT0,0.0,2026_POSTHOC,V10_SEPARATE_BLOCKS,0.3372836401916233
2026,20260404,20260404HHOB0,0.0,2026_POSTHOC,V10_SEPARATE_BLOCKS,0.47044087729327594
2026,20260404,20260404LGWO0,0.0,2026_POSTHOC,V10_SEPARATE_BLOCKS,0.3113248426709212
2026,20260404,20260404NCHT0,0.0,2026_POSTHOC,V10_SEPARATE_BLOCKS,0.3805375438022571
2026,20260404,20260404SKLT0,0.0,2026_POSTHOC,V10_SEPARATE_BLOCKS,0.5041466838449621
2026,20260404,20260404SSKT0,0.0,2026_POSTHOC,V10_SEPARATE_BLOCKS,0.46440123297281194
2026,20260405,20260405HHOB0,1.0,2026_POSTHOC,V10_SEPARATE_BLOCKS,0.6485779511975368
2026,20260405,20260405LGWO0,0.0,2026_POSTHOC,V10_SEPARATE_BLOCKS,0.3322554241818446
2026,20260405,20260405NCHT0,1.0,2026_POSTHOC,V10_SEPARATE_BLOCKS,0.4365829436119229
2026,20260405,20260405SKLT0,0.0,2026_POSTHOC,V10_SEPARATE_BLOCKS,0.417679444696364
2026,20260405,20260405SSKT0,1.0,2026_POSTHOC,V10_SEPARATE_BLOCKS,0.5182428470703542
2026,20260407,20260407HHSK0,0.0,2026_POSTHOC,V10_SEPARATE_BLOCKS,0.5268390945259017
2026,20260407,20260407KTLT0,0.0,2026_POSTHOC,V10_SEPARATE_BLOCKS,0.42830900178795644
2026,20260407,20260407LGNC0,0.0,2026_POSTHOC,V10_SEPARATE_BLOCKS,0.44919675510392404
2026,20260407,20260407SSHT0,0.0,2026_POSTHOC,V10_SEPARATE_BLOCKS,0.41876375593718485
2026,20260407,20260407WOOB0,0.0,2026_POSTHOC,V10_SEPARATE_BLOCKS,0.48602202459754923
2026,20260408,20260408HHSK0,0.0,2026_POSTHOC,V10_SEPARATE_BLOCKS,0.5707721200394673
2026,20260408,20260408KTLT0,1.0,2026_POSTHOC,V10_SEPARATE_BLOCKS,0.30592103488112554
2026,20260408,20260408LGNC0,0.0,2026_POSTHOC,V10_SEPARATE_BLOCKS,0.43473192877947775
2026,20260408,20260408SSHT0,1.0,2026_POSTHOC,V10_SEPARATE_BLOCKS,0.3671340899643492
2026,20260408,20260408WOOB0,1.0,2026_POSTHOC,V10_SEPARATE_BLOCKS,0.7361803027030495
2026,20260410,20260410HTHH0,0.0,2026_POSTHOC,V10_SEPARATE_BLOCKS,0.4321083187309244
2026,20260410,20260410LTWO0,0.0,2026_POSTHOC,V10_SEPARATE_BLOCKS,0.5622918610395229
2026,20260410,20260410NCSS0,1.0,2026_POSTHOC,V10_SEPARATE_BLOCKS,0.6461117481634542
2026,20260410,20260410OBKT0,0.0,2026_POSTHOC,V10_SEPARATE_BLOCKS,0.5289803298718802
2026,20260410,20260410SKLG0,1.0,2026_POSTHOC,V10_SEPARATE_BLOCKS,0.48018226818354753
2026,20260411,20260411HTHH0,0.0,2026_POSTHOC,V10_SEPARATE_BLOCKS,0.5996702978489483
2026,20260411,20260411LTWO0,0.0,2026_POSTHOC,V10_SEPARATE_BLOCKS,0.434048128681309
2026,20260411,20260411NCSS0,1.0,2026_POSTHOC,V10_SEPARATE_BLOCKS,0.4885970656228651
2026,20260411,20260411OBKT0,1.0,2026_POSTHOC,V10_SEPARATE_BLOCKS,0.5270818631040465
2026,20260411,20260411SKLG0,1.0,2026_POSTHOC,V10_SEPARATE_BLOCKS,0.6089900650232766
2026,20260412,20260412HTHH0,0.0,2026_POSTHOC,V10_SEPARATE_BLOCKS,0.41980540480159234
2026,20260412,20260412LTWO0,1.0,2026_POSTHOC,V10_SEPARATE_BLOCKS,0.4359911379470574
2026,20260412,20260412NCSS0,1.0,2026_POSTHOC,V10_SEPARATE_BLOCKS,0.6366698518328204
2026,20260412,20260412OBKT0,1.0,2026_POSTHOC,V10_SEPARATE_BLOCKS,0.6024312276177178
2026,20260412,20260412SKLG0,1.0,2026_POSTHOC,V10_SEPARATE_BLOCKS,0.5743340412586886
2026,20260414,20260414KTNC0,1.0,2026_POSTHOC,V10_SEPARATE_BLOCKS,0.41603909973812986
2026,20260414,20260414LTLG0,1.0,2026_POSTHOC,V10_SEPARATE_BLOCKS,0.634805225035658
2026,20260414,20260414OBSK0,0.0,2026_POSTHOC,V10_SEPARATE_BLOCKS,0.4799361415922184
2026,20260414,20260414SSHH0,0.0,2026_POSTHOC,V10_SEPARATE_BLOCKS,0.4200259027522143
2026,20260414,20260414WOHT0,1.0,2026_POSTHOC,V10_SEPARATE_BLOCKS,0.6023297155608981
2026,20260415,20260415KTNC0,0.0,2026_POSTHOC,V10_SEPARATE_BLOCKS,0.46566208101427436
2026,20260415,20260415LTLG0,0.0,2026_POSTHOC,V10_SEPARATE_BLOCKS,0.7023422981076877
2026,20260415,20260415OBSK0,1.0,2026_POSTHOC,V10_SEPARATE_BLOCKS,0.553871359224367
2026,20260415,20260415SSHH0,0.0,2026_POSTHOC,V10_SEPARATE_BLOCKS,0.40326990891312364
2026,20260415,20260415WOHT0,1.0,2026_POSTHOC,V10_SEPARATE_BLOCKS,0.7057948426992534
2026,20260416,20260416KTNC0,0.0,2026_POSTHOC,V10_SEPARATE_BLOCKS,0.5574298609335352
2026,20260416,20260416LTLG0,1.0,2026_POSTHOC,V10_SEPARATE_BLOCKS,0.5685052940000175
2026,20260416,20260416OBSK0,1.0,2026_POSTHOC,V10_SEPARATE_BLOCKS,0.5838707499013427
2026,20260416,20260416SSHH0,0.0,2026_POSTHOC,V10_SEPARATE_BLOCKS,0.3146442358711965
2026,20260416,20260416WOHT0,1.0,2026_POSTHOC,V10_SEPARATE_BLOCKS,0.5824196290293419
2026,20260417,20260417HTOB0,0.0,2026_POSTHOC,V10_SEPARATE_BLOCKS,0.62593772117467
2026,20260417,20260417WOKT0,1.0,2026_POSTHOC,V10_SEPARATE_BLOCKS,0.5718667285164618
2026,20260418,20260418HHLT0,0.0,2026_POSTHOC,V10_SEPARATE_BLOCKS,0.4923739035479947
2026,20260418,20260418HTOB0,1.0,2026_POSTHOC,V10_SEPARATE_BLOCKS,0.36755009834595465
2026,20260418,20260418LGSS0,1.0,2026_POSTHOC,V10_SEPARATE_BLOCKS,0.477653891639035
2026,20260418,20260418SKNC0,0.0,2026_POSTHOC,V10_SEPARATE_BLOCKS,0.5419954325602296
2026,20260418,20260418WOKT0,1.0,2026_POSTHOC,V10_SEPARATE_BLOCKS,0.6359586009161021
2026,20260419,20260419HHLT0,0.0,2026_POSTHOC,V10_SEPARATE_BLOCKS,0.5351851066248468
2026,20260419,20260419HTOB0,1.0,2026_POSTHOC,V10_SEPARATE_BLOCKS,0.5053377530321008
2026,20260419,20260419LGSS0,0.0,2026_POSTHOC,V10_SEPARATE_BLOCKS,0.4627128659615193
2026,20260419,20260419SKNC0,1.0,2026_POSTHOC,V10_SEPARATE_BLOCKS,0.5433629083816232
2026,20260419,20260419WOKT0,0.0,2026_POSTHOC,V10_SEPARATE_BLOCKS,0.6108670025031443
2026,20260421,20260421HHLG0,1.0,2026_POSTHOC,V10_SEPARATE_BLOCKS,0.6092604499768378
2026,20260421,20260421HTKT0,1.0,2026_POSTHOC,V10_SEPARATE_BLOCKS,0.6904605689854499
2026,20260421,20260421NCWO0,1.0,2026_POSTHOC,V10_SEPARATE_BLOCKS,0.3957660253015468
2026,20260421,20260421OBLT0,0.0,2026_POSTHOC,V10_SEPARATE_BLOCKS,0.4815366731176056
2026,20260421,20260421SKSS0,0.0,2026_POSTHOC,V10_SEPARATE_BLOCKS,0.5603090133740483
2026,20260422,20260422HHLG0,1.0,2026_POSTHOC,V10_SEPARATE_BLOCKS,0.609381249604686
2026,20260422,20260422HTKT0,1.0,2026_POSTHOC,V10_SEPARATE_BLOCKS,0.4125041579241726
2026,20260422,20260422NCWO0,1.0,2026_POSTHOC,V10_SEPARATE_BLOCKS,0.600702550746456
2026,20260422,20260422OBLT0,0.0,2026_POSTHOC,V10_SEPARATE_BLOCKS,0.40349629770142603
2026,20260422,20260422SKSS0,0.0,2026_POSTHOC,V10_SEPARATE_BLOCKS,0.6607661872918079
2026,20260423,20260423HHLG0,0.0,2026_POSTHOC,V10_SEPARATE_BLOCKS,0.6539508595442515
2026,20260423,20260423HTKT0,1.0,2026_POSTHOC,V10_SEPARATE_BLOCKS,0.6708737134781697
2026,20260423,20260423NCWO0,0.0,2026_POSTHOC,V10_SEPARATE_BLOCKS,0.4121780667112929
2026,20260423,20260423OBLT0,1.0,2026_POSTHOC,V10_SEPARATE_BLOCKS,0.38109560001568765
2026,20260423,20260423SKSS0,0.0,2026_POSTHOC,V10_SEPARATE_BLOCKS,0.5075350185717847
2026,20260424,20260424KTSK0,1.0,2026_POSTHOC,V10_SEPARATE_BLOCKS,0.38235649982825215
2026,20260424,20260424LGOB0,0.0,2026_POSTHOC,V10_SEPARATE_BLOCKS,0.41359563002950067
2026,20260424,20260424LTHT0,1.0,2026_POSTHOC,V10_SEPARATE_BLOCKS,0.6205673799607544
2026,20260424,20260424NCHH0,0.0,2026_POSTHOC,V10_SEPARATE_BLOCKS,0.5161072989917361
2026,20260424,20260424SSWO0,1.0,2026_POSTHOC,V10_SEPARATE_BLOCKS,0.42751245061679133
2026,20260425,20260425KTSK0,1.0,2026_POSTHOC,V10_SEPARATE_BLOCKS,0.40249805832555435
2026,20260425,20260425LGOB0,0.0,2026_POSTHOC,V10_SEPARATE_BLOCKS,0.3844507096172003
2026,20260425,20260425LTHT0,1.0,2026_POSTHOC,V10_SEPARATE_BLOCKS,0.5689546176740876
2026,20260425,20260425NCHH0,1.0,2026_POSTHOC,V10_SEPARATE_BLOCKS,0.4236476089479006
2026,20260425,20260425SSWO0,1.0,2026_POSTHOC,V10_SEPARATE_BLOCKS,0.40073232731945135
2026,20260426,20260426KTSK0,0.0,2026_POSTHOC,V10_SEPARATE_BLOCKS,0.4025756178001056
2026,20260426,20260426LGOB0,1.0,2026_POSTHOC,V10_SEPARATE_BLOCKS,0.4814480958434435
2026,20260426,20260426NCHH0,0.0,2026_POSTHOC,V10_SEPARATE_BLOCKS,0.4371211237278211
2026,20260426,20260426SSWO0,1.0,2026_POSTHOC,V10_SEPARATE_BLOCKS,0.4258315762864956
2026,20260428,20260428HTNC0,1.0,2026_POSTHOC,V10_SEPARATE_BLOCKS,0.4246822526848808
2026,20260428,20260428LGKT0,1.0,2026_POSTHOC,V10_SEPARATE_BLOCKS,0.4241948715506303
2026,20260428,20260428SKHH0,1.0,2026_POSTHOC,V10_SEPARATE_BLOCKS,0.5170242672627067
2026,20260428,20260428SSOB0,0.0,2026_POSTHOC,V10_SEPARATE_BLOCKS,0.4191304405141543
2026,20260428,20260428WOLT0,1.0,2026_POSTHOC,V10_SEPARATE_BLOCKS,0.36229388472989665
2026,20260429,20260429HTNC0,0.0,2026_POSTHOC,V10_SEPARATE_BLOCKS,0.6038736784205194
2026,20260429,20260429LGKT0,1.0,2026_POSTHOC,V10_SEPARATE_BLOCKS,0.6108034018712765
2026,20260429,20260429SKHH0,0.0,2026_POSTHOC,V10_SEPARATE_BLOCKS,0.34791371791039605
2026,20260429,20260429SSOB0,1.0,2026_POSTHOC,V10_SEPARATE_BLOCKS,0.5478367354919457
2026,20260429,20260429WOLT0,0.0,2026_POSTHOC,V10_SEPARATE_BLOCKS,0.5336369047176273
2026,20260430,20260430HTNC0,1.0,2026_POSTHOC,V10_SEPARATE_BLOCKS,0.37029222213656526
2026,20260430,20260430LGKT0,0.0,2026_POSTHOC,V10_SEPARATE_BLOCKS,0.5317084850268501
2026,20260430,20260430SKHH0,0.0,2026_POSTHOC,V10_SEPARATE_BLOCKS,0.539773656608315
2026,20260430,20260430SSOB0,1.0,2026_POSTHOC,V10_SEPARATE_BLOCKS,0.5131451038893197
2026,20260430,20260430WOLT0,1.0,2026_POSTHOC,V10_SEPARATE_BLOCKS,0.4818716734151476
2026,20260501,20260501HHSS0,1.0,2026_POSTHOC,V10_SEPARATE_BLOCKS,0.579917206938942
2026,20260501,20260501KTHT0,0.0,2026_POSTHOC,V10_SEPARATE_BLOCKS,0.449203923855424
2026,20260501,20260501LTSK0,0.0,2026_POSTHOC,V10_SEPARATE_BLOCKS,0.5020484791531686
2026,20260501,20260501NCLG0,1.0,2026_POSTHOC,V10_SEPARATE_BLOCKS,0.5830845185113075
2026,20260501,20260501OBWO0,0.0,2026_POSTHOC,V10_SEPARATE_BLOCKS,0.45065621245158577
2026,20260502,20260502HHSS0,0.0,2026_POSTHOC,V10_SEPARATE_BLOCKS,0.5270068491307588
2026,20260502,20260502KTHT0,1.0,2026_POSTHOC,V10_SEPARATE_BLOCKS,0.33601211287723837
2026,20260502,20260502LTSK0,0.0,2026_POSTHOC,V10_SEPARATE_BLOCKS,0.5222684390881355
2026,20260502,20260502NCLG0,1.0,2026_POSTHOC,V10_SEPARATE_BLOCKS,0.5389215584830568
2026,20260502,20260502OBWO0,1.0,2026_POSTHOC,V10_SEPARATE_BLOCKS,0.3403207957883439
2026,20260503,20260503HHSS0,1.0,2026_POSTHOC,V10_SEPARATE_BLOCKS,0.6085493327495295
2026,20260503,20260503KTHT0,0.0,2026_POSTHOC,V10_SEPARATE_BLOCKS,0.5091480962687482
2026,20260503,20260503LTSK0,0.0,2026_POSTHOC,V10_SEPARATE_BLOCKS,0.541937709068524
2026,20260503,20260503NCLG0,0.0,2026_POSTHOC,V10_SEPARATE_BLOCKS,0.5676615666420134
2026,20260503,20260503OBWO0,0.0,2026_POSTHOC,V10_SEPARATE_BLOCKS,0.36258150976342457
2026,20260505,20260505HHHT0,1.0,2026_POSTHOC,V10_SEPARATE_BLOCKS,0.593243705314808
2026,20260505,20260505LTKT0,1.0,2026_POSTHOC,V10_SEPARATE_BLOCKS,0.5732330506801904
2026,20260505,20260505OBLG0,1.0,2026_POSTHOC,V10_SEPARATE_BLOCKS,0.49014013520370114
2026,20260505,20260505WOSS0,1.0,2026_POSTHOC,V10_SEPARATE_BLOCKS,0.6332337367705564
2026,20260506,20260506HHHT0,0.0,2026_POSTHOC,V10_SEPARATE_BLOCKS,0.6666992582175031
2026,20260506,20260506LTKT0,0.0,2026_POSTHOC,V10_SEPARATE_BLOCKS,0.5294240203733876
2026,20260506,20260506NCSK0,1.0,2026_POSTHOC,V10_SEPARATE_BLOCKS,0.4794604165748569
2026,20260506,20260506OBLG0,1.0,2026_POSTHOC,V10_SEPARATE_BLOCKS,0.4943473414262921
2026,20260506,20260506WOSS0,1.0,2026_POSTHOC,V10_SEPARATE_BLOCKS,0.6142106661699831
2026,20260507,20260507HHHT0,0.0,2026_POSTHOC,V10_SEPARATE_BLOCKS,0.6908840609238189
2026,20260507,20260507NCSK0,0.0,2026_POSTHOC,V10_SEPARATE_BLOCKS,0.4456846125218592
2026,20260507,20260507OBLG0,0.0,2026_POSTHOC,V10_SEPARATE_BLOCKS,0.5477795635168435
2026,20260507,20260507WOSS0,1.0,2026_POSTHOC,V10_SEPARATE_BLOCKS,0.8281981520214298
2026,20260508,20260508HTLT0,0.0,2026_POSTHOC,V10_SEPARATE_BLOCKS,0.5420012900933411
2026,20260508,20260508KTWO0,0.0,2026_POSTHOC,V10_SEPARATE_BLOCKS,0.32166572308127933
2026,20260508,20260508LGHH0,0.0,2026_POSTHOC,V10_SEPARATE_BLOCKS,0.375921325857374
2026,20260508,20260508SKOB0,0.0,2026_POSTHOC,V10_SEPARATE_BLOCKS,0.5440409827790474
2026,20260508,20260508SSNC0,0.0,2026_POSTHOC,V10_SEPARATE_BLOCKS,0.43376561450330847
2026,20260509,20260509HTLT0,0.0,2026_POSTHOC,V10_SEPARATE_BLOCKS,0.3737814027944456
2026,20260509,20260509LGHH0,1.0,2026_POSTHOC,V10_SEPARATE_BLOCKS,0.4136986163331287
2026,20260509,20260509SKOB0,1.0,2026_POSTHOC,V10_SEPARATE_BLOCKS,0.5165192350076621
2026,20260509,20260509SSNC0,0.0,2026_POSTHOC,V10_SEPARATE_BLOCKS,0.3658785814911177
2026,20260510,20260510HTLT0,1.0,2026_POSTHOC,V10_SEPARATE_BLOCKS,0.5601761914923972
2026,20260510,20260510KTWO0,1.0,2026_POSTHOC,V10_SEPARATE_BLOCKS,0.4327827213732353
2026,20260510,20260510LGHH0,1.0,2026_POSTHOC,V10_SEPARATE_BLOCKS,0.407207349132004
2026,20260510,20260510SKOB0,1.0,2026_POSTHOC,V10_SEPARATE_BLOCKS,0.6440775921968069
2026,20260510,20260510SSNC0,0.0,2026_POSTHOC,V10_SEPARATE_BLOCKS,0.42769879971235364
2026,20260512,20260512HHWO0,0.0,2026_POSTHOC,V10_SEPARATE_BLOCKS,0.35707780617770135
2026,20260512,20260512NCLT0,0.0,2026_POSTHOC,V10_SEPARATE_BLOCKS,0.5154727866229776
2026,20260512,20260512OBHT0,0.0,2026_POSTHOC,V10_SEPARATE_BLOCKS,0.6005700804857559
2026,20260512,20260512SKKT0,0.0,2026_POSTHOC,V10_SEPARATE_BLOCKS,0.5715053053375018
2026,20260512,20260512SSLG0,0.0,2026_POSTHOC,V10_SEPARATE_BLOCKS,0.5146295291720018
2026,20260513,20260513HHWO0,1.0,2026_POSTHOC,V10_SEPARATE_BLOCKS,0.29103865417213426
2026,20260513,20260513NCLT0,1.0,2026_POSTHOC,V10_SEPARATE_BLOCKS,0.528099168354614
2026,20260513,20260513OBHT0,1.0,2026_POSTHOC,V10_SEPARATE_BLOCKS,0.6336266306945837
2026,20260513,20260513SKKT0,1.0,2026_POSTHOC,V10_SEPARATE_BLOCKS,0.5984767141574584
2026,20260513,20260513SSLG0,1.0,2026_POSTHOC,V10_SEPARATE_BLOCKS,0.46762308801396396
2026,20260514,20260514HHWO0,0.0,2026_POSTHOC,V10_SEPARATE_BLOCKS,0.4741863915410592
2026,20260514,20260514NCLT0,0.0,2026_POSTHOC,V10_SEPARATE_BLOCKS,0.5359612337673698
2026,20260514,20260514OBHT0,1.0,2026_POSTHOC,V10_SEPARATE_BLOCKS,0.4603835660472891
2026,20260514,20260514SKKT0,0.0,2026_POSTHOC,V10_SEPARATE_BLOCKS,0.5986088997840214
2026,20260514,20260514SSLG0,0.0,2026_POSTHOC,V10_SEPARATE_BLOCKS,0.5583153632252801
2026,20260515,20260515HHKT0,0.0,2026_POSTHOC,V10_SEPARATE_BLOCKS,0.5171676587851559
2026,20260515,20260515HTSS0,0.0,2026_POSTHOC,V10_SEPARATE_BLOCKS,0.607178773955106
2026,20260515,20260515LGSK0,0.0,2026_POSTHOC,V10_SEPARATE_BLOCKS,0.3978680115768008
2026,20260515,20260515LTOB0,0.0,2026_POSTHOC,V10_SEPARATE_BLOCKS,0.6359807314174033
2026,20260515,20260515WONC0,0.0,2026_POSTHOC,V10_SEPARATE_BLOCKS,0.5060050585803159
2026,20260516,20260516HHKT0,0.0,2026_POSTHOC,V10_SEPARATE_BLOCKS,0.5368734831025362
2026,20260516,20260516HTSS0,1.0,2026_POSTHOC,V10_SEPARATE_BLOCKS,0.6048286836088174
2026,20260516,20260516LGSK0,1.0,2026_POSTHOC,V10_SEPARATE_BLOCKS,0.4857302083780142
2026,20260516,20260516LTOB0,1.0,2026_POSTHOC,V10_SEPARATE_BLOCKS,0.5818889207192971
2026,20260516,20260516WONC0,1.0,2026_POSTHOC,V10_SEPARATE_BLOCKS,0.6204194511056762
2026,20260517,20260517HHKT0,1.0,2026_POSTHOC,V10_SEPARATE_BLOCKS,0.47642096483696306
2026,20260517,20260517HTSS0,0.0,2026_POSTHOC,V10_SEPARATE_BLOCKS,0.6026252761675793
2026,20260517,20260517LGSK0,0.0,2026_POSTHOC,V10_SEPARATE_BLOCKS,0.4819417801573035
2026,20260517,20260517LTOB0,1.0,2026_POSTHOC,V10_SEPARATE_BLOCKS,0.46537489998014603
2026,20260517,20260517WONC0,0.0,2026_POSTHOC,V10_SEPARATE_BLOCKS,0.6114212770287145
2026,20260519,20260519KTSS0,1.0,2026_POSTHOC,V10_SEPARATE_BLOCKS,0.5255706346536603
2026,20260519,20260519LGHT0,1.0,2026_POSTHOC,V10_SEPARATE_BLOCKS,0.563979873446742
2026,20260519,20260519LTHH0,0.0,2026_POSTHOC,V10_SEPARATE_BLOCKS,0.4469678322931607
2026,20260519,20260519NCOB0,1.0,2026_POSTHOC,V10_SEPARATE_BLOCKS,0.5812658676531873
2026,20260519,20260519SKWO0,1.0,2026_POSTHOC,V10_SEPARATE_BLOCKS,0.3522769979644581
2026,20260520,20260520SKWO0,1.0,2026_POSTHOC,V10_SEPARATE_BLOCKS,0.449841029830648
2026,20260521,20260521KTSS0,1.0,2026_POSTHOC,V10_SEPARATE_BLOCKS,0.615618797323749
2026,20260521,20260521LGHT0,0.0,2026_POSTHOC,V10_SEPARATE_BLOCKS,0.597824880814204
2026,20260521,20260521LTHH0,0.0,2026_POSTHOC,V10_SEPARATE_BLOCKS,0.4162935811968515
2026,20260521,20260521NCOB0,1.0,2026_POSTHOC,V10_SEPARATE_BLOCKS,0.5489163111454248
2026,20260521,20260521SKWO0,1.0,2026_POSTHOC,V10_SEPARATE_BLOCKS,0.5180985291987361
2026,20260522,20260522NCKT0,1.0,2026_POSTHOC,V10_SEPARATE_BLOCKS,0.7473453344570037
2026,20260522,20260522OBHH0,1.0,2026_POSTHOC,V10_SEPARATE_BLOCKS,0.41796433993213755
2026,20260522,20260522SKHT0,1.0,2026_POSTHOC,V10_SEPARATE_BLOCKS,0.5852871070437429
2026,20260522,20260522SSLT0,0.0,2026_POSTHOC,V10_SEPARATE_BLOCKS,0.36022600647988223
2026,20260522,20260522WOLG0,0.0,2026_POSTHOC,V10_SEPARATE_BLOCKS,0.5179057585303108
2026,20260523,20260523NCKT0,1.0,2026_POSTHOC,V10_SEPARATE_BLOCKS,0.5427419082616459
2026,20260523,20260523OBHH0,1.0,2026_POSTHOC,V10_SEPARATE_BLOCKS,0.3672028243364734
2026,20260523,20260523SKHT0,1.0,2026_POSTHOC,V10_SEPARATE_BLOCKS,0.5782918181154243
2026,20260523,20260523SSLT0,1.0,2026_POSTHOC,V10_SEPARATE_BLOCKS,0.408245926500977
2026,20260523,20260523WOLG0,1.0,2026_POSTHOC,V10_SEPARATE_BLOCKS,0.6224207681546702
2026,20260524,20260524NCKT0,0.0,2026_POSTHOC,V10_SEPARATE_BLOCKS,0.43140534111720097
2026,20260524,20260524OBHH0,1.0,2026_POSTHOC,V10_SEPARATE_BLOCKS,0.541150972677768
2026,20260524,20260524SKHT0,1.0,2026_POSTHOC,V10_SEPARATE_BLOCKS,0.693457046972523
2026,20260524,20260524SSLT0,0.0,2026_POSTHOC,V10_SEPARATE_BLOCKS,0.5042574364639009
2026,20260524,20260524WOLG0,1.0,2026_POSTHOC,V10_SEPARATE_BLOCKS,0.5700198518843782
2026,20260526,20260526HTWO0,0.0,2026_POSTHOC,V10_SEPARATE_BLOCKS,0.44743854884760026
2026,20260526,20260526KTOB0,0.0,2026_POSTHOC,V10_SEPARATE_BLOCKS,0.4782615485250491
2026,20260526,20260526LGLT0,0.0,2026_POSTHOC,V10_SEPARATE_BLOCKS,0.4799437091634127
2026,20260527,20260527HHNC0,1.0,2026_POSTHOC,V10_SEPARATE_BLOCKS,0.49597083016840576
2026,20260527,20260527HTWO0,0.0,2026_POSTHOC,V10_SEPARATE_BLOCKS,0.4144766083635311
2026,20260527,20260527KTOB0,1.0,2026_POSTHOC,V10_SEPARATE_BLOCKS,0.4270945539762529
2026,20260527,20260527LGLT0,0.0,2026_POSTHOC,V10_SEPARATE_BLOCKS,0.48795111887405507
2026,20260527,20260527SSSK0,0.0,2026_POSTHOC,V10_SEPARATE_BLOCKS,0.2789825225628628
2026,20260528,20260528HHNC0,0.0,2026_POSTHOC,V10_SEPARATE_BLOCKS,0.2924672953464281
2026,20260528,20260528HTWO0,0.0,2026_POSTHOC,V10_SEPARATE_BLOCKS,0.4104390799637209
2026,20260528,20260528KTOB0,0.0,2026_POSTHOC,V10_SEPARATE_BLOCKS,0.5135816967282743
2026,20260528,20260528LGLT0,1.0,2026_POSTHOC,V10_SEPARATE_BLOCKS,0.4971862437957703
2026,20260528,20260528SSSK0,0.0,2026_POSTHOC,V10_SEPARATE_BLOCKS,0.3446250829676989
2026,20260529,20260529HTLG0,1.0,2026_POSTHOC,V10_SEPARATE_BLOCKS,0.5736371732026119
2026,20260529,20260529KTWO0,0.0,2026_POSTHOC,V10_SEPARATE_BLOCKS,0.38042530934783014
2026,20260529,20260529LTNC0,0.0,2026_POSTHOC,V10_SEPARATE_BLOCKS,0.47511936593385107
2026,20260529,20260529OBSS0,0.0,2026_POSTHOC,V10_SEPARATE_BLOCKS,0.5714754323676097
2026,20260529,20260529SKHH0,1.0,2026_POSTHOC,V10_SEPARATE_BLOCKS,0.5885692107327786
2026,20260530,20260530HTLG0,1.0,2026_POSTHOC,V10_SEPARATE_BLOCKS,0.37990900885327783
2026,20260530,20260530KTWO0,0.0,2026_POSTHOC,V10_SEPARATE_BLOCKS,0.41794879315760247
2026,20260530,20260530LTNC0,1.0,2026_POSTHOC,V10_SEPARATE_BLOCKS,0.6378161085179685
2026,20260530,20260530OBSS0,0.0,2026_POSTHOC,V10_SEPARATE_BLOCKS,0.6407010487285012
2026,20260530,20260530SKHH0,1.0,2026_POSTHOC,V10_SEPARATE_BLOCKS,0.626957965793886
2026,20260531,20260531HTLG0,1.0,2026_POSTHOC,V10_SEPARATE_BLOCKS,0.5669175456471243
2026,20260531,20260531KTWO0,0.0,2026_POSTHOC,V10_SEPARATE_BLOCKS,0.3402758171915851
2026,20260531,20260531LTNC0,1.0,2026_POSTHOC,V10_SEPARATE_BLOCKS,0.407652314842106
2026,20260531,20260531OBSS0,1.0,2026_POSTHOC,V10_SEPARATE_BLOCKS,0.49376664825572886
2026,20260531,20260531SKHH0,1.0,2026_POSTHOC,V10_SEPARATE_BLOCKS,0.5753225241840094
2026,20260602,20260602HHOB0,1.0,2026_POSTHOC,V10_SEPARATE_BLOCKS,0.5389103307255593
2026,20260602,20260602LGKT0,0.0,2026_POSTHOC,V10_SEPARATE_BLOCKS,0.47614464820699404
2026,20260602,20260602LTHT0,1.0,2026_POSTHOC,V10_SEPARATE_BLOCKS,0.6145368676163513
2026,20260602,20260602NCSS0,1.0,2026_POSTHOC,V10_SEPARATE_BLOCKS,0.6884117932775242
2026,20260602,20260602WOSK0,0.0,2026_POSTHOC,V10_SEPARATE_BLOCKS,0.5034916129314426
2026,20260603,20260603LGKT0,1.0,2026_POSTHOC,V10_SEPARATE_BLOCKS,0.5924763227401346
2026,20260603,20260603LTHT0,0.0,2026_POSTHOC,V10_SEPARATE_BLOCKS,0.6113314631169349
2026,20260603,20260603NCSS0,0.0,2026_POSTHOC,V10_SEPARATE_BLOCKS,0.7229548038353787
2026,20260603,20260603WOSK0,1.0,2026_POSTHOC,V10_SEPARATE_BLOCKS,0.5374059130318797
2026,20260604,20260604HHOB0,1.0,2026_POSTHOC,V10_SEPARATE_BLOCKS,0.5868487205532167
2026,20260604,20260604LGKT0,0.0,2026_POSTHOC,V10_SEPARATE_BLOCKS,0.43838456236264467
2026,20260604,20260604LTHT0,1.0,2026_POSTHOC,V10_SEPARATE_BLOCKS,0.5219559307282982
2026,20260604,20260604NCSS0,0.0,2026_POSTHOC,V10_SEPARATE_BLOCKS,0.6311072086399871
2026,20260604,20260604WOSK0,1.0,2026_POSTHOC,V10_SEPARATE_BLOCKS,0.5110051569004054
2026,20260605,20260605HHLT0,0.0,2026_POSTHOC,V10_SEPARATE_BLOCKS,0.4159559314208094
2026,20260605,20260605KTSK0,1.0,2026_POSTHOC,V10_SEPARATE_BLOCKS,0.502411498696209
2026,20260605,20260605LGNC0,0.0,2026_POSTHOC,V10_SEPARATE_BLOCKS,0.5375774370262878
2026,20260605,20260605SSHT0,1.0,2026_POSTHOC,V10_SEPARATE_BLOCKS,0.5238498767364151
2026,20260605,20260605WOOB0,1.0,2026_POSTHOC,V10_SEPARATE_BLOCKS,0.5887632787684994
2026,20260606,20260606HHLT0,0.0,2026_POSTHOC,V10_SEPARATE_BLOCKS,0.3889643568956711
2026,20260606,20260606KTSK0,0.0,2026_POSTHOC,V10_SEPARATE_BLOCKS,0.4578437460164211
2026,20260606,20260606LGNC0,1.0,2026_POSTHOC,V10_SEPARATE_BLOCKS,0.36002570096921127
2026,20260606,20260606SSHT0,0.0,2026_POSTHOC,V10_SEPARATE_BLOCKS,0.45320754674612007
2026,20260606,20260606WOOB0,1.0,2026_POSTHOC,V10_SEPARATE_BLOCKS,0.5998427495062003
2026,20260607,20260607HHLT0,0.0,2026_POSTHOC,V10_SEPARATE_BLOCKS,0.5642627855301424
2026,20260607,20260607KTSK0,1.0,2026_POSTHOC,V10_SEPARATE_BLOCKS,0.39004956158478804
2026,20260607,20260607LGNC0,1.0,2026_POSTHOC,V10_SEPARATE_BLOCKS,0.4344404589724031
2026,20260607,20260607SSHT0,1.0,2026_POSTHOC,V10_SEPARATE_BLOCKS,0.6003458710111738
2026,20260607,20260607WOOB0,0.0,2026_POSTHOC,V10_SEPARATE_BLOCKS,0.5421693237830328
2026,20260609,20260609HTHH0,0.0,2026_POSTHOC,V10_SEPARATE_BLOCKS,0.5309749625202932
2026,20260609,20260609NCWO0,1.0,2026_POSTHOC,V10_SEPARATE_BLOCKS,0.5624429549664846
2026,20260609,20260609OBLT0,0.0,2026_POSTHOC,V10_SEPARATE_BLOCKS,0.40285555949757224
2026,20260609,20260609SKLG0,1.0,2026_POSTHOC,V10_SEPARATE_BLOCKS,0.6067495982330092
2026,20260609,20260609SSKT0,1.0,2026_POSTHOC,V10_SEPARATE_BLOCKS,0.5224010320084198
2026,20260610,20260610HTHH0,1.0,2026_POSTHOC,V10_SEPARATE_BLOCKS,0.5097847698379491
2026,20260610,20260610NCWO0,0.0,2026_POSTHOC,V10_SEPARATE_BLOCKS,0.4130177697683533
2026,20260610,20260610OBLT0,1.0,2026_POSTHOC,V10_SEPARATE_BLOCKS,0.3709681862239545
2026,20260610,20260610SKLG0,1.0,2026_POSTHOC,V10_SEPARATE_BLOCKS,0.6945667601357266
2026,20260610,20260610SSKT0,1.0,2026_POSTHOC,V10_SEPARATE_BLOCKS,0.38625429260849714
2026,20260611,20260611HTHH0,1.0,2026_POSTHOC,V10_SEPARATE_BLOCKS,0.47167456760912374
2026,20260611,20260611NCWO0,0.0,2026_POSTHOC,V10_SEPARATE_BLOCKS,0.38407272848191587
2026,20260611,20260611OBLT0,0.0,2026_POSTHOC,V10_SEPARATE_BLOCKS,0.5010197113848338
2026,20260611,20260611SKLG0,1.0,2026_POSTHOC,V10_SEPARATE_BLOCKS,0.516022962407185
2026,20260611,20260611SSKT0,0.0,2026_POSTHOC,V10_SEPARATE_BLOCKS,0.40929457916664075
2026,20260612,20260612HHWO0,1.0,2026_POSTHOC,V10_SEPARATE_BLOCKS,0.36988660950141145
2026,20260612,20260612LTLG0,0.0,2026_POSTHOC,V10_SEPARATE_BLOCKS,0.6356385980089713
2026,20260612,20260612NCKT0,1.0,2026_POSTHOC,V10_SEPARATE_BLOCKS,0.47685992908863073
2026,20260612,20260612OBHT0,0.0,2026_POSTHOC,V10_SEPARATE_BLOCKS,0.4819499815137969
2026,20260612,20260612SKSS0,0.0,2026_POSTHOC,V10_SEPARATE_BLOCKS,0.5954365073468901
2026,20260613,20260613HHWO0,1.0,2026_POSTHOC,V10_SEPARATE_BLOCKS,0.5366034138168964
2026,20260613,20260613LTLG0,1.0,2026_POSTHOC,V10_SEPARATE_BLOCKS,0.6065331295974435
2026,20260613,20260613NCKT0,1.0,2026_POSTHOC,V10_SEPARATE_BLOCKS,0.5643736784616823
2026,20260613,20260613OBHT0,1.0,2026_POSTHOC,V10_SEPARATE_BLOCKS,0.5090534122933562
2026,20260613,20260613SKSS0,1.0,2026_POSTHOC,V10_SEPARATE_BLOCKS,0.639185141394049
2026,20260614,20260614HHWO0,1.0,2026_POSTHOC,V10_SEPARATE_BLOCKS,0.42907835517710874
2026,20260614,20260614LTLG0,1.0,2026_POSTHOC,V10_SEPARATE_BLOCKS,0.5688959939015061
2026,20260614,20260614OBHT0,0.0,2026_POSTHOC,V10_SEPARATE_BLOCKS,0.35655960579495716
2026,20260614,20260614SKSS0,1.0,2026_POSTHOC,V10_SEPARATE_BLOCKS,0.5730390764815468
2026,20260616,20260616HHNC0,1.0,2026_POSTHOC,V10_SEPARATE_BLOCKS,0.45477682518809637
2026,20260616,20260616KTOB0,0.0,2026_POSTHOC,V10_SEPARATE_BLOCKS,0.39974169923438574
2026,20260616,20260616LGHT0,0.0,2026_POSTHOC,V10_SEPARATE_BLOCKS,0.3641537638625598
2026,20260616,20260616LTSK0,0.0,2026_POSTHOC,V10_SEPARATE_BLOCKS,0.4487411076978817
2026,20260616,20260616WOSS0,1.0,2026_POSTHOC,V10_SEPARATE_BLOCKS,0.7027721278296135
2026,20260617,20260617HHNC0,1.0,2026_POSTHOC,V10_SEPARATE_BLOCKS,0.4897869472650022
2026,20260617,20260617KTOB0,0.0,2026_POSTHOC,V10_SEPARATE_BLOCKS,0.4028378192132822
2026,20260617,20260617LGHT0,1.0,2026_POSTHOC,V10_SEPARATE_BLOCKS,0.6095012695504943
2026,20260617,20260617LTSK0,0.0,2026_POSTHOC,V10_SEPARATE_BLOCKS,0.4818173873594137
2026,20260617,20260617WOSS0,1.0,2026_POSTHOC,V10_SEPARATE_BLOCKS,0.6228028371740214
2026,20260618,20260618HHNC0,1.0,2026_POSTHOC,V10_SEPARATE_BLOCKS,0.4551507608024462
2026,20260618,20260618KTOB0,1.0,2026_POSTHOC,V10_SEPARATE_BLOCKS,0.46970098019831
2026,20260618,20260618LGHT0,1.0,2026_POSTHOC,V10_SEPARATE_BLOCKS,0.3680167807399019
2026,20260618,20260618WOSS0,1.0,2026_POSTHOC,V10_SEPARATE_BLOCKS,0.6457072485163976
2026,20260619,20260619HTKT0,0.0,2026_POSTHOC,V10_SEPARATE_BLOCKS,0.4905427105632387
2026,20260619,20260619LTWO0,0.0,2026_POSTHOC,V10_SEPARATE_BLOCKS,0.5870524867316776
2026,20260619,20260619OBLG0,1.0,2026_POSTHOC,V10_SEPARATE_BLOCKS,0.4264238414547397
2026,20260619,20260619SKNC0,1.0,2026_POSTHOC,V10_SEPARATE_BLOCKS,0.495392843379561
2026,20260620,20260620HTKT0,1.0,2026_POSTHOC,V10_SEPARATE_BLOCKS,0.4699395121830261
2026,20260620,20260620LTWO0,0.0,2026_POSTHOC,V10_SEPARATE_BLOCKS,0.45583082081397563
2026,20260620,20260620OBLG0,1.0,2026_POSTHOC,V10_SEPARATE_BLOCKS,0.5258895439207173
2026,20260620,20260620SKNC0,0.0,2026_POSTHOC,V10_SEPARATE_BLOCKS,0.5547579536215023
2026,20260620,20260620SSHH0,1.0,2026_POSTHOC,V10_SEPARATE_BLOCKS,0.48206639301311227
2026,20260621,20260621HTKT0,0.0,2026_POSTHOC,V10_SEPARATE_BLOCKS,0.607588474278967
2026,20260621,20260621LTWO0,0.0,2026_POSTHOC,V10_SEPARATE_BLOCKS,0.38318352099307224
2026,20260621,20260621OBLG0,1.0,2026_POSTHOC,V10_SEPARATE_BLOCKS,0.5285336805726909
2026,20260621,20260621SKNC0,0.0,2026_POSTHOC,V10_SEPARATE_BLOCKS,0.4461119530033796
2026,20260621,20260621SSHH0,0.0,2026_POSTHOC,V10_SEPARATE_BLOCKS,0.4564504297052254
2026,20260623,20260623HTWO0,0.0,2026_POSTHOC,V10_SEPARATE_BLOCKS,0.3483266312975077
2026,20260623,20260623NCLT0,1.0,2026_POSTHOC,V10_SEPARATE_BLOCKS,0.46857077526946866
2026,20260623,20260623OBHH0,1.0,2026_POSTHOC,V10_SEPARATE_BLOCKS,0.5994061455162347
2026,20260623,20260623SKKT0,1.0,2026_POSTHOC,V10_SEPARATE_BLOCKS,0.622724222430906
2026,20260623,20260623SSLG0,1.0,2026_POSTHOC,V10_SEPARATE_BLOCKS,0.4237627624027529
2026,20260624,20260624HTWO0,0.0,2026_POSTHOC,V10_SEPARATE_BLOCKS,0.4279212259739483
2026,20260624,20260624NCLT0,1.0,2026_POSTHOC,V10_SEPARATE_BLOCKS,0.4811445614288263
2026,20260624,20260624OBHH0,0.0,2026_POSTHOC,V10_SEPARATE_BLOCKS,0.45929296835594896
2026,20260624,20260624SKKT0,0.0,2026_POSTHOC,V10_SEPARATE_BLOCKS,0.5981223164681586
2026,20260624,20260624SSLG0,1.0,2026_POSTHOC,V10_SEPARATE_BLOCKS,0.5107608629795783
2026,20260625,20260625HTWO0,0.0,2026_POSTHOC,V10_SEPARATE_BLOCKS,0.4279224013727326
2026,20260625,20260625NCLT0,0.0,2026_POSTHOC,V10_SEPARATE_BLOCKS,0.42802808992354274
2026,20260625,20260625OBHH0,0.0,2026_POSTHOC,V10_SEPARATE_BLOCKS,0.4277369344297619
2026,20260625,20260625SKKT0,1.0,2026_POSTHOC,V10_SEPARATE_BLOCKS,0.5601036955330903
2026,20260625,20260625SSLG0,0.0,2026_POSTHOC,V10_SEPARATE_BLOCKS,0.37031094657257463
2026,20260626,20260626HHSK0,0.0,2026_POSTHOC,V10_SEPARATE_BLOCKS,0.40683569406223563
2026,20260626,20260626HTOB0,1.0,2026_POSTHOC,V10_SEPARATE_BLOCKS,0.622503415978183
2026,20260626,20260626KTSS0,1.0,2026_POSTHOC,V10_SEPARATE_BLOCKS,0.4828026904402047
2026,20260626,20260626LGLT0,1.0,2026_POSTHOC,V10_SEPARATE_BLOCKS,0.41053570142528056
2026,20260626,20260626WONC0,1.0,2026_POSTHOC,V10_SEPARATE_BLOCKS,0.4841357037490944
2026,20260627,20260627HHSK0,0.0,2026_POSTHOC,V10_SEPARATE_BLOCKS,0.38818414177825905
2026,20260627,20260627HTOB0,1.0,2026_POSTHOC,V10_SEPARATE_BLOCKS,0.5472665527193338
2026,20260627,20260627KTSS0,1.0,2026_POSTHOC,V10_SEPARATE_BLOCKS,0.6093096220726477
2026,20260627,20260627LGLT0,0.0,2026_POSTHOC,V10_SEPARATE_BLOCKS,0.3863690875619666
2026,20260627,20260627WONC0,0.0,2026_POSTHOC,V10_SEPARATE_BLOCKS,0.6250041452618742
2026,20260628,20260628HHSK0,0.0,2026_POSTHOC,V10_SEPARATE_BLOCKS,0.3368180969914613
2026,20260628,20260628HTOB0,0.0,2026_POSTHOC,V10_SEPARATE_BLOCKS,0.5747841040087135
2026,20260628,20260628KTSS0,1.0,2026_POSTHOC,V10_SEPARATE_BLOCKS,0.48433028143352136
2026,20260628,20260628LGLT0,1.0,2026_POSTHOC,V10_SEPARATE_BLOCKS,0.5097512809780215
2026,20260628,20260628WONC0,1.0,2026_POSTHOC,V10_SEPARATE_BLOCKS,0.618424361961846
2026,20260630,20260630LGWO0,1.0,2026_POSTHOC,V10_SEPARATE_BLOCKS,0.3245133737342926
2026,20260630,20260630LTOB0,1.0,2026_POSTHOC,V10_SEPARATE_BLOCKS,0.5566459822291342
2026,20260630,20260630SKHT0,1.0,2026_POSTHOC,V10_SEPARATE_BLOCKS,0.661898225266412
2026,20260630,20260630SSNC0,0.0,2026_POSTHOC,V10_SEPARATE_BLOCKS,0.4216502698119399
2026,20260701,20260701KTHH0,0.0,2026_POSTHOC,V10_SEPARATE_BLOCKS,0.4461105594121669
2026,20260701,20260701LGWO0,0.0,2026_POSTHOC,V10_SEPARATE_BLOCKS,0.5725911401583171
2026,20260701,20260701LTOB0,0.0,2026_POSTHOC,V10_SEPARATE_BLOCKS,0.5568568575411645
2026,20260701,20260701SSNC0,1.0,2026_POSTHOC,V10_SEPARATE_BLOCKS,0.35853582916905447
2026,20260702,20260702KTHH0,1.0,2026_POSTHOC,V10_SEPARATE_BLOCKS,0.5250962273503911
2026,20260702,20260702LGWO0,0.0,2026_POSTHOC,V10_SEPARATE_BLOCKS,0.32431336796411
2026,20260702,20260702LTOB0,1.0,2026_POSTHOC,V10_SEPARATE_BLOCKS,0.5686995354910549
2026,20260702,20260702SKHT0,1.0,2026_POSTHOC,V10_SEPARATE_BLOCKS,0.599085100112533
2026,20260702,20260702SSNC0,0.0,2026_POSTHOC,V10_SEPARATE_BLOCKS,0.39644167683354165
2026,20260703,20260703HHLG0,0.0,2026_POSTHOC,V10_SEPARATE_BLOCKS,0.4846108773757105
2026,20260703,20260703LTKT0,0.0,2026_POSTHOC,V10_SEPARATE_BLOCKS,0.48597513797302816
2026,20260703,20260703NCHT0,0.0,2026_POSTHOC,V10_SEPARATE_BLOCKS,0.4696038511564505
2026,20260703,20260703OBWO0,1.0,2026_POSTHOC,V10_SEPARATE_BLOCKS,0.34277522504808483
2026,20260703,20260703SSSK0,0.0,2026_POSTHOC,V10_SEPARATE_BLOCKS,0.3305507113780978
2026,20260704,20260704HHLG0,1.0,2026_POSTHOC,V10_SEPARATE_BLOCKS,0.4411956941846142
2026,20260704,20260704LTKT0,0.0,2026_POSTHOC,V10_SEPARATE_BLOCKS,0.4882841818905031
2026,20260704,20260704NCHT0,0.0,2026_POSTHOC,V10_SEPARATE_BLOCKS,0.4370657710877808
2026,20260704,20260704OBWO0,0.0,2026_POSTHOC,V10_SEPARATE_BLOCKS,0.42370394567938396
2026,20260704,20260704SSSK0,0.0,2026_POSTHOC,V10_SEPARATE_BLOCKS,0.3519451447155019
2026,20260705,20260705LTKT0,1.0,2026_POSTHOC,V10_SEPARATE_BLOCKS,0.4662435268422894
2026,20260705,20260705OBWO0,0.0,2026_POSTHOC,V10_SEPARATE_BLOCKS,0.28533658851739946
2026,20260705,20260705SSSK0,0.0,2026_POSTHOC,V10_SEPARATE_BLOCKS,0.41403522003592336
2026,20260707,20260707HTLT0,1.0,2026_POSTHOC,V10_SEPARATE_BLOCKS,0.5579331295920347
2026,20260707,20260707LGSS0,1.0,2026_POSTHOC,V10_SEPARATE_BLOCKS,0.5484645900701748
2026,20260707,20260707NCHH0,0.0,2026_POSTHOC,V10_SEPARATE_BLOCKS,0.48794056631541544
2026,20260707,20260707SKOB0,0.0,2026_POSTHOC,V10_SEPARATE_BLOCKS,0.6294348799744149
2026,20260707,20260707WOKT0,1.0,2026_POSTHOC,V10_SEPARATE_BLOCKS,0.5850864415111418
2026,20260708,20260708HTLT0,1.0,2026_POSTHOC,V10_SEPARATE_BLOCKS,0.45379010298380773
2026,20260708,20260708LGSS0,0.0,2026_POSTHOC,V10_SEPARATE_BLOCKS,0.5247986379683363
2026,20260708,20260708SKOB0,1.0,2026_POSTHOC,V10_SEPARATE_BLOCKS,0.7537481134673174
2026,20260708,20260708WOKT0,1.0,2026_POSTHOC,V10_SEPARATE_BLOCKS,0.5674766785067165
2026,20260709,20260709HTLT0,0.0,2026_POSTHOC,V10_SEPARATE_BLOCKS,0.5274619159484827
2026,20260709,20260709LGSS0,1.0,2026_POSTHOC,V10_SEPARATE_BLOCKS,0.5280793437162874
2026,20260709,20260709NCHH0,1.0,2026_POSTHOC,V10_SEPARATE_BLOCKS,0.49500622848351217
2026,20260709,20260709SKOB0,1.0,2026_POSTHOC,V10_SEPARATE_BLOCKS,0.6214875030070867
